0 verbose cli C:\Program Files\nodejs\node.exe C:\Program Files\nodejs\node_modules\npm\bin\npm-cli.js
1 info using npm@11.6.2
2 info using node@v24.11.1
3 silly config load:file:C:\Program Files\nodejs\node_modules\npm\npmrc
4 silly config load:file:C:\Users\HP\OneDrive\Documents\GitHub\ICTD Lab\.npmrc
5 silly config load:file:C:\Users\HP\.npmrc
6 silly config load:file:C:\Users\HP\AppData\Roaming\npm\etc\npmrc
7 verbose title npm install
8 verbose argv "install" "--cache" ".npm-cache"
9 verbose logfile logs-max:10 dir:C:\Users\HP\OneDrive\Documents\GitHub\ICTD Lab\.npm-cache\_logs\2026-05-29T08_02_30_675Z-
10 verbose logfile C:\Users\HP\OneDrive\Documents\GitHub\ICTD Lab\.npm-cache\_logs\2026-05-29T08_02_30_675Z-debug-0.log
11 silly logfile done cleaning log files
12 silly packumentCache heap:4496293888 maxSize:1124073472 maxEntrySize:562036736
13 silly idealTree buildDeps
14 silly reify mark retired [
14 silly reify   'C:\\Users\\HP\\OneDrive\\Documents\\GitHub\\ICTD Lab\\node_modules\\acorn'
14 silly reify ]
15 silly reify mark retired [
15 silly reify   'C:\\Users\\HP\\OneDrive\\Documents\\GitHub\\ICTD Lab\\node_modules\\adler-32'
15 silly reify ]
16 silly reify mark retired [
16 silly reify   'C:\\Users\\HP\\OneDrive\\Documents\\GitHub\\ICTD Lab\\node_modules\\acorn-walk'
16 silly reify ]
17 silly reify mark retired [
17 silly reify   'C:\\Users\\HP\\OneDrive\\Documents\\GitHub\\ICTD Lab\\node_modules\\arg'
17 silly reify ]
18 silly reify mark retired [
18 silly reify   'C:\\Users\\HP\\OneDrive\\Documents\\GitHub\\ICTD Lab\\node_modules\\append-field'
18 silly reify ]
19 silly reify mark retired [
19 silly reify   'C:\\Users\\HP\\OneDrive\\Documents\\GitHub\\ICTD Lab\\node_modules\\aws-ssl-profiles'
19 silly reify ]
20 silly reify mark retired [
20 silly reify   'C:\\Users\\HP\\OneDrive\\Documents\\GitHub\\ICTD Lab\\node_modules\\axios'
20 silly reify ]
21 silly reify mark retired [
21 silly reify   'C:\\Users\\HP\\OneDrive\\Documents\\GitHub\\ICTD Lab\\node_modules\\bcryptjs'
21 silly reify ]
22 silly reify mark retired [
22 silly reify   'C:\\Users\\HP\\OneDrive\\Documents\\GitHub\\ICTD Lab\\node_modules\\c12'
22 silly reify ]
23 silly reify mark retired [
23 silly reify   'C:\\Users\\HP\\OneDrive\\Documents\\GitHub\\ICTD Lab\\node_modules\\chevrotain'
23 silly reify ]
24 silly reify mark retired [
24 silly reify   'C:\\Users\\HP\\OneDrive\\Documents\\GitHub\\ICTD Lab\\node_modules\\cfb'
24 silly reify ]
25 silly reify mark retired [
25 silly reify   'C:\\Users\\HP\\OneDrive\\Documents\\GitHub\\ICTD Lab\\node_modules\\citty'
25 silly reify ]
26 silly reify mark retired [
26 silly reify   'C:\\Users\\HP\\OneDrive\\Documents\\GitHub\\ICTD Lab\\node_modules\\cloudinary'
26 silly reify ]
27 silly reify mark retired [
27 silly reify   'C:\\Users\\HP\\OneDrive\\Documents\\GitHub\\ICTD Lab\\node_modules\\cloudinary-core'
27 silly reify ]
28 silly reify mark retired [
28 silly reify   'C:\\Users\\HP\\OneDrive\\Documents\\GitHub\\ICTD Lab\\node_modules\\codepage'
28 silly reify ]
29 silly reify mark retired [
29 silly reify   'C:\\Users\\HP\\OneDrive\\Documents\\GitHub\\ICTD Lab\\node_modules\\concat-stream'
29 silly reify ]
30 silly reify mark retired [
30 silly reify   'C:\\Users\\HP\\OneDrive\\Documents\\GitHub\\ICTD Lab\\node_modules\\confbox'
30 silly reify ]
31 silly reify mark retired [
31 silly reify   'C:\\Users\\HP\\OneDrive\\Documents\\GitHub\\ICTD Lab\\node_modules\\content-disposition'
31 silly reify ]
32 silly reify mark retired [
32 silly reify   'C:\\Users\\HP\\OneDrive\\Documents\\GitHub\\ICTD Lab\\node_modules\\cookie-parser'
32 silly reify ]
33 silly reify mark retired [
33 silly reify   'C:\\Users\\HP\\OneDrive\\Documents\\GitHub\\ICTD Lab\\node_modules\\core-js'
33 silly reify ]
34 silly reify mark retired [
34 silly reify   'C:\\Users\\HP\\OneDrive\\Documents\\GitHub\\ICTD Lab\\node_modules\\crc-32'
34 silly reify ]
35 silly reify mark retired [
35 silly reify   'C:\\Users\\HP\\OneDrive\\Documents\\GitHub\\ICTD Lab\\node_modules\\deepmerge-ts'
35 silly reify ]
36 silly reify mark retired [
36 silly reify   'C:\\Users\\HP\\OneDrive\\Documents\\GitHub\\ICTD Lab\\node_modules\\defu'
36 silly reify ]
37 silly reify mark retired [
37 silly reify   'C:\\Users\\HP\\OneDrive\\Documents\\GitHub\\ICTD Lab\\node_modules\\denque'
37 silly reify ]
38 silly reify mark retired [
38 silly reify   'C:\\Users\\HP\\OneDrive\\Documents\\GitHub\\ICTD Lab\\node_modules\\detect-europe-js'
38 silly reify ]
39 silly reify mark retired [
39 silly reify   'C:\\Users\\HP\\OneDrive\\Documents\\GitHub\\ICTD Lab\\node_modules\\diff'
39 silly reify ]
40 silly reify mark retired [
40 silly reify   'C:\\Users\\HP\\OneDrive\\Documents\\GitHub\\ICTD Lab\\node_modules\\destr'
40 silly reify ]
41 silly reify mark retired [
41 silly reify   'C:\\Users\\HP\\OneDrive\\Documents\\GitHub\\ICTD Lab\\node_modules\\discontinuous-range'
41 silly reify ]
42 silly reify mark retired [
42 silly reify   'C:\\Users\\HP\\OneDrive\\Documents\\GitHub\\ICTD Lab\\node_modules\\dotenv'
42 silly reify ]
43 silly reify mark retired [
43 silly reify   'C:\\Users\\HP\\OneDrive\\Documents\\GitHub\\ICTD Lab\\node_modules\\dynamic-dedupe'
43 silly reify ]
44 silly reify mark retired [
44 silly reify   'C:\\Users\\HP\\OneDrive\\Documents\\GitHub\\ICTD Lab\\node_modules\\effect'
44 silly reify ]
45 silly reify mark retired [
45 silly reify   'C:\\Users\\HP\\OneDrive\\Documents\\GitHub\\ICTD Lab\\node_modules\\empathic'
45 silly reify ]
46 silly reify mark retired [
46 silly reify   'C:\\Users\\HP\\OneDrive\\Documents\\GitHub\\ICTD Lab\\node_modules\\esbuild'
46 silly reify ]
47 silly reify mark retired [
47 silly reify   'C:\\Users\\HP\\OneDrive\\Documents\\GitHub\\ICTD Lab\\node_modules\\exsolve'
47 silly reify ]
48 silly reify mark retired [
48 silly reify   'C:\\Users\\HP\\OneDrive\\Documents\\GitHub\\ICTD Lab\\node_modules\\fast-check'
48 silly reify ]
49 silly reify mark retired [
49 silly reify   'C:\\Users\\HP\\OneDrive\\Documents\\GitHub\\ICTD Lab\\node_modules\\fast-xml-parser'
49 silly reify ]
50 silly reify mark retired [
50 silly reify   'C:\\Users\\HP\\OneDrive\\Documents\\GitHub\\ICTD Lab\\node_modules\\frac'
50 silly reify ]
51 silly reify mark retired [
51 silly reify   'C:\\Users\\HP\\OneDrive\\Documents\\GitHub\\ICTD Lab\\node_modules\\generate-function'
51 silly reify ]
52 silly reify mark retired [
52 silly reify   'C:\\Users\\HP\\OneDrive\\Documents\\GitHub\\ICTD Lab\\node_modules\\get-port-please'
52 silly reify ]
53 silly reify mark retired [
53 silly reify   'C:\\Users\\HP\\OneDrive\\Documents\\GitHub\\ICTD Lab\\node_modules\\giget'
53 silly reify ]
54 silly reify mark retired [
54 silly reify   'C:\\Users\\HP\\OneDrive\\Documents\\GitHub\\ICTD Lab\\node_modules\\grammex'
54 silly reify ]
55 silly reify mark retired [
55 silly reify   'C:\\Users\\HP\\OneDrive\\Documents\\GitHub\\ICTD Lab\\node_modules\\graphmatch'
55 silly reify ]
56 silly reify mark retired [
56 silly reify   'C:\\Users\\HP\\OneDrive\\Documents\\GitHub\\ICTD Lab\\node_modules\\hono'
56 silly reify ]
57 silly reify mark retired [
57 silly reify   'C:\\Users\\HP\\OneDrive\\Documents\\GitHub\\ICTD Lab\\node_modules\\http-status-codes'
57 silly reify ]
58 silly reify mark retired [
58 silly reify   'C:\\Users\\HP\\OneDrive\\Documents\\GitHub\\ICTD Lab\\node_modules\\ignore-by-default'
58 silly reify ]
59 silly reify mark retired [
59 silly reify   'C:\\Users\\HP\\OneDrive\\Documents\\GitHub\\ICTD Lab\\node_modules\\is-property'
59 silly reify ]
60 silly reify mark retired [
60 silly reify   'C:\\Users\\HP\\OneDrive\\Documents\\GitHub\\ICTD Lab\\node_modules\\is-standalone-pwa'
60 silly reify ]
61 silly reify mark retired [
61 silly reify   'C:\\Users\\HP\\OneDrive\\Documents\\GitHub\\ICTD Lab\\node_modules\\jiti'
61 silly reify ]
62 silly reify mark retired [
62 silly reify   'C:\\Users\\HP\\OneDrive\\Documents\\GitHub\\ICTD Lab\\node_modules\\lru.min'
62 silly reify ]
63 silly reify mark retired [
63 silly reify   'C:\\Users\\HP\\OneDrive\\Documents\\GitHub\\ICTD Lab\\node_modules\\mkdirp'
63 silly reify ]
64 silly reify mark retired [
64 silly reify   'C:\\Users\\HP\\OneDrive\\Documents\\GitHub\\ICTD Lab\\node_modules\\moo'
64 silly reify ]
65 silly reify mark retired [
65 silly reify   'C:\\Users\\HP\\OneDrive\\Documents\\GitHub\\ICTD Lab\\node_modules\\multer-storage-cloudinary'
65 silly reify ]
66 silly reify mark retired [
66 silly reify   'C:\\Users\\HP\\OneDrive\\Documents\\GitHub\\ICTD Lab\\node_modules\\multer'
66 silly reify ]
67 silly reify mark retired [
67 silly reify   'C:\\Users\\HP\\OneDrive\\Documents\\GitHub\\ICTD Lab\\node_modules\\mysql2'
67 silly reify ]
68 silly reify mark retired [
68 silly reify   'C:\\Users\\HP\\OneDrive\\Documents\\GitHub\\ICTD Lab\\node_modules\\named-placeholders'
68 silly reify ]
69 silly reify mark retired [
69 silly reify   'C:\\Users\\HP\\OneDrive\\Documents\\GitHub\\ICTD Lab\\node_modules\\nearley'
69 silly reify ]
70 silly reify mark retired [
70 silly reify   'C:\\Users\\HP\\OneDrive\\Documents\\GitHub\\ICTD Lab\\node_modules\\node-fetch-native'
70 silly reify ]
71 silly reify mark retired [
71 silly reify   'C:\\Users\\HP\\OneDrive\\Documents\\GitHub\\ICTD Lab\\node_modules\\nodemailer'
71 silly reify ]
72 silly reify mark retired [
72 silly reify   'C:\\Users\\HP\\OneDrive\\Documents\\GitHub\\ICTD Lab\\node_modules\\nodemon'
72 silly reify ]
73 silly reify mark retired [
73 silly reify   'C:\\Users\\HP\\OneDrive\\Documents\\GitHub\\ICTD Lab\\node_modules\\nypm'
73 silly reify ]
74 silly reify mark retired [
74 silly reify   'C:\\Users\\HP\\OneDrive\\Documents\\GitHub\\ICTD Lab\\node_modules\\ohash'
74 silly reify ]
75 silly reify mark retired [
75 silly reify   'C:\\Users\\HP\\OneDrive\\Documents\\GitHub\\ICTD Lab\\node_modules\\pathe'
75 silly reify ]
76 silly reify mark retired [
76 silly reify   'C:\\Users\\HP\\OneDrive\\Documents\\GitHub\\ICTD Lab\\node_modules\\perfect-debounce'
76 silly reify ]
77 silly reify mark retired [
77 silly reify   'C:\\Users\\HP\\OneDrive\\Documents\\GitHub\\ICTD Lab\\node_modules\\pg'
77 silly reify ]
78 silly reify mark retired [
78 silly reify   'C:\\Users\\HP\\OneDrive\\Documents\\GitHub\\ICTD Lab\\node_modules\\pg-cloudflare'
78 silly reify ]
79 silly reify mark retired [
79 silly reify   'C:\\Users\\HP\\OneDrive\\Documents\\GitHub\\ICTD Lab\\node_modules\\pg-connection-string'
79 silly reify ]
80 silly reify mark retired [
80 silly reify   'C:\\Users\\HP\\OneDrive\\Documents\\GitHub\\ICTD Lab\\node_modules\\pg-pool'
80 silly reify ]
81 silly reify mark retired [
81 silly reify   'C:\\Users\\HP\\OneDrive\\Documents\\GitHub\\ICTD Lab\\node_modules\\pgpass'
81 silly reify ]
82 silly reify mark retired [
82 silly reify   'C:\\Users\\HP\\OneDrive\\Documents\\GitHub\\ICTD Lab\\node_modules\\pkg-types'
82 silly reify ]
83 silly reify mark retired [
83 silly reify   'C:\\Users\\HP\\OneDrive\\Documents\\GitHub\\ICTD Lab\\node_modules\\postgres'
83 silly reify ]
84 silly reify mark retired [
84 silly reify   'C:\\Users\\HP\\OneDrive\\Documents\\GitHub\\ICTD Lab\\node_modules\\prisma'
84 silly reify ]
85 silly reify mark retired [
85 silly reify   'C:\\Users\\HP\\OneDrive\\Documents\\GitHub\\ICTD Lab\\node_modules\\proper-lockfile'
85 silly reify ]
86 silly reify mark retired [
86 silly reify   'C:\\Users\\HP\\OneDrive\\Documents\\GitHub\\ICTD Lab\\node_modules\\pstree.remy'
86 silly reify ]
87 silly reify mark retired [
87 silly reify   'C:\\Users\\HP\\OneDrive\\Documents\\GitHub\\ICTD Lab\\node_modules\\pure-rand'
87 silly reify ]
88 silly reify mark retired [
88 silly reify   'C:\\Users\\HP\\OneDrive\\Documents\\GitHub\\ICTD Lab\\node_modules\\railroad-diagrams'
88 silly reify ]
89 silly reify mark retired [
89 silly reify   'C:\\Users\\HP\\OneDrive\\Documents\\GitHub\\ICTD Lab\\node_modules\\randexp'
89 silly reify ]
90 silly reify mark retired [
90 silly reify   'C:\\Users\\HP\\OneDrive\\Documents\\GitHub\\ICTD Lab\\node_modules\\rc9'
90 silly reify ]
91 silly reify mark retired [
91 silly reify   'C:\\Users\\HP\\OneDrive\\Documents\\GitHub\\ICTD Lab\\node_modules\\regexp-to-ast'
91 silly reify ]
92 silly reify mark retired [
92 silly reify   'C:\\Users\\HP\\OneDrive\\Documents\\GitHub\\ICTD Lab\\node_modules\\remeda'
92 silly reify ]
93 silly reify mark retired [
93 silly reify   'C:\\Users\\HP\\OneDrive\\Documents\\GitHub\\ICTD Lab\\node_modules\\resolve'
93 silly reify ]
94 silly reify mark retired [
94 silly reify   'C:\\Users\\HP\\OneDrive\\Documents\\GitHub\\ICTD Lab\\node_modules\\ret'
94 silly reify ]
95 silly reify mark retired [
95 silly reify   'C:\\Users\\HP\\OneDrive\\Documents\\GitHub\\ICTD Lab\\node_modules\\retry'
95 silly reify ]
96 silly reify mark retired [
96 silly reify   'C:\\Users\\HP\\OneDrive\\Documents\\GitHub\\ICTD Lab\\node_modules\\rimraf'
96 silly reify ]
97 silly reify mark retired [
97 silly reify   'C:\\Users\\HP\\OneDrive\\Documents\\GitHub\\ICTD Lab\\node_modules\\semver'
97 silly reify ]
98 silly reify mark retired [
98 silly reify   'C:\\Users\\HP\\OneDrive\\Documents\\GitHub\\ICTD Lab\\node_modules\\seq-queue'
98 silly reify ]
99 silly reify mark retired [
99 silly reify   'C:\\Users\\HP\\OneDrive\\Documents\\GitHub\\ICTD Lab\\node_modules\\simple-update-notifier'
99 silly reify ]
100 silly reify mark retired [
100 silly reify   'C:\\Users\\HP\\OneDrive\\Documents\\GitHub\\ICTD Lab\\node_modules\\split2'
100 silly reify ]
101 silly reify mark retired [
101 silly reify   'C:\\Users\\HP\\OneDrive\\Documents\\GitHub\\ICTD Lab\\node_modules\\sql-formatter'
101 silly reify ]
102 silly reify mark retired [
102 silly reify   'C:\\Users\\HP\\OneDrive\\Documents\\GitHub\\ICTD Lab\\node_modules\\sqlstring'
102 silly reify ]
103 silly reify mark retired [
103 silly reify   'C:\\Users\\HP\\OneDrive\\Documents\\GitHub\\ICTD Lab\\node_modules\\ssf'
103 silly reify ]
104 silly reify mark retired [
104 silly reify   'C:\\Users\\HP\\OneDrive\\Documents\\GitHub\\ICTD Lab\\node_modules\\std-env'
104 silly reify ]
105 silly reify mark retired [
105 silly reify   'C:\\Users\\HP\\OneDrive\\Documents\\GitHub\\ICTD Lab\\node_modules\\strip-json-comments'
105 silly reify ]
106 silly reify mark retired [
106 silly reify   'C:\\Users\\HP\\OneDrive\\Documents\\GitHub\\ICTD Lab\\node_modules\\strnum'
106 silly reify ]
107 silly reify mark retired [
107 silly reify   'C:\\Users\\HP\\OneDrive\\Documents\\GitHub\\ICTD Lab\\node_modules\\tinyexec'
107 silly reify ]
108 silly reify mark retired [
108 silly reify   'C:\\Users\\HP\\OneDrive\\Documents\\GitHub\\ICTD Lab\\node_modules\\touch'
108 silly reify ]
109 silly reify mark retired [
109 silly reify   'C:\\Users\\HP\\OneDrive\\Documents\\GitHub\\ICTD Lab\\node_modules\\tree-kill'
109 silly reify ]
110 silly reify mark retired [
110 silly reify   'C:\\Users\\HP\\OneDrive\\Documents\\GitHub\\ICTD Lab\\node_modules\\ts-node'
110 silly reify ]
111 silly reify mark retired [
111 silly reify   'C:\\Users\\HP\\OneDrive\\Documents\\GitHub\\ICTD Lab\\node_modules\\ts-node-dev'
111 silly reify ]
112 silly reify mark retired [
112 silly reify   'C:\\Users\\HP\\OneDrive\\Documents\\GitHub\\ICTD Lab\\node_modules\\tsconfig'
112 silly reify ]
113 silly reify mark retired [
113 silly reify   'C:\\Users\\HP\\OneDrive\\Documents\\GitHub\\ICTD Lab\\node_modules\\tsx'
113 silly reify ]
114 silly reify mark retired [
114 silly reify   'C:\\Users\\HP\\OneDrive\\Documents\\GitHub\\ICTD Lab\\node_modules\\type-is'
114 silly reify ]
115 silly reify mark retired [
115 silly reify   'C:\\Users\\HP\\OneDrive\\Documents\\GitHub\\ICTD Lab\\node_modules\\typedarray'
115 silly reify ]
116 silly reify mark retired [
116 silly reify   'C:\\Users\\HP\\OneDrive\\Documents\\GitHub\\ICTD Lab\\node_modules\\typescript'
116 silly reify ]
117 silly reify mark retired [
117 silly reify   'C:\\Users\\HP\\OneDrive\\Documents\\GitHub\\ICTD Lab\\node_modules\\ua-is-frozen'
117 silly reify ]
118 silly reify mark retired [
118 silly reify   'C:\\Users\\HP\\OneDrive\\Documents\\GitHub\\ICTD Lab\\node_modules\\ua-parser-js'
118 silly reify ]
119 silly reify mark retired [
119 silly reify   'C:\\Users\\HP\\OneDrive\\Documents\\GitHub\\ICTD Lab\\node_modules\\undefsafe'
119 silly reify ]
120 silly reify mark retired [
120 silly reify   'C:\\Users\\HP\\OneDrive\\Documents\\GitHub\\ICTD Lab\\node_modules\\uuid'
120 silly reify ]
121 silly reify mark retired [
121 silly reify   'C:\\Users\\HP\\OneDrive\\Documents\\GitHub\\ICTD Lab\\node_modules\\valibot'
121 silly reify ]
122 silly reify mark retired [
122 silly reify   'C:\\Users\\HP\\OneDrive\\Documents\\GitHub\\ICTD Lab\\node_modules\\which'
122 silly reify ]
123 silly reify mark retired [
123 silly reify   'C:\\Users\\HP\\OneDrive\\Documents\\GitHub\\ICTD Lab\\node_modules\\winston'
123 silly reify ]
124 silly reify mark retired [
124 silly reify   'C:\\Users\\HP\\OneDrive\\Documents\\GitHub\\ICTD Lab\\node_modules\\wmf'
124 silly reify ]
125 silly reify mark retired [
125 silly reify   'C:\\Users\\HP\\OneDrive\\Documents\\GitHub\\ICTD Lab\\node_modules\\word'
125 silly reify ]
126 silly reify mark retired [
126 silly reify   'C:\\Users\\HP\\OneDrive\\Documents\\GitHub\\ICTD Lab\\node_modules\\xlsx'
126 silly reify ]
127 silly reify mark retired [
127 silly reify   'C:\\Users\\HP\\OneDrive\\Documents\\GitHub\\ICTD Lab\\node_modules\\zeptomatch'
127 silly reify ]
128 silly reify mark retired [
128 silly reify   'C:\\Users\\HP\\OneDrive\\Documents\\GitHub\\ICTD Lab\\node_modules\\@aws\\lambda-invoke-store'
128 silly reify ]
129 silly reify mark retired [
129 silly reify   'C:\\Users\\HP\\OneDrive\\Documents\\GitHub\\ICTD Lab\\node_modules\\@aws-sdk\\client-sesv2'
129 silly reify ]
130 silly reify mark retired [
130 silly reify   'C:\\Users\\HP\\OneDrive\\Documents\\GitHub\\ICTD Lab\\node_modules\\@aws-sdk\\client-sso'
130 silly reify ]
131 silly reify mark retired [
131 silly reify   'C:\\Users\\HP\\OneDrive\\Documents\\GitHub\\ICTD Lab\\node_modules\\@aws-sdk\\core'
131 silly reify ]
132 silly reify mark retired [
132 silly reify   'C:\\Users\\HP\\OneDrive\\Documents\\GitHub\\ICTD Lab\\node_modules\\@aws-sdk\\credential-provider-env'
132 silly reify ]
133 silly reify mark retired [
133 silly reify   'C:\\Users\\HP\\OneDrive\\Documents\\GitHub\\ICTD Lab\\node_modules\\@aws-sdk\\credential-provider-http'
133 silly reify ]
134 silly reify mark retired [
134 silly reify   'C:\\Users\\HP\\OneDrive\\Documents\\GitHub\\ICTD Lab\\node_modules\\@aws-sdk\\credential-provider-ini'
134 silly reify ]
135 silly reify mark retired [
135 silly reify   'C:\\Users\\HP\\OneDrive\\Documents\\GitHub\\ICTD Lab\\node_modules\\@aws-sdk\\credential-provider-login'
135 silly reify ]
136 silly reify mark retired [
136 silly reify   'C:\\Users\\HP\\OneDrive\\Documents\\GitHub\\ICTD Lab\\node_modules\\@aws-sdk\\credential-provider-node'
136 silly reify ]
137 silly reify mark retired [
137 silly reify   'C:\\Users\\HP\\OneDrive\\Documents\\GitHub\\ICTD Lab\\node_modules\\@aws-sdk\\credential-provider-process'
137 silly reify ]
138 silly reify mark retired [
138 silly reify   'C:\\Users\\HP\\OneDrive\\Documents\\GitHub\\ICTD Lab\\node_modules\\@aws-sdk\\credential-provider-sso'
138 silly reify ]
139 silly reify mark retired [
139 silly reify   'C:\\Users\\HP\\OneDrive\\Documents\\GitHub\\ICTD Lab\\node_modules\\@aws-sdk\\credential-provider-web-identity'
139 silly reify ]
140 silly reify mark retired [
140 silly reify   'C:\\Users\\HP\\OneDrive\\Documents\\GitHub\\ICTD Lab\\node_modules\\@aws-sdk\\middleware-host-header'
140 silly reify ]
141 silly reify mark retired [
141 silly reify   'C:\\Users\\HP\\OneDrive\\Documents\\GitHub\\ICTD Lab\\node_modules\\@aws-sdk\\middleware-logger'
141 silly reify ]
142 silly reify mark retired [
142 silly reify   'C:\\Users\\HP\\OneDrive\\Documents\\GitHub\\ICTD Lab\\node_modules\\@aws-sdk\\middleware-recursion-detection'
142 silly reify ]
143 silly reify mark retired [
143 silly reify   'C:\\Users\\HP\\OneDrive\\Documents\\GitHub\\ICTD Lab\\node_modules\\@aws-sdk\\middleware-sdk-s3'
143 silly reify ]
144 silly reify mark retired [
144 silly reify   'C:\\Users\\HP\\OneDrive\\Documents\\GitHub\\ICTD Lab\\node_modules\\@aws-sdk\\middleware-user-agent'
144 silly reify ]
145 silly reify mark retired [
145 silly reify   'C:\\Users\\HP\\OneDrive\\Documents\\GitHub\\ICTD Lab\\node_modules\\@aws-sdk\\nested-clients'
145 silly reify ]
146 silly reify mark retired [
146 silly reify   'C:\\Users\\HP\\OneDrive\\Documents\\GitHub\\ICTD Lab\\node_modules\\@aws-sdk\\region-config-resolver'
146 silly reify ]
147 silly reify mark retired [
147 silly reify   'C:\\Users\\HP\\OneDrive\\Documents\\GitHub\\ICTD Lab\\node_modules\\@aws-sdk\\signature-v4-multi-region'
147 silly reify ]
148 silly reify mark retired [
148 silly reify   'C:\\Users\\HP\\OneDrive\\Documents\\GitHub\\ICTD Lab\\node_modules\\@aws-sdk\\token-providers'
148 silly reify ]
149 silly reify mark retired [
149 silly reify   'C:\\Users\\HP\\OneDrive\\Documents\\GitHub\\ICTD Lab\\node_modules\\@aws-sdk\\types'
149 silly reify ]
150 silly reify mark retired [
150 silly reify   'C:\\Users\\HP\\OneDrive\\Documents\\GitHub\\ICTD Lab\\node_modules\\@aws-sdk\\util-arn-parser'
150 silly reify ]
151 silly reify mark retired [
151 silly reify   'C:\\Users\\HP\\OneDrive\\Documents\\GitHub\\ICTD Lab\\node_modules\\@aws-sdk\\util-endpoints'
151 silly reify ]
152 silly reify mark retired [
152 silly reify   'C:\\Users\\HP\\OneDrive\\Documents\\GitHub\\ICTD Lab\\node_modules\\@aws-sdk\\util-locate-window'
152 silly reify ]
153 silly reify mark retired [
153 silly reify   'C:\\Users\\HP\\OneDrive\\Documents\\GitHub\\ICTD Lab\\node_modules\\@aws-sdk\\util-user-agent-browser'
153 silly reify ]
154 silly reify mark retired [
154 silly reify   'C:\\Users\\HP\\OneDrive\\Documents\\GitHub\\ICTD Lab\\node_modules\\@aws-sdk\\util-user-agent-node'
154 silly reify ]
155 silly reify mark retired [
155 silly reify   'C:\\Users\\HP\\OneDrive\\Documents\\GitHub\\ICTD Lab\\node_modules\\@aws-sdk\\xml-builder'
155 silly reify ]
156 silly reify mark retired [
156 silly reify   'C:\\Users\\HP\\OneDrive\\Documents\\GitHub\\ICTD Lab\\node_modules\\@chevrotain\\cst-dts-gen'
156 silly reify ]
157 silly reify mark retired [
157 silly reify   'C:\\Users\\HP\\OneDrive\\Documents\\GitHub\\ICTD Lab\\node_modules\\@chevrotain\\gast'
157 silly reify ]
158 silly reify mark retired [
158 silly reify   'C:\\Users\\HP\\OneDrive\\Documents\\GitHub\\ICTD Lab\\node_modules\\@chevrotain\\types'
158 silly reify ]
159 silly reify mark retired [
159 silly reify   'C:\\Users\\HP\\OneDrive\\Documents\\GitHub\\ICTD Lab\\node_modules\\@chevrotain\\utils'
159 silly reify ]
160 silly reify mark retired [
160 silly reify   'C:\\Users\\HP\\OneDrive\\Documents\\GitHub\\ICTD Lab\\node_modules\\@electric-sql\\pglite'
160 silly reify ]
161 silly reify mark retired [
161 silly reify   'C:\\Users\\HP\\OneDrive\\Documents\\GitHub\\ICTD Lab\\node_modules\\@electric-sql\\pglite-socket'
161 silly reify ]
162 silly reify mark retired [
162 silly reify   'C:\\Users\\HP\\OneDrive\\Documents\\GitHub\\ICTD Lab\\node_modules\\@electric-sql\\pglite-tools'
162 silly reify ]
163 silly reify mark retired [
163 silly reify   'C:\\Users\\HP\\OneDrive\\Documents\\GitHub\\ICTD Lab\\node_modules\\@hono\\node-server'
163 silly reify ]
164 silly reify mark retired [
164 silly reify   'C:\\Users\\HP\\OneDrive\\Documents\\GitHub\\ICTD Lab\\node_modules\\@mrleebo\\prisma-ast'
164 silly reify ]
165 silly reify mark retired [
165 silly reify   'C:\\Users\\HP\\OneDrive\\Documents\\GitHub\\ICTD Lab\\node_modules\\@prisma\\adapter-pg'
165 silly reify ]
166 silly reify mark retired [
166 silly reify   'C:\\Users\\HP\\OneDrive\\Documents\\GitHub\\ICTD Lab\\node_modules\\@prisma\\client'
166 silly reify ]
167 silly reify mark retired [
167 silly reify   'C:\\Users\\HP\\OneDrive\\Documents\\GitHub\\ICTD Lab\\node_modules\\@prisma\\config'
167 silly reify ]
168 silly reify mark retired [
168 silly reify   'C:\\Users\\HP\\OneDrive\\Documents\\GitHub\\ICTD Lab\\node_modules\\@prisma\\debug'
168 silly reify ]
169 silly reify mark retired [
169 silly reify   'C:\\Users\\HP\\OneDrive\\Documents\\GitHub\\ICTD Lab\\node_modules\\@prisma\\client-runtime-utils'
169 silly reify ]
170 silly reify mark retired [
170 silly reify   'C:\\Users\\HP\\OneDrive\\Documents\\GitHub\\ICTD Lab\\node_modules\\@prisma\\dev'
170 silly reify ]
171 silly reify mark retired [
171 silly reify   'C:\\Users\\HP\\OneDrive\\Documents\\GitHub\\ICTD Lab\\node_modules\\@prisma\\driver-adapter-utils'
171 silly reify ]
172 silly reify mark retired [
172 silly reify   'C:\\Users\\HP\\OneDrive\\Documents\\GitHub\\ICTD Lab\\node_modules\\@prisma\\engines'
172 silly reify ]
173 silly reify mark retired [
173 silly reify   'C:\\Users\\HP\\OneDrive\\Documents\\GitHub\\ICTD Lab\\node_modules\\@prisma\\engines-version'
173 silly reify ]
174 silly reify mark retired [
174 silly reify   'C:\\Users\\HP\\OneDrive\\Documents\\GitHub\\ICTD Lab\\node_modules\\@prisma\\fetch-engine'
174 silly reify ]
175 silly reify mark retired [
175 silly reify   'C:\\Users\\HP\\OneDrive\\Documents\\GitHub\\ICTD Lab\\node_modules\\@prisma\\get-platform'
175 silly reify ]
176 silly reify mark retired [
176 silly reify   'C:\\Users\\HP\\OneDrive\\Documents\\GitHub\\ICTD Lab\\node_modules\\@prisma\\query-plan-executor'
176 silly reify ]
177 silly reify mark retired [
177 silly reify   'C:\\Users\\HP\\OneDrive\\Documents\\GitHub\\ICTD Lab\\node_modules\\@prisma\\studio-core'
177 silly reify ]
178 silly reify mark retired [
178 silly reify   'C:\\Users\\HP\\OneDrive\\Documents\\GitHub\\ICTD Lab\\node_modules\\@smithy\\abort-controller'
178 silly reify ]
179 silly reify mark retired [
179 silly reify   'C:\\Users\\HP\\OneDrive\\Documents\\GitHub\\ICTD Lab\\node_modules\\@smithy\\config-resolver'
179 silly reify ]
180 silly reify mark retired [
180 silly reify   'C:\\Users\\HP\\OneDrive\\Documents\\GitHub\\ICTD Lab\\node_modules\\@smithy\\core'
180 silly reify ]
181 silly reify mark retired [
181 silly reify   'C:\\Users\\HP\\OneDrive\\Documents\\GitHub\\ICTD Lab\\node_modules\\@smithy\\credential-provider-imds'
181 silly reify ]
182 silly reify mark retired [
182 silly reify   'C:\\Users\\HP\\OneDrive\\Documents\\GitHub\\ICTD Lab\\node_modules\\@smithy\\fetch-http-handler'
182 silly reify ]
183 silly reify mark retired [
183 silly reify   'C:\\Users\\HP\\OneDrive\\Documents\\GitHub\\ICTD Lab\\node_modules\\@smithy\\hash-node'
183 silly reify ]
184 silly reify mark retired [
184 silly reify   'C:\\Users\\HP\\OneDrive\\Documents\\GitHub\\ICTD Lab\\node_modules\\@smithy\\invalid-dependency'
184 silly reify ]
185 silly reify mark retired [
185 silly reify   'C:\\Users\\HP\\OneDrive\\Documents\\GitHub\\ICTD Lab\\node_modules\\@smithy\\middleware-content-length'
185 silly reify ]
186 silly reify mark retired [
186 silly reify   'C:\\Users\\HP\\OneDrive\\Documents\\GitHub\\ICTD Lab\\node_modules\\@smithy\\middleware-endpoint'
186 silly reify ]
187 silly reify mark retired [
187 silly reify   'C:\\Users\\HP\\OneDrive\\Documents\\GitHub\\ICTD Lab\\node_modules\\@smithy\\middleware-retry'
187 silly reify ]
188 silly reify mark retired [
188 silly reify   'C:\\Users\\HP\\OneDrive\\Documents\\GitHub\\ICTD Lab\\node_modules\\@smithy\\middleware-serde'
188 silly reify ]
189 silly reify mark retired [
189 silly reify   'C:\\Users\\HP\\OneDrive\\Documents\\GitHub\\ICTD Lab\\node_modules\\@smithy\\middleware-stack'
189 silly reify ]
190 silly reify mark retired [
190 silly reify   'C:\\Users\\HP\\OneDrive\\Documents\\GitHub\\ICTD Lab\\node_modules\\@smithy\\node-config-provider'
190 silly reify ]
191 silly reify mark retired [
191 silly reify   'C:\\Users\\HP\\OneDrive\\Documents\\GitHub\\ICTD Lab\\node_modules\\@smithy\\node-http-handler'
191 silly reify ]
192 silly reify mark retired [
192 silly reify   'C:\\Users\\HP\\OneDrive\\Documents\\GitHub\\ICTD Lab\\node_modules\\@smithy\\property-provider'
192 silly reify ]
193 silly reify mark retired [
193 silly reify   'C:\\Users\\HP\\OneDrive\\Documents\\GitHub\\ICTD Lab\\node_modules\\@smithy\\protocol-http'
193 silly reify ]
194 silly reify mark retired [
194 silly reify   'C:\\Users\\HP\\OneDrive\\Documents\\GitHub\\ICTD Lab\\node_modules\\@smithy\\querystring-builder'
194 silly reify ]
195 silly reify mark retired [
195 silly reify   'C:\\Users\\HP\\OneDrive\\Documents\\GitHub\\ICTD Lab\\node_modules\\@smithy\\querystring-parser'
195 silly reify ]
196 silly reify mark retired [
196 silly reify   'C:\\Users\\HP\\OneDrive\\Documents\\GitHub\\ICTD Lab\\node_modules\\@smithy\\service-error-classification'
196 silly reify ]
197 silly reify mark retired [
197 silly reify   'C:\\Users\\HP\\OneDrive\\Documents\\GitHub\\ICTD Lab\\node_modules\\@smithy\\shared-ini-file-loader'
197 silly reify ]
198 silly reify mark retired [
198 silly reify   'C:\\Users\\HP\\OneDrive\\Documents\\GitHub\\ICTD Lab\\node_modules\\@smithy\\signature-v4'
198 silly reify ]
199 silly reify mark retired [
199 silly reify   'C:\\Users\\HP\\OneDrive\\Documents\\GitHub\\ICTD Lab\\node_modules\\@smithy\\smithy-client'
199 silly reify ]
200 silly reify mark retired [
200 silly reify   'C:\\Users\\HP\\OneDrive\\Documents\\GitHub\\ICTD Lab\\node_modules\\@smithy\\types'
200 silly reify ]
201 silly reify mark retired [
201 silly reify   'C:\\Users\\HP\\OneDrive\\Documents\\GitHub\\ICTD Lab\\node_modules\\@smithy\\url-parser'
201 silly reify ]
202 silly reify mark retired [
202 silly reify   'C:\\Users\\HP\\OneDrive\\Documents\\GitHub\\ICTD Lab\\node_modules\\@smithy\\util-defaults-mode-browser'
202 silly reify ]
203 silly reify mark retired [
203 silly reify   'C:\\Users\\HP\\OneDrive\\Documents\\GitHub\\ICTD Lab\\node_modules\\@smithy\\util-defaults-mode-node'
203 silly reify ]
204 silly reify mark retired [
204 silly reify   'C:\\Users\\HP\\OneDrive\\Documents\\GitHub\\ICTD Lab\\node_modules\\@smithy\\util-endpoints'
204 silly reify ]
205 silly reify mark retired [
205 silly reify   'C:\\Users\\HP\\OneDrive\\Documents\\GitHub\\ICTD Lab\\node_modules\\@smithy\\util-middleware'
205 silly reify ]
206 silly reify mark retired [
206 silly reify   'C:\\Users\\HP\\OneDrive\\Documents\\GitHub\\ICTD Lab\\node_modules\\@smithy\\util-retry'
206 silly reify ]
207 silly reify mark retired [
207 silly reify   'C:\\Users\\HP\\OneDrive\\Documents\\GitHub\\ICTD Lab\\node_modules\\@smithy\\util-stream'
207 silly reify ]
208 silly reify mark retired [
208 silly reify   'C:\\Users\\HP\\OneDrive\\Documents\\GitHub\\ICTD Lab\\node_modules\\@types\\bcryptjs'
208 silly reify ]
209 silly reify mark retired [
209 silly reify   'C:\\Users\\HP\\OneDrive\\Documents\\GitHub\\ICTD Lab\\node_modules\\@types\\cookie-parser'
209 silly reify ]
210 silly reify mark retired [
210 silly reify   'C:\\Users\\HP\\OneDrive\\Documents\\GitHub\\ICTD Lab\\node_modules\\@types\\cors'
210 silly reify ]
211 silly reify mark retired [
211 silly reify   'C:\\Users\\HP\\OneDrive\\Documents\\GitHub\\ICTD Lab\\node_modules\\@types\\express-serve-static-core'
211 silly reify ]
212 silly reify mark retired [
212 silly reify   'C:\\Users\\HP\\OneDrive\\Documents\\GitHub\\ICTD Lab\\node_modules\\@types\\multer'
212 silly reify ]
213 silly reify mark retired [
213 silly reify   'C:\\Users\\HP\\OneDrive\\Documents\\GitHub\\ICTD Lab\\node_modules\\@types\\node'
213 silly reify ]
214 silly reify mark retired [
214 silly reify   'C:\\Users\\HP\\OneDrive\\Documents\\GitHub\\ICTD Lab\\node_modules\\@types\\nodemailer'
214 silly reify ]
215 silly reify mark retired [
215 silly reify   'C:\\Users\\HP\\OneDrive\\Documents\\GitHub\\ICTD Lab\\node_modules\\@types\\pg'
215 silly reify ]
216 silly reify mark retired [
216 silly reify   'C:\\Users\\HP\\OneDrive\\Documents\\GitHub\\ICTD Lab\\node_modules\\@types\\strip-bom'
216 silly reify ]
217 silly reify mark retired [
217 silly reify   'C:\\Users\\HP\\OneDrive\\Documents\\GitHub\\ICTD Lab\\node_modules\\@types\\strip-json-comments'
217 silly reify ]
218 silly reify mark retired [
218 silly reify   'C:\\Users\\HP\\OneDrive\\Documents\\GitHub\\ICTD Lab\\node_modules\\@types\\uuid'
218 silly reify ]
219 silly reify mark retired [
219 silly reify   'C:\\Users\\HP\\OneDrive\\Documents\\GitHub\\ICTD Lab\\node_modules\\@types\\winston'
219 silly reify ]
220 silly reify moves {
220 silly reify   'C:\\Users\\HP\\OneDrive\\Documents\\GitHub\\ICTD Lab\\node_modules\\acorn': 'C:\\Users\\HP\\OneDrive\\Documents\\GitHub\\ICTD Lab\\node_modules\\.acorn-kHT0VVhl',
220 silly reify   'C:\\Users\\HP\\OneDrive\\Documents\\GitHub\\ICTD Lab\\node_modules\\adler-32': 'C:\\Users\\HP\\OneDrive\\Documents\\GitHub\\ICTD Lab\\node_modules\\.adler-32-IVNoUCIG',
220 silly reify   'C:\\Users\\HP\\OneDrive\\Documents\\GitHub\\ICTD Lab\\node_modules\\acorn-walk': 'C:\\Users\\HP\\OneDrive\\Documents\\GitHub\\ICTD Lab\\node_modules\\.acorn-walk-2Vl6akHu',
220 silly reify   'C:\\Users\\HP\\OneDrive\\Documents\\GitHub\\ICTD Lab\\node_modules\\arg': 'C:\\Users\\HP\\OneDrive\\Documents\\GitHub\\ICTD Lab\\node_modules\\.arg-yGir63ZX',
220 silly reify   'C:\\Users\\HP\\OneDrive\\Documents\\GitHub\\ICTD Lab\\node_modules\\append-field': 'C:\\Users\\HP\\OneDrive\\Documents\\GitHub\\ICTD Lab\\node_modules\\.append-field-Xmk7v5ME',
220 silly reify   'C:\\Users\\HP\\OneDrive\\Documents\\GitHub\\ICTD Lab\\node_modules\\aws-ssl-profiles': 'C:\\Users\\HP\\OneDrive\\Documents\\GitHub\\ICTD Lab\\node_modules\\.aws-ssl-profiles-qjNRy3eY',
220 silly reify   'C:\\Users\\HP\\OneDrive\\Documents\\GitHub\\ICTD Lab\\node_modules\\axios': 'C:\\Users\\HP\\OneDrive\\Documents\\GitHub\\ICTD Lab\\node_modules\\.axios-x6p8Ffop',
220 silly reify   'C:\\Users\\HP\\OneDrive\\Documents\\GitHub\\ICTD Lab\\node_modules\\bcryptjs': 'C:\\Users\\HP\\OneDrive\\Documents\\GitHub\\ICTD Lab\\node_modules\\.bcryptjs-nAEMLgko',
220 silly reify   'C:\\Users\\HP\\OneDrive\\Documents\\GitHub\\ICTD Lab\\node_modules\\c12': 'C:\\Users\\HP\\OneDrive\\Documents\\GitHub\\ICTD Lab\\node_modules\\.c12-RjnLQiW0',
220 silly reify   'C:\\Users\\HP\\OneDrive\\Documents\\GitHub\\ICTD Lab\\node_modules\\chevrotain': 'C:\\Users\\HP\\OneDrive\\Documents\\GitHub\\ICTD Lab\\node_modules\\.chevrotain-VdVggJLk',
220 silly reify   'C:\\Users\\HP\\OneDrive\\Documents\\GitHub\\ICTD Lab\\node_modules\\cfb': 'C:\\Users\\HP\\OneDrive\\Documents\\GitHub\\ICTD Lab\\node_modules\\.cfb-JsFyyXh3',
220 silly reify   'C:\\Users\\HP\\OneDrive\\Documents\\GitHub\\ICTD Lab\\node_modules\\citty': 'C:\\Users\\HP\\OneDrive\\Documents\\GitHub\\ICTD Lab\\node_modules\\.citty-A5rTgCnz',
220 silly reify   'C:\\Users\\HP\\OneDrive\\Documents\\GitHub\\ICTD Lab\\node_modules\\cloudinary': 'C:\\Users\\HP\\OneDrive\\Documents\\GitHub\\ICTD Lab\\node_modules\\.cloudinary-5at0HOCp',
220 silly reify   'C:\\Users\\HP\\OneDrive\\Documents\\GitHub\\ICTD Lab\\node_modules\\cloudinary-core': 'C:\\Users\\HP\\OneDrive\\Documents\\GitHub\\ICTD Lab\\node_modules\\.cloudinary-core-OqFX0An6',
220 silly reify   'C:\\Users\\HP\\OneDrive\\Documents\\GitHub\\ICTD Lab\\node_modules\\codepage': 'C:\\Users\\HP\\OneDrive\\Documents\\GitHub\\ICTD Lab\\node_modules\\.codepage-aRm05IVs',
220 silly reify   'C:\\Users\\HP\\OneDrive\\Documents\\GitHub\\ICTD Lab\\node_modules\\concat-stream': 'C:\\Users\\HP\\OneDrive\\Documents\\GitHub\\ICTD Lab\\node_modules\\.concat-stream-f2LpI4ZT',
220 silly reify   'C:\\Users\\HP\\OneDrive\\Documents\\GitHub\\ICTD Lab\\node_modules\\confbox': 'C:\\Users\\HP\\OneDrive\\Documents\\GitHub\\ICTD Lab\\node_modules\\.confbox-StETavpd',
220 silly reify   'C:\\Users\\HP\\OneDrive\\Documents\\GitHub\\ICTD Lab\\node_modules\\content-disposition': 'C:\\Users\\HP\\OneDrive\\Documents\\GitHub\\ICTD Lab\\node_modules\\.content-disposition-HuWZU2LR',
220 silly reify   'C:\\Users\\HP\\OneDrive\\Documents\\GitHub\\ICTD Lab\\node_modules\\cookie-parser': 'C:\\Users\\HP\\OneDrive\\Documents\\GitHub\\ICTD Lab\\node_modules\\.cookie-parser-nZgPedYo',
220 silly reify   'C:\\Users\\HP\\OneDrive\\Documents\\GitHub\\ICTD Lab\\node_modules\\core-js': 'C:\\Users\\HP\\OneDrive\\Documents\\GitHub\\ICTD Lab\\node_modules\\.core-js-TSCpFKuG',
220 silly reify   'C:\\Users\\HP\\OneDrive\\Documents\\GitHub\\ICTD Lab\\node_modules\\crc-32': 'C:\\Users\\HP\\OneDrive\\Documents\\GitHub\\ICTD Lab\\node_modules\\.crc-32-N8EOwO9h',
220 silly reify   'C:\\Users\\HP\\OneDrive\\Documents\\GitHub\\ICTD Lab\\node_modules\\deepmerge-ts': 'C:\\Users\\HP\\OneDrive\\Documents\\GitHub\\ICTD Lab\\node_modules\\.deepmerge-ts-K5GJLJUc',
220 silly reify   'C:\\Users\\HP\\OneDrive\\Documents\\GitHub\\ICTD Lab\\node_modules\\defu': 'C:\\Users\\HP\\OneDrive\\Documents\\GitHub\\ICTD Lab\\node_modules\\.defu-i3dmLv0O',
220 silly reify   'C:\\Users\\HP\\OneDrive\\Documents\\GitHub\\ICTD Lab\\node_modules\\denque': 'C:\\Users\\HP\\OneDrive\\Documents\\GitHub\\ICTD Lab\\node_modules\\.denque-FcRLQB5A',
220 silly reify   'C:\\Users\\HP\\OneDrive\\Documents\\GitHub\\ICTD Lab\\node_modules\\detect-europe-js': 'C:\\Users\\HP\\OneDrive\\Documents\\GitHub\\ICTD Lab\\node_modules\\.detect-europe-js-NipmPne1',
220 silly reify   'C:\\Users\\HP\\OneDrive\\Documents\\GitHub\\ICTD Lab\\node_modules\\diff': 'C:\\Users\\HP\\OneDrive\\Documents\\GitHub\\ICTD Lab\\node_modules\\.diff-3eLYedKP',
220 silly reify   'C:\\Users\\HP\\OneDrive\\Documents\\GitHub\\ICTD Lab\\node_modules\\destr': 'C:\\Users\\HP\\OneDrive\\Documents\\GitHub\\ICTD Lab\\node_modules\\.destr-5GATseHW',
220 silly reify   'C:\\Users\\HP\\OneDrive\\Documents\\GitHub\\ICTD Lab\\node_modules\\discontinuous-range': 'C:\\Users\\HP\\OneDrive\\Documents\\GitHub\\ICTD Lab\\node_modules\\.discontinuous-range-PdDrYXBd',
220 silly reify   'C:\\Users\\HP\\OneDrive\\Documents\\GitHub\\ICTD Lab\\node_modules\\dotenv': 'C:\\Users\\HP\\OneDrive\\Documents\\GitHub\\ICTD Lab\\node_modules\\.dotenv-Vv9ByMot',
220 silly reify   'C:\\Users\\HP\\OneDrive\\Documents\\GitHub\\ICTD Lab\\node_modules\\dynamic-dedupe': 'C:\\Users\\HP\\OneDrive\\Documents\\GitHub\\ICTD Lab\\node_modules\\.dynamic-dedupe-pmhw2REK',
220 silly reify   'C:\\Users\\HP\\OneDrive\\Documents\\GitHub\\ICTD Lab\\node_modules\\effect': 'C:\\Users\\HP\\OneDrive\\Documents\\GitHub\\ICTD Lab\\node_modules\\.effect-CG5D7W9Q',
220 silly reify   'C:\\Users\\HP\\OneDrive\\Documents\\GitHub\\ICTD Lab\\node_modules\\empathic': 'C:\\Users\\HP\\OneDrive\\Documents\\GitHub\\ICTD Lab\\node_modules\\.empathic-elwMcNHp',
220 silly reify   'C:\\Users\\HP\\OneDrive\\Documents\\GitHub\\ICTD Lab\\node_modules\\esbuild': 'C:\\Users\\HP\\OneDrive\\Documents\\GitHub\\ICTD Lab\\node_modules\\.esbuild-eDLank9X',
220 silly reify   'C:\\Users\\HP\\OneDrive\\Documents\\GitHub\\ICTD Lab\\node_modules\\exsolve': 'C:\\Users\\HP\\OneDrive\\Documents\\GitHub\\ICTD Lab\\node_modules\\.exsolve-nUUKDzpx',
220 silly reify   'C:\\Users\\HP\\OneDrive\\Documents\\GitHub\\ICTD Lab\\node_modules\\fast-check': 'C:\\Users\\HP\\OneDrive\\Documents\\GitHub\\ICTD Lab\\node_modules\\.fast-check-1qjYgzt6',
220 silly reify   'C:\\Users\\HP\\OneDrive\\Documents\\GitHub\\ICTD Lab\\node_modules\\fast-xml-parser': 'C:\\Users\\HP\\OneDrive\\Documents\\GitHub\\ICTD Lab\\node_modules\\.fast-xml-parser-nhJ3cXoO',
220 silly reify   'C:\\Users\\HP\\OneDrive\\Documents\\GitHub\\ICTD Lab\\node_modules\\frac': 'C:\\Users\\HP\\OneDrive\\Documents\\GitHub\\ICTD Lab\\node_modules\\.frac-G8jxnvKs',
220 silly reify   'C:\\Users\\HP\\OneDrive\\Documents\\GitHub\\ICTD Lab\\node_modules\\generate-function': 'C:\\Users\\HP\\OneDrive\\Documents\\GitHub\\ICTD Lab\\node_modules\\.generate-function-ZAo8qSr7',
220 silly reify   'C:\\Users\\HP\\OneDrive\\Documents\\GitHub\\ICTD Lab\\node_modules\\get-port-please': 'C:\\Users\\HP\\OneDrive\\Documents\\GitHub\\ICTD Lab\\node_modules\\.get-port-please-OWe3BcRf',
220 silly reify   'C:\\Users\\HP\\OneDrive\\Documents\\GitHub\\ICTD Lab\\node_modules\\giget': 'C:\\Users\\HP\\OneDrive\\Documents\\GitHub\\ICTD Lab\\node_modules\\.giget-nFqQKMTb',
220 silly reify   'C:\\Users\\HP\\OneDrive\\Documents\\GitHub\\ICTD Lab\\node_modules\\grammex': 'C:\\Users\\HP\\OneDrive\\Documents\\GitHub\\ICTD Lab\\node_modules\\.grammex-xnyMCnQw',
220 silly reify   'C:\\Users\\HP\\OneDrive\\Documents\\GitHub\\ICTD Lab\\node_modules\\graphmatch': 'C:\\Users\\HP\\OneDrive\\Documents\\GitHub\\ICTD Lab\\node_modules\\.graphmatch-aOjNjmJs',
220 silly reify   'C:\\Users\\HP\\OneDrive\\Documents\\GitHub\\ICTD Lab\\node_modules\\hono': 'C:\\Users\\HP\\OneDrive\\Documents\\GitHub\\ICTD Lab\\node_modules\\.hono-L1SGAhJB',
220 silly reify   'C:\\Users\\HP\\OneDrive\\Documents\\GitHub\\ICTD Lab\\node_modules\\http-status-codes': 'C:\\Users\\HP\\OneDrive\\Documents\\GitHub\\ICTD Lab\\node_modules\\.http-status-codes-1pBcZBpV',
220 silly reify   'C:\\Users\\HP\\OneDrive\\Documents\\GitHub\\ICTD Lab\\node_modules\\ignore-by-default': 'C:\\Users\\HP\\OneDrive\\Documents\\GitHub\\ICTD Lab\\node_modules\\.ignore-by-default-S8FYd2Wp',
220 silly reify   'C:\\Users\\HP\\OneDrive\\Documents\\GitHub\\ICTD Lab\\node_modules\\is-property': 'C:\\Users\\HP\\OneDrive\\Documents\\GitHub\\ICTD Lab\\node_modules\\.is-property-NeEmfzRU',
220 silly reify   'C:\\Users\\HP\\OneDrive\\Documents\\GitHub\\ICTD Lab\\node_modules\\is-standalone-pwa': 'C:\\Users\\HP\\OneDrive\\Documents\\GitHub\\ICTD Lab\\node_modules\\.is-standalone-pwa-U7GdPeak',
220 silly reify   'C:\\Users\\HP\\OneDrive\\Documents\\GitHub\\ICTD Lab\\node_modules\\jiti': 'C:\\Users\\HP\\OneDrive\\Documents\\GitHub\\ICTD Lab\\node_modules\\.jiti-nxdTgbeq',
220 silly reify   'C:\\Users\\HP\\OneDrive\\Documents\\GitHub\\ICTD Lab\\node_modules\\lru.min': 'C:\\Users\\HP\\OneDrive\\Documents\\GitHub\\ICTD Lab\\node_modules\\.lru.min-NjUuMpOd',
220 silly reify   'C:\\Users\\HP\\OneDrive\\Documents\\GitHub\\ICTD Lab\\node_modules\\mkdirp': 'C:\\Users\\HP\\OneDrive\\Documents\\GitHub\\ICTD Lab\\node_modules\\.mkdirp-b39Q2Xhe',
220 silly reify   'C:\\Users\\HP\\OneDrive\\Documents\\GitHub\\ICTD Lab\\node_modules\\moo': 'C:\\Users\\HP\\OneDrive\\Documents\\GitHub\\ICTD Lab\\node_modules\\.moo-fUWSK2io',
220 silly reify   'C:\\Users\\HP\\OneDrive\\Documents\\GitHub\\ICTD Lab\\node_modules\\multer-storage-cloudinary': 'C:\\Users\\HP\\OneDrive\\Documents\\GitHub\\ICTD Lab\\node_modules\\.multer-storage-cloudinary-b6WczYhS',
220 silly reify   'C:\\Users\\HP\\OneDrive\\Documents\\GitHub\\ICTD Lab\\node_modules\\multer': 'C:\\Users\\HP\\OneDrive\\Documents\\GitHub\\ICTD Lab\\node_modules\\.multer-Ut0nA7V2',
220 silly reify   'C:\\Users\\HP\\OneDrive\\Documents\\GitHub\\ICTD Lab\\node_modules\\mysql2': 'C:\\Users\\HP\\OneDrive\\Documents\\GitHub\\ICTD Lab\\node_modules\\.mysql2-8GFi6OBo',
220 silly reify   'C:\\Users\\HP\\OneDrive\\Documents\\GitHub\\ICTD Lab\\node_modules\\named-placeholders': 'C:\\Users\\HP\\OneDrive\\Documents\\GitHub\\ICTD Lab\\node_modules\\.named-placeholders-Y21H1ZsO',
220 silly reify   'C:\\Users\\HP\\OneDrive\\Documents\\GitHub\\ICTD Lab\\node_modules\\nearley': 'C:\\Users\\HP\\OneDrive\\Documents\\GitHub\\ICTD Lab\\node_modules\\.nearley-LFKziQbd',
220 silly reify   'C:\\Users\\HP\\OneDrive\\Documents\\GitHub\\ICTD Lab\\node_modules\\node-fetch-native': 'C:\\Users\\HP\\OneDrive\\Documents\\GitHub\\ICTD Lab\\node_modules\\.node-fetch-native-X4N2Yqio',
220 silly reify   'C:\\Users\\HP\\OneDrive\\Documents\\GitHub\\ICTD Lab\\node_modules\\nodemailer': 'C:\\Users\\HP\\OneDrive\\Documents\\GitHub\\ICTD Lab\\node_modules\\.nodemailer-hktRtVsG',
220 silly reify   'C:\\Users\\HP\\OneDrive\\Documents\\GitHub\\ICTD Lab\\node_modules\\nodemon': 'C:\\Users\\HP\\OneDrive\\Documents\\GitHub\\ICTD Lab\\node_modules\\.nodemon-PrmcWWue',
220 silly reify   'C:\\Users\\HP\\OneDrive\\Documents\\GitHub\\ICTD Lab\\node_modules\\nypm': 'C:\\Users\\HP\\OneDrive\\Documents\\GitHub\\ICTD Lab\\node_modules\\.nypm-J2eFk6Im',
220 silly reify   'C:\\Users\\HP\\OneDrive\\Documents\\GitHub\\ICTD Lab\\node_modules\\ohash': 'C:\\Users\\HP\\OneDrive\\Documents\\GitHub\\ICTD Lab\\node_modules\\.ohash-5VbEsGyZ',
220 silly reify   'C:\\Users\\HP\\OneDrive\\Documents\\GitHub\\ICTD Lab\\node_modules\\pathe': 'C:\\Users\\HP\\OneDrive\\Documents\\GitHub\\ICTD Lab\\node_modules\\.pathe-c6sipBme',
220 silly reify   'C:\\Users\\HP\\OneDrive\\Documents\\GitHub\\ICTD Lab\\node_modules\\perfect-debounce': 'C:\\Users\\HP\\OneDrive\\Documents\\GitHub\\ICTD Lab\\node_modules\\.perfect-debounce-JQokv0RS',
220 silly reify   'C:\\Users\\HP\\OneDrive\\Documents\\GitHub\\ICTD Lab\\node_modules\\pg': 'C:\\Users\\HP\\OneDrive\\Documents\\GitHub\\ICTD Lab\\node_modules\\.pg-5WiBcA6E',
220 silly reify   'C:\\Users\\HP\\OneDrive\\Documents\\GitHub\\ICTD Lab\\node_modules\\pg-cloudflare': 'C:\\Users\\HP\\OneDrive\\Documents\\GitHub\\ICTD Lab\\node_modules\\.pg-cloudflare-aR9GKzlA',
220 silly reify   'C:\\Users\\HP\\OneDrive\\Documents\\GitHub\\ICTD Lab\\node_modules\\pg-connection-string': 'C:\\Users\\HP\\OneDrive\\Documents\\GitHub\\ICTD Lab\\node_modules\\.pg-connection-string-kzjJhyj6',
220 silly reify   'C:\\Users\\HP\\OneDrive\\Documents\\GitHub\\ICTD Lab\\node_modules\\pg-pool': 'C:\\Users\\HP\\OneDrive\\Documents\\GitHub\\ICTD Lab\\node_modules\\.pg-pool-utBREgCD',
220 silly reify   'C:\\Users\\HP\\OneDrive\\Documents\\GitHub\\ICTD Lab\\node_modules\\pgpass': 'C:\\Users\\HP\\OneDrive\\Documents\\GitHub\\ICTD Lab\\node_modules\\.pgpass-LfjuVBn2',
220 silly reify   'C:\\Users\\HP\\OneDrive\\Documents\\GitHub\\ICTD Lab\\node_modules\\pkg-types': 'C:\\Users\\HP\\OneDrive\\Documents\\GitHub\\ICTD Lab\\node_modules\\.pkg-types-EpETr8cu',
220 silly reify   'C:\\Users\\HP\\OneDrive\\Documents\\GitHub\\ICTD Lab\\node_modules\\postgres': 'C:\\Users\\HP\\OneDrive\\Documents\\GitHub\\ICTD Lab\\node_modules\\.postgres-5bBQvx5u',
220 silly reify   'C:\\Users\\HP\\OneDrive\\Documents\\GitHub\\ICTD Lab\\node_modules\\prisma': 'C:\\Users\\HP\\OneDrive\\Documents\\GitHub\\ICTD Lab\\node_modules\\.prisma-FGXgutY5',
220 silly reify   'C:\\Users\\HP\\OneDrive\\Documents\\GitHub\\ICTD Lab\\node_modules\\proper-lockfile': 'C:\\Users\\HP\\OneDrive\\Documents\\GitHub\\ICTD Lab\\node_modules\\.proper-lockfile-lhhmLmAU',
220 silly reify   'C:\\Users\\HP\\OneDrive\\Documents\\GitHub\\ICTD Lab\\node_modules\\pstree.remy': 'C:\\Users\\HP\\OneDrive\\Documents\\GitHub\\ICTD Lab\\node_modules\\.pstree.remy-MON3QsjF',
220 silly reify   'C:\\Users\\HP\\OneDrive\\Documents\\GitHub\\ICTD Lab\\node_modules\\pure-rand': 'C:\\Users\\HP\\OneDrive\\Documents\\GitHub\\ICTD Lab\\node_modules\\.pure-rand-OJ2yXLQE',
220 silly reify   'C:\\Users\\HP\\OneDrive\\Documents\\GitHub\\ICTD Lab\\node_modules\\railroad-diagrams': 'C:\\Users\\HP\\OneDrive\\Documents\\GitHub\\ICTD Lab\\node_modules\\.railroad-diagrams-502P2QOj',
220 silly reify   'C:\\Users\\HP\\OneDrive\\Documents\\GitHub\\ICTD Lab\\node_modules\\randexp': 'C:\\Users\\HP\\OneDrive\\Documents\\GitHub\\ICTD Lab\\node_modules\\.randexp-F0HhlAvC',
220 silly reify   'C:\\Users\\HP\\OneDrive\\Documents\\GitHub\\ICTD Lab\\node_modules\\rc9': 'C:\\Users\\HP\\OneDrive\\Documents\\GitHub\\ICTD Lab\\node_modules\\.rc9-1dl8fVSv',
220 silly reify   'C:\\Users\\HP\\OneDrive\\Documents\\GitHub\\ICTD Lab\\node_modules\\regexp-to-ast': 'C:\\Users\\HP\\OneDrive\\Documents\\GitHub\\ICTD Lab\\node_modules\\.regexp-to-ast-H6zlN3XW',
220 silly reify   'C:\\Users\\HP\\OneDrive\\Documents\\GitHub\\ICTD Lab\\node_modules\\remeda': 'C:\\Users\\HP\\OneDrive\\Documents\\GitHub\\ICTD Lab\\node_modules\\.remeda-CW8lbiSy',
220 silly reify   'C:\\Users\\HP\\OneDrive\\Documents\\GitHub\\ICTD Lab\\node_modules\\resolve': 'C:\\Users\\HP\\OneDrive\\Documents\\GitHub\\ICTD Lab\\node_modules\\.resolve-BXOASJ5B',
220 silly reify   'C:\\Users\\HP\\OneDrive\\Documents\\GitHub\\ICTD Lab\\node_modules\\ret': 'C:\\Users\\HP\\OneDrive\\Documents\\GitHub\\ICTD Lab\\node_modules\\.ret-7AQOenBZ',
220 silly reify   'C:\\Users\\HP\\OneDrive\\Documents\\GitHub\\ICTD Lab\\node_modules\\retry': 'C:\\Users\\HP\\OneDrive\\Documents\\GitHub\\ICTD Lab\\node_modules\\.retry-ISnKcHd2',
220 silly reify   'C:\\Users\\HP\\OneDrive\\Documents\\GitHub\\ICTD Lab\\node_modules\\rimraf': 'C:\\Users\\HP\\OneDrive\\Documents\\GitHub\\ICTD Lab\\node_modules\\.rimraf-V5yuF9Jx',
220 silly reify   'C:\\Users\\HP\\OneDrive\\Documents\\GitHub\\ICTD Lab\\node_modules\\semver': 'C:\\Users\\HP\\OneDrive\\Documents\\GitHub\\ICTD Lab\\node_modules\\.semver-tuzzp3He',
220 silly reify   'C:\\Users\\HP\\OneDrive\\Documents\\GitHub\\ICTD Lab\\node_modules\\seq-queue': 'C:\\Users\\HP\\OneDrive\\Documents\\GitHub\\ICTD Lab\\node_modules\\.seq-queue-sICuASMd',
220 silly reify   'C:\\Users\\HP\\OneDrive\\Documents\\GitHub\\ICTD Lab\\node_modules\\simple-update-notifier': 'C:\\Users\\HP\\OneDrive\\Documents\\GitHub\\ICTD Lab\\node_modules\\.simple-update-notifier-uH1rGQCT',
220 silly reify   'C:\\Users\\HP\\OneDrive\\Documents\\GitHub\\ICTD Lab\\node_modules\\split2': 'C:\\Users\\HP\\OneDrive\\Documents\\GitHub\\ICTD Lab\\node_modules\\.split2-0HYlkmOy',
220 silly reify   'C:\\Users\\HP\\OneDrive\\Documents\\GitHub\\ICTD Lab\\node_modules\\sql-formatter': 'C:\\Users\\HP\\OneDrive\\Documents\\GitHub\\ICTD Lab\\node_modules\\.sql-formatter-lPNI0AQ9',
220 silly reify   'C:\\Users\\HP\\OneDrive\\Documents\\GitHub\\ICTD Lab\\node_modules\\sqlstring': 'C:\\Users\\HP\\OneDrive\\Documents\\GitHub\\ICTD Lab\\node_modules\\.sqlstring-eW4Lg0GE',
220 silly reify   'C:\\Users\\HP\\OneDrive\\Documents\\GitHub\\ICTD Lab\\node_modules\\ssf': 'C:\\Users\\HP\\OneDrive\\Documents\\GitHub\\ICTD Lab\\node_modules\\.ssf-Mhig3JvT',
220 silly reify   'C:\\Users\\HP\\OneDrive\\Documents\\GitHub\\ICTD Lab\\node_modules\\std-env': 'C:\\Users\\HP\\OneDrive\\Documents\\GitHub\\ICTD Lab\\node_modules\\.std-env-ywPLOtjk',
220 silly reify   'C:\\Users\\HP\\OneDrive\\Documents\\GitHub\\ICTD Lab\\node_modules\\strip-json-comments': 'C:\\Users\\HP\\OneDrive\\Documents\\GitHub\\ICTD Lab\\node_modules\\.strip-json-comments-vU3bMRve',
220 silly reify   'C:\\Users\\HP\\OneDrive\\Documents\\GitHub\\ICTD Lab\\node_modules\\strnum': 'C:\\Users\\HP\\OneDrive\\Documents\\GitHub\\ICTD Lab\\node_modules\\.strnum-yElv4Kuu',
220 silly reify   'C:\\Users\\HP\\OneDrive\\Documents\\GitHub\\ICTD Lab\\node_modules\\tinyexec': 'C:\\Users\\HP\\OneDrive\\Documents\\GitHub\\ICTD Lab\\node_modules\\.tinyexec-PxTPqefj',
220 silly reify   'C:\\Users\\HP\\OneDrive\\Documents\\GitHub\\ICTD Lab\\node_modules\\touch': 'C:\\Users\\HP\\OneDrive\\Documents\\GitHub\\ICTD Lab\\node_modules\\.touch-bJOhGX3p',
220 silly reify   'C:\\Users\\HP\\OneDrive\\Documents\\GitHub\\ICTD Lab\\node_modules\\tree-kill': 'C:\\Users\\HP\\OneDrive\\Documents\\GitHub\\ICTD Lab\\node_modules\\.tree-kill-j6dvXU0z',
220 silly reify   'C:\\Users\\HP\\OneDrive\\Documents\\GitHub\\ICTD Lab\\node_modules\\ts-node': 'C:\\Users\\HP\\OneDrive\\Documents\\GitHub\\ICTD Lab\\node_modules\\.ts-node-dpblw5sb',
220 silly reify   'C:\\Users\\HP\\OneDrive\\Documents\\GitHub\\ICTD Lab\\node_modules\\ts-node-dev': 'C:\\Users\\HP\\OneDrive\\Documents\\GitHub\\ICTD Lab\\node_modules\\.ts-node-dev-J1IxrQKE',
220 silly reify   'C:\\Users\\HP\\OneDrive\\Documents\\GitHub\\ICTD Lab\\node_modules\\tsconfig': 'C:\\Users\\HP\\OneDrive\\Documents\\GitHub\\ICTD Lab\\node_modules\\.tsconfig-IHKMgEpT',
220 silly reify   'C:\\Users\\HP\\OneDrive\\Documents\\GitHub\\ICTD Lab\\node_modules\\tsx': 'C:\\Users\\HP\\OneDrive\\Documents\\GitHub\\ICTD Lab\\node_modules\\.tsx-70c6l2W6',
220 silly reify   'C:\\Users\\HP\\OneDrive\\Documents\\GitHub\\ICTD Lab\\node_modules\\type-is': 'C:\\Users\\HP\\OneDrive\\Documents\\GitHub\\ICTD Lab\\node_modules\\.type-is-GKCJ73Xu',
220 silly reify   'C:\\Users\\HP\\OneDrive\\Documents\\GitHub\\ICTD Lab\\node_modules\\typedarray': 'C:\\Users\\HP\\OneDrive\\Documents\\GitHub\\ICTD Lab\\node_modules\\.typedarray-1bvFksCA',
220 silly reify   'C:\\Users\\HP\\OneDrive\\Documents\\GitHub\\ICTD Lab\\node_modules\\typescript': 'C:\\Users\\HP\\OneDrive\\Documents\\GitHub\\ICTD Lab\\node_modules\\.typescript-hzUmNj6D',
220 silly reify   'C:\\Users\\HP\\OneDrive\\Documents\\GitHub\\ICTD Lab\\node_modules\\ua-is-frozen': 'C:\\Users\\HP\\OneDrive\\Documents\\GitHub\\ICTD Lab\\node_modules\\.ua-is-frozen-gPUsUXI8',
220 silly reify   'C:\\Users\\HP\\OneDrive\\Documents\\GitHub\\ICTD Lab\\node_modules\\ua-parser-js': 'C:\\Users\\HP\\OneDrive\\Documents\\GitHub\\ICTD Lab\\node_modules\\.ua-parser-js-3s9GEvwT',
220 silly reify   'C:\\Users\\HP\\OneDrive\\Documents\\GitHub\\ICTD Lab\\node_modules\\undefsafe': 'C:\\Users\\HP\\OneDrive\\Documents\\GitHub\\ICTD Lab\\node_modules\\.undefsafe-rBCVcrWy',
220 silly reify   'C:\\Users\\HP\\OneDrive\\Documents\\GitHub\\ICTD Lab\\node_modules\\uuid': 'C:\\Users\\HP\\OneDrive\\Documents\\GitHub\\ICTD Lab\\node_modules\\.uuid-gJbSQFwg',
220 silly reify   'C:\\Users\\HP\\OneDrive\\Documents\\GitHub\\ICTD Lab\\node_modules\\valibot': 'C:\\Users\\HP\\OneDrive\\Documents\\GitHub\\ICTD Lab\\node_modules\\.valibot-gf7sK7sB',
220 silly reify   'C:\\Users\\HP\\OneDrive\\Documents\\GitHub\\ICTD Lab\\node_modules\\which': 'C:\\Users\\HP\\OneDrive\\Documents\\GitHub\\ICTD Lab\\node_modules\\.which-RNiThT4V',
220 silly reify   'C:\\Users\\HP\\OneDrive\\Documents\\GitHub\\ICTD Lab\\node_modules\\winston': 'C:\\Users\\HP\\OneDrive\\Documents\\GitHub\\ICTD Lab\\node_modules\\.winston-OuGokrWU',
220 silly reify   'C:\\Users\\HP\\OneDrive\\Documents\\GitHub\\ICTD Lab\\node_modules\\wmf': 'C:\\Users\\HP\\OneDrive\\Documents\\GitHub\\ICTD Lab\\node_modules\\.wmf-K955bjaS',
220 silly reify   'C:\\Users\\HP\\OneDrive\\Documents\\GitHub\\ICTD Lab\\node_modules\\word': 'C:\\Users\\HP\\OneDrive\\Documents\\GitHub\\ICTD Lab\\node_modules\\.word-hhfuEQ2R',
220 silly reify   'C:\\Users\\HP\\OneDrive\\Documents\\GitHub\\ICTD Lab\\node_modules\\xlsx': 'C:\\Users\\HP\\OneDrive\\Documents\\GitHub\\ICTD Lab\\node_modules\\.xlsx-fkCY7pRQ',
220 silly reify   'C:\\Users\\HP\\OneDrive\\Documents\\GitHub\\ICTD Lab\\node_modules\\zeptomatch': 'C:\\Users\\HP\\OneDrive\\Documents\\GitHub\\ICTD Lab\\node_modules\\.zeptomatch-e7RDJzGt',
220 silly reify   'C:\\Users\\HP\\OneDrive\\Documents\\GitHub\\ICTD Lab\\node_modules\\@aws\\lambda-invoke-store': 'C:\\Users\\HP\\OneDrive\\Documents\\GitHub\\ICTD Lab\\node_modules\\@aws\\.lambda-invoke-store-Q8xaWIie',
220 silly reify   'C:\\Users\\HP\\OneDrive\\Documents\\GitHub\\ICTD Lab\\node_modules\\@aws-sdk\\client-sesv2': 'C:\\Users\\HP\\OneDrive\\Documents\\GitHub\\ICTD Lab\\node_modules\\@aws-sdk\\.client-sesv2-QE07p443',
220 silly reify   'C:\\Users\\HP\\OneDrive\\Documents\\GitHub\\ICTD Lab\\node_modules\\@aws-sdk\\client-sso': 'C:\\Users\\HP\\OneDrive\\Documents\\GitHub\\ICTD Lab\\node_modules\\@aws-sdk\\.client-sso-2PPB92R2',
220 silly reify   'C:\\Users\\HP\\OneDrive\\Documents\\GitHub\\ICTD Lab\\node_modules\\@aws-sdk\\core': 'C:\\Users\\HP\\OneDrive\\Documents\\GitHub\\ICTD Lab\\node_modules\\@aws-sdk\\.core-osZ9uCVb',
220 silly reify   'C:\\Users\\HP\\OneDrive\\Documents\\GitHub\\ICTD Lab\\node_modules\\@aws-sdk\\credential-provider-env': 'C:\\Users\\HP\\OneDrive\\Documents\\GitHub\\ICTD Lab\\node_modules\\@aws-sdk\\.credential-provider-env-t0uw8Hkg',
220 silly reify   'C:\\Users\\HP\\OneDrive\\Documents\\GitHub\\ICTD Lab\\node_modules\\@aws-sdk\\credential-provider-http': 'C:\\Users\\HP\\OneDrive\\Documents\\GitHub\\ICTD Lab\\node_modules\\@aws-sdk\\.credential-provider-http-EfFTZ7DN',
220 silly reify   'C:\\Users\\HP\\OneDrive\\Documents\\GitHub\\ICTD Lab\\node_modules\\@aws-sdk\\credential-provider-ini': 'C:\\Users\\HP\\OneDrive\\Documents\\GitHub\\ICTD Lab\\node_modules\\@aws-sdk\\.credential-provider-ini-C9oNpPuf',
220 silly reify   'C:\\Users\\HP\\OneDrive\\Documents\\GitHub\\ICTD Lab\\node_modules\\@aws-sdk\\credential-provider-login': 'C:\\Users\\HP\\OneDrive\\Documents\\GitHub\\ICTD Lab\\node_modules\\@aws-sdk\\.credential-provider-login-QonwMS7H',
220 silly reify   'C:\\Users\\HP\\OneDrive\\Documents\\GitHub\\ICTD Lab\\node_modules\\@aws-sdk\\credential-provider-node': 'C:\\Users\\HP\\OneDrive\\Documents\\GitHub\\ICTD Lab\\node_modules\\@aws-sdk\\.credential-provider-node-9bqz1OtH',
220 silly reify   'C:\\Users\\HP\\OneDrive\\Documents\\GitHub\\ICTD Lab\\node_modules\\@aws-sdk\\credential-provider-process': 'C:\\Users\\HP\\OneDrive\\Documents\\GitHub\\ICTD Lab\\node_modules\\@aws-sdk\\.credential-provider-process-CYYBRwfT',
220 silly reify   'C:\\Users\\HP\\OneDrive\\Documents\\GitHub\\ICTD Lab\\node_modules\\@aws-sdk\\credential-provider-sso': 'C:\\Users\\HP\\OneDrive\\Documents\\GitHub\\ICTD Lab\\node_modules\\@aws-sdk\\.credential-provider-sso-ZVi0gogv',
220 silly reify   'C:\\Users\\HP\\OneDrive\\Documents\\GitHub\\ICTD Lab\\node_modules\\@aws-sdk\\credential-provider-web-identity': 'C:\\Users\\HP\\OneDrive\\Documents\\GitHub\\ICTD Lab\\node_modules\\@aws-sdk\\.credential-provider-web-identity-rdNMqZ0M',
220 silly reify   'C:\\Users\\HP\\OneDrive\\Documents\\GitHub\\ICTD Lab\\node_modules\\@aws-sdk\\middleware-host-header': 'C:\\Users\\HP\\OneDrive\\Documents\\GitHub\\ICTD Lab\\node_modules\\@aws-sdk\\.middleware-host-header-Jchyoqmj',
220 silly reify   'C:\\Users\\HP\\OneDrive\\Documents\\GitHub\\ICTD Lab\\node_modules\\@aws-sdk\\middleware-logger': 'C:\\Users\\HP\\OneDrive\\Documents\\GitHub\\ICTD Lab\\node_modules\\@aws-sdk\\.middleware-logger-vxwhIPds',
220 silly reify   'C:\\Users\\HP\\OneDrive\\Documents\\GitHub\\ICTD Lab\\node_modules\\@aws-sdk\\middleware-recursion-detection': 'C:\\Users\\HP\\OneDrive\\Documents\\GitHub\\ICTD Lab\\node_modules\\@aws-sdk\\.middleware-recursion-detection-rZJzHjOL',
220 silly reify   'C:\\Users\\HP\\OneDrive\\Documents\\GitHub\\ICTD Lab\\node_modules\\@aws-sdk\\middleware-sdk-s3': 'C:\\Users\\HP\\OneDrive\\Documents\\GitHub\\ICTD Lab\\node_modules\\@aws-sdk\\.middleware-sdk-s3-9M0xkvTa',
220 silly reify   'C:\\Users\\HP\\OneDrive\\Documents\\GitHub\\ICTD Lab\\node_modules\\@aws-sdk\\middleware-user-agent': 'C:\\Users\\HP\\OneDrive\\Documents\\GitHub\\ICTD Lab\\node_modules\\@aws-sdk\\.middleware-user-agent-3f0z4Fso',
220 silly reify   'C:\\Users\\HP\\OneDrive\\Documents\\GitHub\\ICTD Lab\\node_modules\\@aws-sdk\\nested-clients': 'C:\\Users\\HP\\OneDrive\\Documents\\GitHub\\ICTD Lab\\node_modules\\@aws-sdk\\.nested-clients-zo44wojo',
220 silly reify   'C:\\Users\\HP\\OneDrive\\Documents\\GitHub\\ICTD Lab\\node_modules\\@aws-sdk\\region-config-resolver': 'C:\\Users\\HP\\OneDrive\\Documents\\GitHub\\ICTD Lab\\node_modules\\@aws-sdk\\.region-config-resolver-yxb4m2v8',
220 silly reify   'C:\\Users\\HP\\OneDrive\\Documents\\GitHub\\ICTD Lab\\node_modules\\@aws-sdk\\signature-v4-multi-region': 'C:\\Users\\HP\\OneDrive\\Documents\\GitHub\\ICTD Lab\\node_modules\\@aws-sdk\\.signature-v4-multi-region-TnA2Z2fH',
220 silly reify   'C:\\Users\\HP\\OneDrive\\Documents\\GitHub\\ICTD Lab\\node_modules\\@aws-sdk\\token-providers': 'C:\\Users\\HP\\OneDrive\\Documents\\GitHub\\ICTD Lab\\node_modules\\@aws-sdk\\.token-providers-M0SjPRNX',
220 silly reify   'C:\\Users\\HP\\OneDrive\\Documents\\GitHub\\ICTD Lab\\node_modules\\@aws-sdk\\types': 'C:\\Users\\HP\\OneDrive\\Documents\\GitHub\\ICTD Lab\\node_modules\\@aws-sdk\\.types-I2Dw2RM1',
220 silly reify   'C:\\Users\\HP\\OneDrive\\Documents\\GitHub\\ICTD Lab\\node_modules\\@aws-sdk\\util-arn-parser': 'C:\\Users\\HP\\OneDrive\\Documents\\GitHub\\ICTD Lab\\node_modules\\@aws-sdk\\.util-arn-parser-eMs1nUum',
220 silly reify   'C:\\Users\\HP\\OneDrive\\Documents\\GitHub\\ICTD Lab\\node_modules\\@aws-sdk\\util-endpoints': 'C:\\Users\\HP\\OneDrive\\Documents\\GitHub\\ICTD Lab\\node_modules\\@aws-sdk\\.util-endpoints-vnLq7oKc',
220 silly reify   'C:\\Users\\HP\\OneDrive\\Documents\\GitHub\\ICTD Lab\\node_modules\\@aws-sdk\\util-locate-window': 'C:\\Users\\HP\\OneDrive\\Documents\\GitHub\\ICTD Lab\\node_modules\\@aws-sdk\\.util-locate-window-G6cOUYd7',
220 silly reify   'C:\\Users\\HP\\OneDrive\\Documents\\GitHub\\ICTD Lab\\node_modules\\@aws-sdk\\util-user-agent-browser': 'C:\\Users\\HP\\OneDrive\\Documents\\GitHub\\ICTD Lab\\node_modules\\@aws-sdk\\.util-user-agent-browser-gbe4encS',
220 silly reify   'C:\\Users\\HP\\OneDrive\\Documents\\GitHub\\ICTD Lab\\node_modules\\@aws-sdk\\util-user-agent-node': 'C:\\Users\\HP\\OneDrive\\Documents\\GitHub\\ICTD Lab\\node_modules\\@aws-sdk\\.util-user-agent-node-72i6qm6h',
220 silly reify   'C:\\Users\\HP\\OneDrive\\Documents\\GitHub\\ICTD Lab\\node_modules\\@aws-sdk\\xml-builder': 'C:\\Users\\HP\\OneDrive\\Documents\\GitHub\\ICTD Lab\\node_modules\\@aws-sdk\\.xml-builder-VtRXIC5Z',
220 silly reify   'C:\\Users\\HP\\OneDrive\\Documents\\GitHub\\ICTD Lab\\node_modules\\@chevrotain\\cst-dts-gen': 'C:\\Users\\HP\\OneDrive\\Documents\\GitHub\\ICTD Lab\\node_modules\\@chevrotain\\.cst-dts-gen-s0CSutAR',
220 silly reify   'C:\\Users\\HP\\OneDrive\\Documents\\GitHub\\ICTD Lab\\node_modules\\@chevrotain\\gast': 'C:\\Users\\HP\\OneDrive\\Documents\\GitHub\\ICTD Lab\\node_modules\\@chevrotain\\.gast-i94eJtrq',
220 silly reify   'C:\\Users\\HP\\OneDrive\\Documents\\GitHub\\ICTD Lab\\node_modules\\@chevrotain\\types': 'C:\\Users\\HP\\OneDrive\\Documents\\GitHub\\ICTD Lab\\node_modules\\@chevrotain\\.types-bmB6ZKT8',
220 silly reify   'C:\\Users\\HP\\OneDrive\\Documents\\GitHub\\ICTD Lab\\node_modules\\@chevrotain\\utils': 'C:\\Users\\HP\\OneDrive\\Documents\\GitHub\\ICTD Lab\\node_modules\\@chevrotain\\.utils-NLFz96iu',
220 silly reify   'C:\\Users\\HP\\OneDrive\\Documents\\GitHub\\ICTD Lab\\node_modules\\@electric-sql\\pglite': 'C:\\Users\\HP\\OneDrive\\Documents\\GitHub\\ICTD Lab\\node_modules\\@electric-sql\\.pglite-XOV11Aeq',
220 silly reify   'C:\\Users\\HP\\OneDrive\\Documents\\GitHub\\ICTD Lab\\node_modules\\@electric-sql\\pglite-socket': 'C:\\Users\\HP\\OneDrive\\Documents\\GitHub\\ICTD Lab\\node_modules\\@electric-sql\\.pglite-socket-nsL6ZR0O',
220 silly reify   'C:\\Users\\HP\\OneDrive\\Documents\\GitHub\\ICTD Lab\\node_modules\\@electric-sql\\pglite-tools': 'C:\\Users\\HP\\OneDrive\\Documents\\GitHub\\ICTD Lab\\node_modules\\@electric-sql\\.pglite-tools-mFzT3Vxh',
220 silly reify   'C:\\Users\\HP\\OneDrive\\Documents\\GitHub\\ICTD Lab\\node_modules\\@hono\\node-server': 'C:\\Users\\HP\\OneDrive\\Documents\\GitHub\\ICTD Lab\\node_modules\\@hono\\.node-server-uk2BEotg',
220 silly reify   'C:\\Users\\HP\\OneDrive\\Documents\\GitHub\\ICTD Lab\\node_modules\\@mrleebo\\prisma-ast': 'C:\\Users\\HP\\OneDrive\\Documents\\GitHub\\ICTD Lab\\node_modules\\@mrleebo\\.prisma-ast-ZCB0lolj',
220 silly reify   'C:\\Users\\HP\\OneDrive\\Documents\\GitHub\\ICTD Lab\\node_modules\\@prisma\\adapter-pg': 'C:\\Users\\HP\\OneDrive\\Documents\\GitHub\\ICTD Lab\\node_modules\\@prisma\\.adapter-pg-KLhmYvup',
220 silly reify   'C:\\Users\\HP\\OneDrive\\Documents\\GitHub\\ICTD Lab\\node_modules\\@prisma\\client': 'C:\\Users\\HP\\OneDrive\\Documents\\GitHub\\ICTD Lab\\node_modules\\@prisma\\.client-Pl6cnhby',
220 silly reify   'C:\\Users\\HP\\OneDrive\\Documents\\GitHub\\ICTD Lab\\node_modules\\@prisma\\config': 'C:\\Users\\HP\\OneDrive\\Documents\\GitHub\\ICTD Lab\\node_modules\\@prisma\\.config-WpEwSEDV',
220 silly reify   'C:\\Users\\HP\\OneDrive\\Documents\\GitHub\\ICTD Lab\\node_modules\\@prisma\\debug': 'C:\\Users\\HP\\OneDrive\\Documents\\GitHub\\ICTD Lab\\node_modules\\@prisma\\.debug-CS5nZDdo',
220 silly reify   'C:\\Users\\HP\\OneDrive\\Documents\\GitHub\\ICTD Lab\\node_modules\\@prisma\\client-runtime-utils': 'C:\\Users\\HP\\OneDrive\\Documents\\GitHub\\ICTD Lab\\node_modules\\@prisma\\.client-runtime-utils-AijJ4HX4',
220 silly reify   'C:\\Users\\HP\\OneDrive\\Documents\\GitHub\\ICTD Lab\\node_modules\\@prisma\\dev': 'C:\\Users\\HP\\OneDrive\\Documents\\GitHub\\ICTD Lab\\node_modules\\@prisma\\.dev-GxeEm26V',
220 silly reify   'C:\\Users\\HP\\OneDrive\\Documents\\GitHub\\ICTD Lab\\node_modules\\@prisma\\driver-adapter-utils': 'C:\\Users\\HP\\OneDrive\\Documents\\GitHub\\ICTD Lab\\node_modules\\@prisma\\.driver-adapter-utils-IiB8l8gv',
220 silly reify   'C:\\Users\\HP\\OneDrive\\Documents\\GitHub\\ICTD Lab\\node_modules\\@prisma\\engines': 'C:\\Users\\HP\\OneDrive\\Documents\\GitHub\\ICTD Lab\\node_modules\\@prisma\\.engines-l1ThA0sC',
220 silly reify   'C:\\Users\\HP\\OneDrive\\Documents\\GitHub\\ICTD Lab\\node_modules\\@prisma\\engines-version': 'C:\\Users\\HP\\OneDrive\\Documents\\GitHub\\ICTD Lab\\node_modules\\@prisma\\.engines-version-ELm1KhqI',
220 silly reify   'C:\\Users\\HP\\OneDrive\\Documents\\GitHub\\ICTD Lab\\node_modules\\@prisma\\fetch-engine': 'C:\\Users\\HP\\OneDrive\\Documents\\GitHub\\ICTD Lab\\node_modules\\@prisma\\.fetch-engine-7SGWHjt5',
220 silly reify   'C:\\Users\\HP\\OneDrive\\Documents\\GitHub\\ICTD Lab\\node_modules\\@prisma\\get-platform': 'C:\\Users\\HP\\OneDrive\\Documents\\GitHub\\ICTD Lab\\node_modules\\@prisma\\.get-platform-N9LkRY0z',
220 silly reify   'C:\\Users\\HP\\OneDrive\\Documents\\GitHub\\ICTD Lab\\node_modules\\@prisma\\query-plan-executor': 'C:\\Users\\HP\\OneDrive\\Documents\\GitHub\\ICTD Lab\\node_modules\\@prisma\\.query-plan-executor-2fZu8yrG',
220 silly reify   'C:\\Users\\HP\\OneDrive\\Documents\\GitHub\\ICTD Lab\\node_modules\\@prisma\\studio-core': 'C:\\Users\\HP\\OneDrive\\Documents\\GitHub\\ICTD Lab\\node_modules\\@prisma\\.studio-core-aLiAc1xT',
220 silly reify   'C:\\Users\\HP\\OneDrive\\Documents\\GitHub\\ICTD Lab\\node_modules\\@smithy\\abort-controller': 'C:\\Users\\HP\\OneDrive\\Documents\\GitHub\\ICTD Lab\\node_modules\\@smithy\\.abort-controller-CyApmrSC',
220 silly reify   'C:\\Users\\HP\\OneDrive\\Documents\\GitHub\\ICTD Lab\\node_modules\\@smithy\\config-resolver': 'C:\\Users\\HP\\OneDrive\\Documents\\GitHub\\ICTD Lab\\node_modules\\@smithy\\.config-resolver-QWG27Mh8',
220 silly reify   'C:\\Users\\HP\\OneDrive\\Documents\\GitHub\\ICTD Lab\\node_modules\\@smithy\\core': 'C:\\Users\\HP\\OneDrive\\Documents\\GitHub\\ICTD Lab\\node_modules\\@smithy\\.core-0ufVoN8i',
220 silly reify   'C:\\Users\\HP\\OneDrive\\Documents\\GitHub\\ICTD Lab\\node_modules\\@smithy\\credential-provider-imds': 'C:\\Users\\HP\\OneDrive\\Documents\\GitHub\\ICTD Lab\\node_modules\\@smithy\\.credential-provider-imds-uEN9sHsX',
220 silly reify   'C:\\Users\\HP\\OneDrive\\Documents\\GitHub\\ICTD Lab\\node_modules\\@smithy\\fetch-http-handler': 'C:\\Users\\HP\\OneDrive\\Documents\\GitHub\\ICTD Lab\\node_modules\\@smithy\\.fetch-http-handler-aD99NMvt',
220 silly reify   'C:\\Users\\HP\\OneDrive\\Documents\\GitHub\\ICTD Lab\\node_modules\\@smithy\\hash-node': 'C:\\Users\\HP\\OneDrive\\Documents\\GitHub\\ICTD Lab\\node_modules\\@smithy\\.hash-node-7nftgPjy',
220 silly reify   'C:\\Users\\HP\\OneDrive\\Documents\\GitHub\\ICTD Lab\\node_modules\\@smithy\\invalid-dependency': 'C:\\Users\\HP\\OneDrive\\Documents\\GitHub\\ICTD Lab\\node_modules\\@smithy\\.invalid-dependency-pTBQdV3V',
220 silly reify   'C:\\Users\\HP\\OneDrive\\Documents\\GitHub\\ICTD Lab\\node_modules\\@smithy\\middleware-content-length': 'C:\\Users\\HP\\OneDrive\\Documents\\GitHub\\ICTD Lab\\node_modules\\@smithy\\.middleware-content-length-aYOAWGiw',
220 silly reify   'C:\\Users\\HP\\OneDrive\\Documents\\GitHub\\ICTD Lab\\node_modules\\@smithy\\middleware-endpoint': 'C:\\Users\\HP\\OneDrive\\Documents\\GitHub\\ICTD Lab\\node_modules\\@smithy\\.middleware-endpoint-xwhQ3XII',
220 silly reify   'C:\\Users\\HP\\OneDrive\\Documents\\GitHub\\ICTD Lab\\node_modules\\@smithy\\middleware-retry': 'C:\\Users\\HP\\OneDrive\\Documents\\GitHub\\ICTD Lab\\node_modules\\@smithy\\.middleware-retry-rlEHqZXD',
220 silly reify   'C:\\Users\\HP\\OneDrive\\Documents\\GitHub\\ICTD Lab\\node_modules\\@smithy\\middleware-serde': 'C:\\Users\\HP\\OneDrive\\Documents\\GitHub\\ICTD Lab\\node_modules\\@smithy\\.middleware-serde-5Q2hASEw',
220 silly reify   'C:\\Users\\HP\\OneDrive\\Documents\\GitHub\\ICTD Lab\\node_modules\\@smithy\\middleware-stack': 'C:\\Users\\HP\\OneDrive\\Documents\\GitHub\\ICTD Lab\\node_modules\\@smithy\\.middleware-stack-xbTVOu2l',
220 silly reify   'C:\\Users\\HP\\OneDrive\\Documents\\GitHub\\ICTD Lab\\node_modules\\@smithy\\node-config-provider': 'C:\\Users\\HP\\OneDrive\\Documents\\GitHub\\ICTD Lab\\node_modules\\@smithy\\.node-config-provider-inz88fkh',
220 silly reify   'C:\\Users\\HP\\OneDrive\\Documents\\GitHub\\ICTD Lab\\node_modules\\@smithy\\node-http-handler': 'C:\\Users\\HP\\OneDrive\\Documents\\GitHub\\ICTD Lab\\node_modules\\@smithy\\.node-http-handler-r6vLiQv8',
220 silly reify   'C:\\Users\\HP\\OneDrive\\Documents\\GitHub\\ICTD Lab\\node_modules\\@smithy\\property-provider': 'C:\\Users\\HP\\OneDrive\\Documents\\GitHub\\ICTD Lab\\node_modules\\@smithy\\.property-provider-BtwwIvT0',
220 silly reify   'C:\\Users\\HP\\OneDrive\\Documents\\GitHub\\ICTD Lab\\node_modules\\@smithy\\protocol-http': 'C:\\Users\\HP\\OneDrive\\Documents\\GitHub\\ICTD Lab\\node_modules\\@smithy\\.protocol-http-6OeFtxM6',
220 silly reify   'C:\\Users\\HP\\OneDrive\\Documents\\GitHub\\ICTD Lab\\node_modules\\@smithy\\querystring-builder': 'C:\\Users\\HP\\OneDrive\\Documents\\GitHub\\ICTD Lab\\node_modules\\@smithy\\.querystring-builder-LxhPWT29',
220 silly reify   'C:\\Users\\HP\\OneDrive\\Documents\\GitHub\\ICTD Lab\\node_modules\\@smithy\\querystring-parser': 'C:\\Users\\HP\\OneDrive\\Documents\\GitHub\\ICTD Lab\\node_modules\\@smithy\\.querystring-parser-fs2ugul2',
220 silly reify   'C:\\Users\\HP\\OneDrive\\Documents\\GitHub\\ICTD Lab\\node_modules\\@smithy\\service-error-classification': 'C:\\Users\\HP\\OneDrive\\Documents\\GitHub\\ICTD Lab\\node_modules\\@smithy\\.service-error-classification-zmK0C2aE',
220 silly reify   'C:\\Users\\HP\\OneDrive\\Documents\\GitHub\\ICTD Lab\\node_modules\\@smithy\\shared-ini-file-loader': 'C:\\Users\\HP\\OneDrive\\Documents\\GitHub\\ICTD Lab\\node_modules\\@smithy\\.shared-ini-file-loader-PhRuX3wF',
220 silly reify   'C:\\Users\\HP\\OneDrive\\Documents\\GitHub\\ICTD Lab\\node_modules\\@smithy\\signature-v4': 'C:\\Users\\HP\\OneDrive\\Documents\\GitHub\\ICTD Lab\\node_modules\\@smithy\\.signature-v4-3XdiiNxL',
220 silly reify   'C:\\Users\\HP\\OneDrive\\Documents\\GitHub\\ICTD Lab\\node_modules\\@smithy\\smithy-client': 'C:\\Users\\HP\\OneDrive\\Documents\\GitHub\\ICTD Lab\\node_modules\\@smithy\\.smithy-client-bIe9ZURJ',
220 silly reify   'C:\\Users\\HP\\OneDrive\\Documents\\GitHub\\ICTD Lab\\node_modules\\@smithy\\types': 'C:\\Users\\HP\\OneDrive\\Documents\\GitHub\\ICTD Lab\\node_modules\\@smithy\\.types-WPbUDyBP',
220 silly reify   'C:\\Users\\HP\\OneDrive\\Documents\\GitHub\\ICTD Lab\\node_modules\\@smithy\\url-parser': 'C:\\Users\\HP\\OneDrive\\Documents\\GitHub\\ICTD Lab\\node_modules\\@smithy\\.url-parser-kbsUiV1t',
220 silly reify   'C:\\Users\\HP\\OneDrive\\Documents\\GitHub\\ICTD Lab\\node_modules\\@smithy\\util-defaults-mode-browser': 'C:\\Users\\HP\\OneDrive\\Documents\\GitHub\\ICTD Lab\\node_modules\\@smithy\\.util-defaults-mode-browser-drAF20sE',
220 silly reify   'C:\\Users\\HP\\OneDrive\\Documents\\GitHub\\ICTD Lab\\node_modules\\@smithy\\util-defaults-mode-node': 'C:\\Users\\HP\\OneDrive\\Documents\\GitHub\\ICTD Lab\\node_modules\\@smithy\\.util-defaults-mode-node-bcjuzhtV',
220 silly reify   'C:\\Users\\HP\\OneDrive\\Documents\\GitHub\\ICTD Lab\\node_modules\\@smithy\\util-endpoints': 'C:\\Users\\HP\\OneDrive\\Documents\\GitHub\\ICTD Lab\\node_modules\\@smithy\\.util-endpoints-0wUPMFKb',
220 silly reify   'C:\\Users\\HP\\OneDrive\\Documents\\GitHub\\ICTD Lab\\node_modules\\@smithy\\util-middleware': 'C:\\Users\\HP\\OneDrive\\Documents\\GitHub\\ICTD Lab\\node_modules\\@smithy\\.util-middleware-ckdh0QUm',
220 silly reify   'C:\\Users\\HP\\OneDrive\\Documents\\GitHub\\ICTD Lab\\node_modules\\@smithy\\util-retry': 'C:\\Users\\HP\\OneDrive\\Documents\\GitHub\\ICTD Lab\\node_modules\\@smithy\\.util-retry-FmEP6dG2',
220 silly reify   'C:\\Users\\HP\\OneDrive\\Documents\\GitHub\\ICTD Lab\\node_modules\\@smithy\\util-stream': 'C:\\Users\\HP\\OneDrive\\Documents\\GitHub\\ICTD Lab\\node_modules\\@smithy\\.util-stream-Loi6874Y',
220 silly reify   'C:\\Users\\HP\\OneDrive\\Documents\\GitHub\\ICTD Lab\\node_modules\\@types\\bcryptjs': 'C:\\Users\\HP\\OneDrive\\Documents\\GitHub\\ICTD Lab\\node_modules\\@types\\.bcryptjs-mC5gEmG8',
220 silly reify   'C:\\Users\\HP\\OneDrive\\Documents\\GitHub\\ICTD Lab\\node_modules\\@types\\cookie-parser': 'C:\\Users\\HP\\OneDrive\\Documents\\GitHub\\ICTD Lab\\node_modules\\@types\\.cookie-parser-0pDwhhnj',
220 silly reify   'C:\\Users\\HP\\OneDrive\\Documents\\GitHub\\ICTD Lab\\node_modules\\@types\\cors': 'C:\\Users\\HP\\OneDrive\\Documents\\GitHub\\ICTD Lab\\node_modules\\@types\\.cors-bwAZv2Kp',
220 silly reify   'C:\\Users\\HP\\OneDrive\\Documents\\GitHub\\ICTD Lab\\node_modules\\@types\\express-serve-static-core': 'C:\\Users\\HP\\OneDrive\\Documents\\GitHub\\ICTD Lab\\node_modules\\@types\\.express-serve-static-core-RiG59igO',
220 silly reify   'C:\\Users\\HP\\OneDrive\\Documents\\GitHub\\ICTD Lab\\node_modules\\@types\\multer': 'C:\\Users\\HP\\OneDrive\\Documents\\GitHub\\ICTD Lab\\node_modules\\@types\\.multer-0NzF9JOu',
220 silly reify   'C:\\Users\\HP\\OneDrive\\Documents\\GitHub\\ICTD Lab\\node_modules\\@types\\node': 'C:\\Users\\HP\\OneDrive\\Documents\\GitHub\\ICTD Lab\\node_modules\\@types\\.node-bbzhkSCi',
220 silly reify   'C:\\Users\\HP\\OneDrive\\Documents\\GitHub\\ICTD Lab\\node_modules\\@types\\nodemailer': 'C:\\Users\\HP\\OneDrive\\Documents\\GitHub\\ICTD Lab\\node_modules\\@types\\.nodemailer-yaghmLP3',
220 silly reify   'C:\\Users\\HP\\OneDrive\\Documents\\GitHub\\ICTD Lab\\node_modules\\@types\\pg': 'C:\\Users\\HP\\OneDrive\\Documents\\GitHub\\ICTD Lab\\node_modules\\@types\\.pg-4J6Qrfxe',
220 silly reify   'C:\\Users\\HP\\OneDrive\\Documents\\GitHub\\ICTD Lab\\node_modules\\@types\\strip-bom': 'C:\\Users\\HP\\OneDrive\\Documents\\GitHub\\ICTD Lab\\node_modules\\@types\\.strip-bom-vzuybpM5',
220 silly reify   'C:\\Users\\HP\\OneDrive\\Documents\\GitHub\\ICTD Lab\\node_modules\\@types\\strip-json-comments': 'C:\\Users\\HP\\OneDrive\\Documents\\GitHub\\ICTD Lab\\node_modules\\@types\\.strip-json-comments-5TSgCFL5',
220 silly reify   'C:\\Users\\HP\\OneDrive\\Documents\\GitHub\\ICTD Lab\\node_modules\\@types\\uuid': 'C:\\Users\\HP\\OneDrive\\Documents\\GitHub\\ICTD Lab\\node_modules\\@types\\.uuid-tajKleeL',
220 silly reify   'C:\\Users\\HP\\OneDrive\\Documents\\GitHub\\ICTD Lab\\node_modules\\@types\\winston': 'C:\\Users\\HP\\OneDrive\\Documents\\GitHub\\ICTD Lab\\node_modules\\@types\\.winston-Di9hjJTH'
220 silly reify }
221 silly audit bulk request {
221 silly audit   '@aws-crypto/sha256-browser': [ '5.2.0' ],
221 silly audit   '@smithy/is-array-buffer': [ '2.2.0', '4.2.0' ],
221 silly audit   '@smithy/util-buffer-from': [ '2.2.0', '4.2.0' ],
221 silly audit   '@smithy/util-utf8': [ '2.3.0', '4.2.0' ],
221 silly audit   '@aws-crypto/sha256-js': [ '5.2.0' ],
221 silly audit   '@aws-crypto/supports-web-crypto': [ '5.2.0' ],
221 silly audit   '@aws-crypto/util': [ '5.2.0' ],
221 silly audit   '@aws-sdk/client-sesv2': [ '3.971.0' ],
221 silly audit   '@aws-sdk/client-sso': [ '3.971.0' ],
221 silly audit   '@aws-sdk/core': [ '3.970.0' ],
221 silly audit   '@aws-sdk/credential-provider-env': [ '3.970.0' ],
221 silly audit   '@aws-sdk/credential-provider-http': [ '3.970.0' ],
221 silly audit   '@aws-sdk/credential-provider-ini': [ '3.971.0' ],
221 silly audit   '@aws-sdk/credential-provider-login': [ '3.971.0' ],
221 silly audit   '@aws-sdk/credential-provider-node': [ '3.971.0' ],
221 silly audit   '@aws-sdk/credential-provider-process': [ '3.970.0' ],
221 silly audit   '@aws-sdk/credential-provider-sso': [ '3.971.0' ],
221 silly audit   '@aws-sdk/credential-provider-web-identity': [ '3.971.0' ],
221 silly audit   '@aws-sdk/middleware-host-header': [ '3.969.0' ],
221 silly audit   '@aws-sdk/middleware-logger': [ '3.969.0' ],
221 silly audit   '@aws-sdk/middleware-recursion-detection': [ '3.969.0' ],
221 silly audit   '@aws-sdk/middleware-sdk-s3': [ '3.970.0' ],
221 silly audit   '@aws-sdk/middleware-user-agent': [ '3.970.0' ],
221 silly audit   '@aws-sdk/nested-clients': [ '3.971.0' ],
221 silly audit   '@aws-sdk/region-config-resolver': [ '3.969.0' ],
221 silly audit   '@aws-sdk/signature-v4-multi-region': [ '3.970.0' ],
221 silly audit   '@aws-sdk/token-providers': [ '3.971.0' ],
221 silly audit   '@aws-sdk/types': [ '3.969.0' ],
221 silly audit   '@aws-sdk/util-arn-parser': [ '3.968.0' ],
221 silly audit   '@aws-sdk/util-endpoints': [ '3.970.0' ],
221 silly audit   '@aws-sdk/util-locate-window': [ '3.965.2' ],
221 silly audit   '@aws-sdk/util-user-agent-browser': [ '3.969.0' ],
221 silly audit   '@aws-sdk/util-user-agent-node': [ '3.971.0' ],
221 silly audit   '@aws-sdk/xml-builder': [ '3.969.0' ],
221 silly audit   '@aws/lambda-invoke-store': [ '0.2.3' ],
221 silly audit   '@chevrotain/cst-dts-gen': [ '10.5.0' ],
221 silly audit   '@chevrotain/gast': [ '10.5.0' ],
221 silly audit   '@chevrotain/types': [ '10.5.0' ],
221 silly audit   '@chevrotain/utils': [ '10.5.0' ],
221 silly audit   '@colors/colors': [ '1.6.0' ],
221 silly audit   '@cspotcode/source-map-support': [ '0.8.1' ],
221 silly audit   '@dabh/diagnostics': [ '2.0.8' ],
221 silly audit   '@electric-sql/pglite': [ '0.3.15' ],
221 silly audit   '@electric-sql/pglite-socket': [ '0.0.20' ],
221 silly audit   '@electric-sql/pglite-tools': [ '0.2.20' ],
221 silly audit   '@esbuild/aix-ppc64': [ '0.27.2' ],
221 silly audit   '@esbuild/android-arm': [ '0.27.2' ],
221 silly audit   '@esbuild/android-arm64': [ '0.27.2' ],
221 silly audit   '@esbuild/android-x64': [ '0.27.2' ],
221 silly audit   '@esbuild/darwin-arm64': [ '0.27.2' ],
221 silly audit   '@esbuild/darwin-x64': [ '0.27.2' ],
221 silly audit   '@esbuild/freebsd-arm64': [ '0.27.2' ],
221 silly audit   '@esbuild/freebsd-x64': [ '0.27.2' ],
221 silly audit   '@esbuild/linux-arm': [ '0.27.2' ],
221 silly audit   '@esbuild/linux-arm64': [ '0.27.2' ],
221 silly audit   '@esbuild/linux-ia32': [ '0.27.2' ],
221 silly audit   '@esbuild/linux-loong64': [ '0.27.2' ],
221 silly audit   '@esbuild/linux-mips64el': [ '0.27.2' ],
221 silly audit   '@esbuild/linux-ppc64': [ '0.27.2' ],
221 silly audit   '@esbuild/linux-riscv64': [ '0.27.2' ],
221 silly audit   '@esbuild/linux-s390x': [ '0.27.2' ],
221 silly audit   '@esbuild/linux-x64': [ '0.27.2' ],
221 silly audit   '@esbuild/netbsd-arm64': [ '0.27.2' ],
221 silly audit   '@esbuild/netbsd-x64': [ '0.27.2' ],
221 silly audit   '@esbuild/openbsd-arm64': [ '0.27.2' ],
221 silly audit   '@esbuild/openbsd-x64': [ '0.27.2' ],
221 silly audit   '@esbuild/openharmony-arm64': [ '0.27.2' ],
221 silly audit   '@esbuild/sunos-x64': [ '0.27.2' ],
221 silly audit   '@esbuild/win32-arm64': [ '0.27.2' ],
221 silly audit   '@esbuild/win32-ia32': [ '0.27.2' ],
221 silly audit   '@esbuild/win32-x64': [ '0.27.2' ],
221 silly audit   '@hono/node-server': [ '1.19.9' ],
221 silly audit   '@jridgewell/resolve-uri': [ '3.1.2' ],
221 silly audit   '@jridgewell/sourcemap-codec': [ '1.5.5' ],
221 silly audit   '@jridgewell/trace-mapping': [ '0.3.9' ],
221 silly audit   '@mrleebo/prisma-ast': [ '0.13.1' ],
221 silly audit   '@prisma/adapter-pg': [ '7.2.0' ],
221 silly audit   'postgres-array': [ '3.0.4', '2.0.0' ],
221 silly audit   '@prisma/client': [ '7.4.1' ],
221 silly audit   '@prisma/client-runtime-utils': [ '7.4.1' ],
221 silly audit   '@prisma/config': [ '7.4.1' ],
221 silly audit   '@prisma/debug': [ '7.2.0', '7.4.1' ],
221 silly audit   '@prisma/dev': [ '0.20.0' ],
221 silly audit   '@prisma/driver-adapter-utils': [ '7.2.0' ],
221 silly audit   '@prisma/engines': [ '7.4.1' ],
221 silly audit   '@prisma/engines-version': [ '7.5.0-4.55ae170b1ced7fc6ed07a15f110549408c501bb3' ],
221 silly audit   '@prisma/get-platform': [ '7.4.1', '7.2.0' ],
221 silly audit   '@prisma/fetch-engine': [ '7.4.1' ],
221 silly audit   '@prisma/query-plan-executor': [ '7.2.0' ],
221 silly audit   '@prisma/studio-core': [ '0.13.1' ],
221 silly audit   '@smithy/abort-controller': [ '4.2.8' ],
221 silly audit   '@smithy/config-resolver': [ '4.4.6' ],
221 silly audit   '@smithy/core': [ '3.20.7' ],
221 silly audit   '@smithy/credential-provider-imds': [ '4.2.8' ],
221 silly audit   '@smithy/fetch-http-handler': [ '5.3.9' ],
221 silly audit   '@smithy/hash-node': [ '4.2.8' ],
221 silly audit   '@smithy/invalid-dependency': [ '4.2.8' ],
221 silly audit   '@smithy/middleware-content-length': [ '4.2.8' ],
221 silly audit   '@smithy/middleware-endpoint': [ '4.4.8' ],
221 silly audit   '@smithy/middleware-retry': [ '4.4.24' ],
221 silly audit   '@smithy/middleware-serde': [ '4.2.9' ],
221 silly audit   '@smithy/middleware-stack': [ '4.2.8' ],
221 silly audit   '@smithy/node-config-provider': [ '4.3.8' ],
221 silly audit   '@smithy/node-http-handler': [ '4.4.8' ],
221 silly audit   '@smithy/property-provider': [ '4.2.8' ],
221 silly audit   '@smithy/protocol-http': [ '5.3.8' ],
221 silly audit   '@smithy/querystring-builder': [ '4.2.8' ],
221 silly audit   '@smithy/querystring-parser': [ '4.2.8' ],
221 silly audit   '@smithy/service-error-classification': [ '4.2.8' ],
221 silly audit   '@smithy/shared-ini-file-loader': [ '4.4.3' ],
221 silly audit   '@smithy/signature-v4': [ '5.3.8' ],
221 silly audit   '@smithy/smithy-client': [ '4.10.9' ],
221 silly audit   '@smithy/types': [ '4.12.0' ],
221 silly audit   '@smithy/url-parser': [ '4.2.8' ],
221 silly audit   '@smithy/util-base64': [ '4.3.0' ],
221 silly audit   '@smithy/util-body-length-browser': [ '4.2.0' ],
221 silly audit   '@smithy/util-body-length-node': [ '4.2.1' ],
221 silly audit   '@smithy/util-config-provider': [ '4.2.0' ],
221 silly audit   '@smithy/util-defaults-mode-browser': [ '4.3.23' ],
221 silly audit   '@smithy/util-defaults-mode-node': [ '4.2.26' ],
221 silly audit   '@smithy/util-endpoints': [ '3.2.8' ],
221 silly audit   '@smithy/util-hex-encoding': [ '4.2.0' ],
221 silly audit   '@smithy/util-middleware': [ '4.2.8' ],
221 silly audit   '@smithy/util-retry': [ '4.2.8' ],
221 silly audit   '@smithy/util-stream': [ '4.5.10' ],
221 silly audit   '@smithy/util-uri-escape': [ '4.2.0' ],
221 silly audit   '@smithy/uuid': [ '1.1.0' ],
221 silly audit   '@so-ric/colorspace': [ '1.1.6' ],
221 silly audit   '@standard-schema/spec': [ '1.1.0' ],
221 silly audit   '@tsconfig/node10': [ '1.0.12' ],
221 silly audit   '@tsconfig/node12': [ '1.0.11' ],
221 silly audit   '@tsconfig/node14': [ '1.0.3' ],
221 silly audit   '@tsconfig/node16': [ '1.0.4' ],
221 silly audit   '@types/bcryptjs': [ '2.4.6' ],
221 silly audit   '@types/body-parser': [ '1.19.6' ],
221 silly audit   '@types/connect': [ '3.4.38' ],
221 silly audit   '@types/cookie-parser': [ '1.4.10' ],
221 silly audit   '@types/cors': [ '2.8.19' ],
221 silly audit   '@types/express': [ '5.0.6' ],
221 silly audit   '@types/express-serve-static-core': [ '5.1.0' ],
221 silly audit   '@types/http-errors': [ '2.0.5' ],
221 silly audit   '@types/jsonwebtoken': [ '9.0.10' ],
221 silly audit   '@types/ms': [ '2.1.0' ],
221 silly audit   '@types/multer': [ '2.0.0' ],
221 silly audit   '@types/node': [ '25.0.5' ],
221 silly audit   '@types/nodemailer': [ '7.0.5' ],
221 silly audit   '@types/pg': [ '8.16.0' ],
221 silly audit   '@types/qs': [ '6.14.0' ],
221 silly audit   '@types/range-parser': [ '1.2.7' ],
221 silly audit   '@types/react': [ '19.2.14' ],
221 silly audit   '@types/send': [ '1.2.1' ],
221 silly audit   '@types/serve-static': [ '2.2.0' ],
221 silly audit   '@types/strip-bom': [ '3.0.0' ],
221 silly audit   '@types/strip-json-comments': [ '0.0.30' ],
221 silly audit   '@types/triple-beam': [ '1.3.5' ],
221 silly audit   '@types/uuid': [ '10.0.0' ],
221 silly audit   '@types/winston': [ '2.4.4' ],
221 silly audit   accepts: [ '2.0.0' ],
221 silly audit   acorn: [ '8.15.0' ],
221 silly audit   'acorn-walk': [ '8.3.4' ],
221 silly audit   'adler-32': [ '1.3.1' ],
221 silly audit   anymatch: [ '3.1.3' ],
221 silly audit   'append-field': [ '1.0.0' ],
221 silly audit   arg: [ '4.1.3' ],
221 silly audit   argparse: [ '2.0.1' ],
221 silly audit   async: [ '3.2.6' ],
221 silly audit   asynckit: [ '0.4.0' ],
221 silly audit   'aws-ssl-profiles': [ '1.1.2' ],
221 silly audit   axios: [ '1.13.6' ],
221 silly audit   'balanced-match': [ '1.0.2' ],
221 silly audit   bcryptjs: [ '3.0.3' ],
221 silly audit   'binary-extensions': [ '2.3.0' ],
221 silly audit   'body-parser': [ '2.2.2' ],
221 silly audit   bowser: [ '2.13.1' ],
221 silly audit   'brace-expansion': [ '1.1.12' ],
221 silly audit   braces: [ '3.0.3' ],
221 silly audit   'buffer-equal-constant-time': [ '1.0.1' ],
221 silly audit   'buffer-from': [ '1.1.2' ],
221 silly audit   busboy: [ '1.6.0' ],
221 silly audit   bytes: [ '3.1.2' ],
221 silly audit   c12: [ '3.1.0' ],
221 silly audit   dotenv: [ '16.6.1', '17.2.3' ],
221 silly audit   'call-bind-apply-helpers': [ '1.0.2' ],
221 silly audit   'call-bound': [ '1.0.4' ],
221 silly audit   cfb: [ '1.2.2' ],
221 silly audit   chevrotain: [ '10.5.0' ],
221 silly audit   chokidar: [ '4.0.3', '3.6.0' ],
221 silly audit   citty: [ '0.1.6', '0.2.1' ],
221 silly audit   cloudinary: [ '1.41.3' ],
221 silly audit   'cloudinary-core': [ '2.14.0' ],
221 silly audit   codepage: [ '1.15.0' ],
221 silly audit   color: [ '5.0.3' ],
221 silly audit   'color-convert': [ '3.1.3' ],
221 silly audit   'color-name': [ '2.1.0' ],
221 silly audit   'color-string': [ '2.1.4' ],
221 silly audit   'combined-stream': [ '1.0.8' ],
221 silly audit   commander: [ '2.20.3' ],
221 silly audit   'concat-map': [ '0.0.1' ],
221 silly audit   'concat-stream': [ '2.0.0' ],
221 silly audit   confbox: [ '0.2.4' ],
221 silly audit   consola: [ '3.4.2' ],
221 silly audit   'content-disposition': [ '1.0.1' ],
221 silly audit   'content-type': [ '1.0.5' ],
221 silly audit   cookie: [ '0.7.2' ],
221 silly audit   'cookie-parser': [ '1.4.7' ],
221 silly audit   'cookie-signature': [ '1.0.6', '1.2.2' ],
221 silly audit   'core-js': [ '3.48.0' ],
221 silly audit   cors: [ '2.8.5' ],
221 silly audit   'crc-32': [ '1.2.2' ],
221 silly audit   'create-require': [ '1.1.1' ],
221 silly audit   'cross-spawn': [ '7.0.6' ],
221 silly audit   csstype: [ '3.2.3' ],
221 silly audit   debug: [ '4.4.3' ],
221 silly audit   'deepmerge-ts': [ '7.1.5' ],
221 silly audit   defu: [ '6.1.4' ],
221 silly audit   'delayed-stream': [ '1.0.0' ],
221 silly audit   denque: [ '2.1.0' ],
221 silly audit   depd: [ '2.0.0' ],
221 silly audit   destr: [ '2.0.5' ],
221 silly audit   'detect-europe-js': [ '0.1.2' ],
221 silly audit   diff: [ '4.0.2' ],
221 silly audit   'discontinuous-range': [ '1.0.0' ],
221 silly audit   'dunder-proto': [ '1.0.1' ],
221 silly audit   'dynamic-dedupe': [ '0.3.0' ],
221 silly audit   'ecdsa-sig-formatter': [ '1.0.11' ],
221 silly audit   'ee-first': [ '1.1.1' ],
221 silly audit   effect: [ '3.18.4' ],
221 silly audit   empathic: [ '2.0.0' ],
221 silly audit   enabled: [ '2.0.0' ],
221 silly audit   encodeurl: [ '2.0.0' ],
221 silly audit   'es-define-property': [ '1.0.1' ],
221 silly audit   'es-errors': [ '1.3.0' ],
221 silly audit   'es-object-atoms': [ '1.1.1' ],
221 silly audit   'es-set-tostringtag': [ '2.1.0' ],
221 silly audit   esbuild: [ '0.27.2' ],
221 silly audit   'escape-html': [ '1.0.3' ],
221 silly audit   etag: [ '1.8.1' ],
221 silly audit   express: [ '5.2.1' ],
221 silly audit   exsolve: [ '1.0.8' ],
221 silly audit   'fast-check': [ '3.23.2' ],
221 silly audit   'fast-xml-parser': [ '5.2.5' ],
221 silly audit   fecha: [ '4.2.3' ],
221 silly audit   'fill-range': [ '7.1.1' ],
221 silly audit   finalhandler: [ '2.1.1' ],
221 silly audit   'fn.name': [ '1.1.0' ],
221 silly audit   'follow-redirects': [ '1.15.11' ],
221 silly audit   'foreground-child': [ '3.3.1' ],
221 silly audit   'form-data': [ '4.0.5' ],
221 silly audit   'mime-db': [ '1.52.0', '1.54.0' ],
221 silly audit   'mime-types': [ '2.1.35', '3.0.2' ],
221 silly audit   forwarded: [ '0.2.0' ],
221 silly audit   frac: [ '1.1.2' ],
221 silly audit   fresh: [ '2.0.0' ],
221 silly audit   'fs.realpath': [ '1.0.0' ],
221 silly audit   fsevents: [ '2.3.3' ],
221 silly audit   'function-bind': [ '1.1.2' ],
221 silly audit   'generate-function': [ '2.3.1' ],
221 silly audit   'get-intrinsic': [ '1.3.0' ],
221 silly audit   'get-port-please': [ '3.2.0' ],
221 silly audit   'get-proto': [ '1.0.1' ],
221 silly audit   'get-tsconfig': [ '4.13.0' ],
221 silly audit   giget: [ '2.0.0' ],
221 silly audit   glob: [ '7.2.3' ],
221 silly audit   'glob-parent': [ '5.1.2' ],
221 silly audit   gopd: [ '1.2.0' ],
221 silly audit   'graceful-fs': [ '4.2.11' ],
221 silly audit   grammex: [ '3.1.12' ],
221 silly audit   graphmatch: [ '1.1.1' ],
221 silly audit   'has-flag': [ '3.0.0' ],
221 silly audit   'has-symbols': [ '1.1.0' ],
221 silly audit   'has-tostringtag': [ '1.0.2' ],
221 silly audit   hasown: [ '2.0.2' ],
221 silly audit   hono: [ '4.11.4' ],
221 silly audit   'http-errors': [ '2.0.1' ],
221 silly audit   'http-status-codes': [ '2.3.0' ],
221 silly audit   'iconv-lite': [ '0.7.2' ],
221 silly audit   'ignore-by-default': [ '1.0.1' ],
221 silly audit   inflight: [ '1.0.6' ],
221 silly audit   inherits: [ '2.0.4' ],
221 silly audit   'ipaddr.js': [ '1.9.1' ],
221 silly audit   'is-binary-path': [ '2.1.0' ],
221 silly audit   'is-core-module': [ '2.16.1' ],
221 silly audit   'is-extglob': [ '2.1.1' ],
221 silly audit   'is-glob': [ '4.0.3' ],
221 silly audit   'is-number': [ '7.0.0' ],
221 silly audit   'is-promise': [ '4.0.0' ],
221 silly audit   'is-property': [ '1.0.2' ],
221 silly audit   'is-standalone-pwa': [ '0.1.1' ],
221 silly audit   'is-stream': [ '2.0.1' ],
221 silly audit   isexe: [ '2.0.0' ],
221 silly audit   jiti: [ '2.6.1' ],
221 silly audit   jsonwebtoken: [ '9.0.3' ],
221 silly audit   jwa: [ '2.0.1' ],
221 silly audit   jws: [ '4.0.1' ],
221 silly audit   kuler: [ '2.0.0' ],
221 silly audit   lilconfig: [ '2.1.0' ],
221 silly audit   lodash: [ '4.17.21' ],
221 silly audit   'lodash.includes': [ '4.3.0' ],
221 silly audit   'lodash.isboolean': [ '3.0.3' ],
221 silly audit   'lodash.isinteger': [ '4.0.4' ],
221 silly audit   'lodash.isnumber': [ '3.0.3' ],
221 silly audit   'lodash.isplainobject': [ '4.0.6' ],
221 silly audit   'lodash.isstring': [ '4.0.1' ],
221 silly audit   'lodash.once': [ '4.1.1' ],
221 silly audit   logform: [ '2.7.0' ],
221 silly audit   long: [ '5.3.2' ],
221 silly audit   'lru.min': [ '1.1.3' ],
221 silly audit   'make-error': [ '1.3.6' ],
221 silly audit   'math-intrinsics': [ '1.1.0' ],
221 silly audit   'media-typer': [ '1.1.0', '0.3.0' ],
221 silly audit   'merge-descriptors': [ '2.0.0' ],
221 silly audit   minimatch: [ '3.1.2' ],
221 silly audit   minimist: [ '1.2.8' ],
221 silly audit   mkdirp: [ '1.0.4', '0.5.6' ],
221 silly audit   moo: [ '0.5.2' ],
221 silly audit   ms: [ '2.1.3' ],
221 silly audit   multer: [ '2.0.2' ],
221 silly audit   'multer-storage-cloudinary': [ '4.0.0' ],
221 silly audit   'type-is': [ '1.6.18', '2.0.1' ],
221 silly audit   mysql2: [ '3.15.3' ],
221 silly audit   'named-placeholders': [ '1.1.6' ],
221 silly audit   nearley: [ '2.20.1' ],
221 silly audit   negotiator: [ '1.0.0' ],
221 silly audit   'node-fetch-native': [ '1.6.7' ],
221 silly audit   nodemailer: [ '7.0.12' ],
221 silly audit   nodemon: [ '3.1.11' ],
221 silly audit   readdirp: [ '3.6.0', '4.1.2' ],
221 silly audit   'normalize-path': [ '3.0.0' ],
221 silly audit   nypm: [ '0.6.5' ],
221 silly audit   'object-assign': [ '4.1.1' ],
221 silly audit   'object-inspect': [ '1.13.4' ],
221 silly audit   ohash: [ '2.0.11' ],
221 silly audit   'on-finished': [ '2.4.1' ],
221 silly audit   once: [ '1.4.0' ],
221 silly audit   'one-time': [ '1.0.0' ],
221 silly audit   parseurl: [ '1.3.3' ],
221 silly audit   'path-is-absolute': [ '1.0.1' ],
221 silly audit   'path-key': [ '3.1.1' ],
221 silly audit   'path-parse': [ '1.0.7' ],
221 silly audit   'path-to-regexp': [ '8.3.0' ],
221 silly audit   pathe: [ '2.0.3' ],
221 silly audit   'perfect-debounce': [ '1.0.0' ],
221 silly audit   pg: [ '8.16.3' ],
221 silly audit   'pg-cloudflare': [ '1.2.7' ],
221 silly audit   'pg-connection-string': [ '2.9.1' ],
221 silly audit   'pg-int8': [ '1.0.1' ],
221 silly audit   'pg-pool': [ '3.10.1' ],
221 silly audit   'pg-protocol': [ '1.10.3' ],
221 silly audit   'pg-types': [ '2.2.0' ],
221 silly audit   pgpass: [ '1.0.5' ],
221 silly audit   picomatch: [ '2.3.1' ],
221 silly audit   'pkg-types': [ '2.3.0' ],
221 silly audit   postgres: [ '3.4.7' ],
221 silly audit   'postgres-bytea': [ '1.0.1' ],
221 silly audit   'postgres-date': [ '1.0.7' ],
221 silly audit   'postgres-interval': [ '1.2.0' ],
221 silly audit   prisma: [ '7.4.1' ],
221 silly audit   'proper-lockfile': [ '4.1.2' ],
221 silly audit   'signal-exit': [ '3.0.7', '4.1.0' ],
221 silly audit   'proxy-addr': [ '2.0.7' ],
221 silly audit   'proxy-from-env': [ '1.1.0' ],
221 silly audit   'pstree.remy': [ '1.1.8' ],
221 silly audit   'pure-rand': [ '6.1.0' ],
221 silly audit   q: [ '1.5.1' ],
221 silly audit   qs: [ '6.14.1' ],
221 silly audit   'railroad-diagrams': [ '1.0.0' ],
221 silly audit   randexp: [ '0.4.6' ],
221 silly audit   'range-parser': [ '1.2.1' ],
221 silly audit   'raw-body': [ '3.0.2' ],
221 silly audit   rc9: [ '2.1.2' ],
221 silly audit   react: [ '19.2.4' ],
221 silly audit   'react-dom': [ '19.2.4' ],
221 silly audit   'readable-stream': [ '3.6.2' ],
221 silly audit   'regexp-to-ast': [ '0.5.0' ],
221 silly audit   remeda: [ '2.33.4' ],
221 silly audit   resolve: [ '1.22.11' ],
221 silly audit   'resolve-pkg-maps': [ '1.0.0' ],
221 silly audit   ret: [ '0.1.15' ],
221 silly audit   retry: [ '0.12.0' ],
221 silly audit   rimraf: [ '2.7.1' ],
221 silly audit   router: [ '2.2.0' ],
221 silly audit   'safe-buffer': [ '5.2.1' ],
221 silly audit   'safe-stable-stringify': [ '2.5.0' ],
221 silly audit   'safer-buffer': [ '2.1.2' ],
221 silly audit   scheduler: [ '0.27.0' ],
221 silly audit   semver: [ '7.7.3' ],
221 silly audit   send: [ '1.2.1' ],
221 silly audit   'seq-queue': [ '0.0.5' ],
221 silly audit   'serve-static': [ '2.2.1' ],
221 silly audit   setprototypeof: [ '1.2.0' ],
221 silly audit   'shebang-command': [ '2.0.0' ],
221 silly audit   'shebang-regex': [ '3.0.0' ],
221 silly audit   'side-channel': [ '1.1.0' ],
221 silly audit   'side-channel-list': [ '1.0.0' ],
221 silly audit   'side-channel-map': [ '1.0.1' ],
221 silly audit   'side-channel-weakmap': [ '1.0.2' ],
221 silly audit   'simple-update-notifier': [ '2.0.0' ],
221 silly audit   'source-map': [ '0.6.1' ],
221 silly audit   'source-map-support': [ '0.5.21' ],
221 silly audit   split2: [ '4.2.0' ],
221 silly audit   'sql-formatter': [ '15.6.12' ],
221 silly audit   sqlstring: [ '2.3.3' ],
221 silly audit   ssf: [ '0.11.2' ],
221 silly audit   'stack-trace': [ '0.0.10' ],
221 silly audit   statuses: [ '2.0.2' ],
221 silly audit   'std-env': [ '3.10.0' ],
221 silly audit   streamsearch: [ '1.1.0' ],
221 silly audit   string_decoder: [ '1.3.0' ],
221 silly audit   'strip-bom': [ '3.0.0' ],
221 silly audit   'strip-json-comments': [ '2.0.1' ],
221 silly audit   strnum: [ '2.1.2' ],
221 silly audit   'supports-color': [ '5.5.0' ],
221 silly audit   'supports-preserve-symlinks-flag': [ '1.0.0' ],
221 silly audit   'text-hex': [ '1.0.0' ],
221 silly audit   tinyexec: [ '1.0.2' ],
221 silly audit   'to-regex-range': [ '5.0.1' ],
221 silly audit   toidentifier: [ '1.0.1' ],
221 silly audit   touch: [ '3.1.1' ],
221 silly audit   'tree-kill': [ '1.2.2' ],
221 silly audit   'triple-beam': [ '1.4.1' ],
221 silly audit   'ts-node': [ '10.9.2' ],
221 silly audit   'ts-node-dev': [ '2.0.0' ],
221 silly audit   tsconfig: [ '7.0.0' ],
221 silly audit   tslib: [ '2.8.1' ],
221 silly audit   tsx: [ '4.21.0' ],
221 silly audit   typedarray: [ '0.0.6' ],
221 silly audit   typescript: [ '5.9.3' ],
221 silly audit   'ua-is-frozen': [ '0.1.2' ],
221 silly audit   'ua-parser-js': [ '2.0.7' ],
221 silly audit   undefsafe: [ '2.0.5' ],
221 silly audit   'undici-types': [ '7.16.0' ],
221 silly audit   unpipe: [ '1.0.0' ],
221 silly audit   'util-deprecate': [ '1.0.2' ],
221 silly audit   uuid: [ '13.0.0' ],
221 silly audit   'v8-compile-cache-lib': [ '3.0.1' ],
221 silly audit   valibot: [ '1.2.0' ],
221 silly audit   vary: [ '1.1.2' ],
221 silly audit   which: [ '2.0.2' ],
221 silly audit   winston: [ '3.19.0' ],
221 silly audit   'winston-transport': [ '4.9.0' ],
221 silly audit   wmf: [ '1.0.2' ],
221 silly audit   word: [ '0.3.0' ],
221 silly audit   wrappy: [ '1.0.2' ],
221 silly audit   xlsx: [ '0.18.5' ],
221 silly audit   xtend: [ '4.0.2' ],
221 silly audit   yn: [ '3.1.1' ],
221 silly audit   zeptomatch: [ '2.1.0' ]
221 silly audit }
222 http cache @types/uuid@https://registry.npmjs.org/@types/uuid/-/uuid-10.0.0.tgz 1ms (cache hit)
223 http cache @types/winston@https://registry.npmjs.org/@types/winston/-/winston-2.4.4.tgz 0ms (cache hit)
224 http cache @types/strip-json-comments@https://registry.npmjs.org/@types/strip-json-comments/-/strip-json-comments-0.0.30.tgz 0ms (cache hit)
225 http cache @types/strip-bom@https://registry.npmjs.org/@types/strip-bom/-/strip-bom-3.0.0.tgz 0ms (cache hit)
226 http cache @types/pg@https://registry.npmjs.org/@types/pg/-/pg-8.16.0.tgz 0ms (cache hit)
227 http cache @types/nodemailer@https://registry.npmjs.org/@types/nodemailer/-/nodemailer-7.0.5.tgz 0ms (cache hit)
228 http cache @types/node@https://registry.npmjs.org/@types/node/-/node-25.0.5.tgz 0ms (cache hit)
229 http cache @types/multer@https://registry.npmjs.org/@types/multer/-/multer-2.0.0.tgz 0ms (cache hit)
230 http cache @types/cors@https://registry.npmjs.org/@types/cors/-/cors-2.8.19.tgz 0ms (cache hit)
231 http cache @types/express-serve-static-core@https://registry.npmjs.org/@types/express-serve-static-core/-/express-serve-static-core-5.1.0.tgz 0ms (cache hit)
232 http cache @types/cookie-parser@https://registry.npmjs.org/@types/cookie-parser/-/cookie-parser-1.4.10.tgz 0ms (cache hit)
233 http cache @types/bcryptjs@https://registry.npmjs.org/@types/bcryptjs/-/bcryptjs-2.4.6.tgz 0ms (cache hit)
234 http cache @smithy/util-stream@https://registry.npmjs.org/@smithy/util-stream/-/util-stream-4.5.10.tgz 0ms (cache hit)
235 http cache @smithy/util-retry@https://registry.npmjs.org/@smithy/util-retry/-/util-retry-4.2.8.tgz 0ms (cache hit)
236 http cache @smithy/util-middleware@https://registry.npmjs.org/@smithy/util-middleware/-/util-middleware-4.2.8.tgz 0ms (cache hit)
237 http cache @smithy/util-endpoints@https://registry.npmjs.org/@smithy/util-endpoints/-/util-endpoints-3.2.8.tgz 0ms (cache hit)
238 http cache @smithy/util-defaults-mode-node@https://registry.npmjs.org/@smithy/util-defaults-mode-node/-/util-defaults-mode-node-4.2.26.tgz 1ms (cache hit)
239 http cache @smithy/util-defaults-mode-browser@https://registry.npmjs.org/@smithy/util-defaults-mode-browser/-/util-defaults-mode-browser-4.3.23.tgz 0ms (cache hit)
240 http cache @smithy/signature-v4@https://registry.npmjs.org/@smithy/signature-v4/-/signature-v4-5.3.8.tgz 0ms (cache hit)
241 http cache @smithy/types@https://registry.npmjs.org/@smithy/types/-/types-4.12.0.tgz 0ms (cache hit)
242 http cache @smithy/smithy-client@https://registry.npmjs.org/@smithy/smithy-client/-/smithy-client-4.10.9.tgz 0ms (cache hit)
243 http cache @smithy/shared-ini-file-loader@https://registry.npmjs.org/@smithy/shared-ini-file-loader/-/shared-ini-file-loader-4.4.3.tgz 0ms (cache hit)
244 http cache @smithy/url-parser@https://registry.npmjs.org/@smithy/url-parser/-/url-parser-4.2.8.tgz 0ms (cache hit)
245 http cache @smithy/protocol-http@https://registry.npmjs.org/@smithy/protocol-http/-/protocol-http-5.3.8.tgz 0ms (cache hit)
246 http cache @smithy/service-error-classification@https://registry.npmjs.org/@smithy/service-error-classification/-/service-error-classification-4.2.8.tgz 0ms (cache hit)
247 http cache @smithy/querystring-parser@https://registry.npmjs.org/@smithy/querystring-parser/-/querystring-parser-4.2.8.tgz 0ms (cache hit)
248 http cache @smithy/querystring-builder@https://registry.npmjs.org/@smithy/querystring-builder/-/querystring-builder-4.2.8.tgz 0ms (cache hit)
249 http cache @smithy/node-http-handler@https://registry.npmjs.org/@smithy/node-http-handler/-/node-http-handler-4.4.8.tgz 0ms (cache hit)
250 http cache @smithy/node-config-provider@https://registry.npmjs.org/@smithy/node-config-provider/-/node-config-provider-4.3.8.tgz 0ms (cache hit)
251 http cache @smithy/property-provider@https://registry.npmjs.org/@smithy/property-provider/-/property-provider-4.2.8.tgz 0ms (cache hit)
252 http cache @smithy/middleware-stack@https://registry.npmjs.org/@smithy/middleware-stack/-/middleware-stack-4.2.8.tgz 0ms (cache hit)
253 http cache @smithy/middleware-retry@https://registry.npmjs.org/@smithy/middleware-retry/-/middleware-retry-4.4.24.tgz 0ms (cache hit)
254 http cache @smithy/middleware-endpoint@https://registry.npmjs.org/@smithy/middleware-endpoint/-/middleware-endpoint-4.4.8.tgz 0ms (cache hit)
255 http cache @smithy/hash-node@https://registry.npmjs.org/@smithy/hash-node/-/hash-node-4.2.8.tgz 0ms (cache hit)
256 http cache @smithy/middleware-serde@https://registry.npmjs.org/@smithy/middleware-serde/-/middleware-serde-4.2.9.tgz 0ms (cache hit)
257 http cache @smithy/invalid-dependency@https://registry.npmjs.org/@smithy/invalid-dependency/-/invalid-dependency-4.2.8.tgz 0ms (cache hit)
258 http cache @smithy/fetch-http-handler@https://registry.npmjs.org/@smithy/fetch-http-handler/-/fetch-http-handler-5.3.9.tgz 0ms (cache hit)
259 http cache @smithy/middleware-content-length@https://registry.npmjs.org/@smithy/middleware-content-length/-/middleware-content-length-4.2.8.tgz 0ms (cache hit)
260 http cache @prisma/studio-core@https://registry.npmjs.org/@prisma/studio-core/-/studio-core-0.13.1.tgz 0ms (cache hit)
261 http cache @smithy/credential-provider-imds@https://registry.npmjs.org/@smithy/credential-provider-imds/-/credential-provider-imds-4.2.8.tgz 0ms (cache hit)
262 http cache @smithy/core@https://registry.npmjs.org/@smithy/core/-/core-3.20.7.tgz 0ms (cache hit)
263 http cache @smithy/config-resolver@https://registry.npmjs.org/@smithy/config-resolver/-/config-resolver-4.4.6.tgz 0ms (cache hit)
264 http cache @prisma/query-plan-executor@https://registry.npmjs.org/@prisma/query-plan-executor/-/query-plan-executor-7.2.0.tgz 0ms (cache hit)
265 http cache @smithy/abort-controller@https://registry.npmjs.org/@smithy/abort-controller/-/abort-controller-4.2.8.tgz 0ms (cache hit)
266 http cache @prisma/get-platform@https://registry.npmjs.org/@prisma/get-platform/-/get-platform-7.2.0.tgz 0ms (cache hit)
267 http cache @prisma/engines@https://registry.npmjs.org/@prisma/engines/-/engines-7.4.1.tgz 0ms (cache hit)
268 http cache @prisma/engines-version@https://registry.npmjs.org/@prisma/engines-version/-/engines-version-7.5.0-4.55ae170b1ced7fc6ed07a15f110549408c501bb3.tgz 0ms (cache hit)
269 http cache @prisma/driver-adapter-utils@https://registry.npmjs.org/@prisma/driver-adapter-utils/-/driver-adapter-utils-7.2.0.tgz 0ms (cache hit)
270 http cache @prisma/client-runtime-utils@https://registry.npmjs.org/@prisma/client-runtime-utils/-/client-runtime-utils-7.4.1.tgz 0ms (cache hit)
271 http cache @prisma/dev@https://registry.npmjs.org/@prisma/dev/-/dev-0.20.0.tgz 0ms (cache hit)
272 http cache @mrleebo/prisma-ast@https://registry.npmjs.org/@mrleebo/prisma-ast/-/prisma-ast-0.13.1.tgz 0ms (cache hit)
273 http cache @hono/node-server@https://registry.npmjs.org/@hono/node-server/-/node-server-1.19.9.tgz 0ms (cache hit)
274 http cache @prisma/debug@https://registry.npmjs.org/@prisma/debug/-/debug-7.2.0.tgz 0ms (cache hit)
275 http cache @prisma/config@https://registry.npmjs.org/@prisma/config/-/config-7.4.1.tgz 0ms (cache hit)
276 http cache @prisma/client@https://registry.npmjs.org/@prisma/client/-/client-7.4.1.tgz 0ms (cache hit)
277 http cache @prisma/adapter-pg@https://registry.npmjs.org/@prisma/adapter-pg/-/adapter-pg-7.2.0.tgz 0ms (cache hit)
278 http cache @prisma/fetch-engine@https://registry.npmjs.org/@prisma/fetch-engine/-/fetch-engine-7.4.1.tgz 0ms (cache hit)
279 http cache @chevrotain/utils@https://registry.npmjs.org/@chevrotain/utils/-/utils-10.5.0.tgz 0ms (cache hit)
280 http cache @chevrotain/gast@https://registry.npmjs.org/@chevrotain/gast/-/gast-10.5.0.tgz 0ms (cache hit)
281 http cache @chevrotain/types@https://registry.npmjs.org/@chevrotain/types/-/types-10.5.0.tgz 0ms (cache hit)
282 http cache @chevrotain/cst-dts-gen@https://registry.npmjs.org/@chevrotain/cst-dts-gen/-/cst-dts-gen-10.5.0.tgz 0ms (cache hit)
283 http cache @electric-sql/pglite-socket@https://registry.npmjs.org/@electric-sql/pglite-socket/-/pglite-socket-0.0.20.tgz 0ms (cache hit)
284 http cache @electric-sql/pglite-tools@https://registry.npmjs.org/@electric-sql/pglite-tools/-/pglite-tools-0.2.20.tgz 0ms (cache hit)
285 http cache @aws-sdk/xml-builder@https://registry.npmjs.org/@aws-sdk/xml-builder/-/xml-builder-3.969.0.tgz 0ms (cache hit)
286 http cache @aws-sdk/util-user-agent-node@https://registry.npmjs.org/@aws-sdk/util-user-agent-node/-/util-user-agent-node-3.971.0.tgz 0ms (cache hit)
287 http cache @aws-sdk/util-user-agent-browser@https://registry.npmjs.org/@aws-sdk/util-user-agent-browser/-/util-user-agent-browser-3.969.0.tgz 0ms (cache hit)
288 http cache @aws-sdk/util-locate-window@https://registry.npmjs.org/@aws-sdk/util-locate-window/-/util-locate-window-3.965.2.tgz 0ms (cache hit)
289 http cache @aws-sdk/util-endpoints@https://registry.npmjs.org/@aws-sdk/util-endpoints/-/util-endpoints-3.970.0.tgz 0ms (cache hit)
290 http cache @aws-sdk/util-arn-parser@https://registry.npmjs.org/@aws-sdk/util-arn-parser/-/util-arn-parser-3.968.0.tgz 0ms (cache hit)
291 http cache @aws-sdk/types@https://registry.npmjs.org/@aws-sdk/types/-/types-3.969.0.tgz 0ms (cache hit)
292 http cache @aws-sdk/token-providers@https://registry.npmjs.org/@aws-sdk/token-providers/-/token-providers-3.971.0.tgz 0ms (cache hit)
293 http cache @aws-sdk/signature-v4-multi-region@https://registry.npmjs.org/@aws-sdk/signature-v4-multi-region/-/signature-v4-multi-region-3.970.0.tgz 0ms (cache hit)
294 http cache @electric-sql/pglite@https://registry.npmjs.org/@electric-sql/pglite/-/pglite-0.3.15.tgz 0ms (cache hit)
295 http cache @aws-sdk/region-config-resolver@https://registry.npmjs.org/@aws-sdk/region-config-resolver/-/region-config-resolver-3.969.0.tgz 0ms (cache hit)
296 http cache @aws-sdk/middleware-user-agent@https://registry.npmjs.org/@aws-sdk/middleware-user-agent/-/middleware-user-agent-3.970.0.tgz 0ms (cache hit)
297 http cache @aws-sdk/nested-clients@https://registry.npmjs.org/@aws-sdk/nested-clients/-/nested-clients-3.971.0.tgz 0ms (cache hit)
298 http cache @aws-sdk/middleware-sdk-s3@https://registry.npmjs.org/@aws-sdk/middleware-sdk-s3/-/middleware-sdk-s3-3.970.0.tgz 0ms (cache hit)
299 http cache @aws-sdk/middleware-logger@https://registry.npmjs.org/@aws-sdk/middleware-logger/-/middleware-logger-3.969.0.tgz 0ms (cache hit)
300 http cache @aws-sdk/middleware-recursion-detection@https://registry.npmjs.org/@aws-sdk/middleware-recursion-detection/-/middleware-recursion-detection-3.969.0.tgz 0ms (cache hit)
301 http cache @aws-sdk/middleware-host-header@https://registry.npmjs.org/@aws-sdk/middleware-host-header/-/middleware-host-header-3.969.0.tgz 0ms (cache hit)
302 http cache @aws-sdk/credential-provider-sso@https://registry.npmjs.org/@aws-sdk/credential-provider-sso/-/credential-provider-sso-3.971.0.tgz 0ms (cache hit)
303 http cache @aws-sdk/credential-provider-process@https://registry.npmjs.org/@aws-sdk/credential-provider-process/-/credential-provider-process-3.970.0.tgz 0ms (cache hit)
304 http cache @aws-sdk/credential-provider-web-identity@https://registry.npmjs.org/@aws-sdk/credential-provider-web-identity/-/credential-provider-web-identity-3.971.0.tgz 0ms (cache hit)
305 http cache @aws-sdk/credential-provider-login@https://registry.npmjs.org/@aws-sdk/credential-provider-login/-/credential-provider-login-3.971.0.tgz 0ms (cache hit)
306 http cache @aws-sdk/credential-provider-node@https://registry.npmjs.org/@aws-sdk/credential-provider-node/-/credential-provider-node-3.971.0.tgz 0ms (cache hit)
307 http cache @aws-sdk/credential-provider-http@https://registry.npmjs.org/@aws-sdk/credential-provider-http/-/credential-provider-http-3.970.0.tgz 0ms (cache hit)
308 http cache @aws-sdk/credential-provider-env@https://registry.npmjs.org/@aws-sdk/credential-provider-env/-/credential-provider-env-3.970.0.tgz 0ms (cache hit)
309 http cache @aws-sdk/credential-provider-ini@https://registry.npmjs.org/@aws-sdk/credential-provider-ini/-/credential-provider-ini-3.971.0.tgz 0ms (cache hit)
310 http cache @aws/lambda-invoke-store@https://registry.npmjs.org/@aws/lambda-invoke-store/-/lambda-invoke-store-0.2.3.tgz 0ms (cache hit)
311 http cache @aws-sdk/core@https://registry.npmjs.org/@aws-sdk/core/-/core-3.970.0.tgz 0ms (cache hit)
312 http cache @aws-sdk/client-sso@https://registry.npmjs.org/@aws-sdk/client-sso/-/client-sso-3.971.0.tgz 0ms (cache hit)
313 http cache zeptomatch@https://registry.npmjs.org/zeptomatch/-/zeptomatch-2.1.0.tgz 0ms (cache hit)
314 http cache @aws-sdk/client-sesv2@https://registry.npmjs.org/@aws-sdk/client-sesv2/-/client-sesv2-3.971.0.tgz 0ms (cache hit)
315 http cache xlsx@https://registry.npmjs.org/xlsx/-/xlsx-0.18.5.tgz 0ms (cache hit)
316 http cache word@https://registry.npmjs.org/word/-/word-0.3.0.tgz 0ms (cache hit)
317 http cache winston@https://registry.npmjs.org/winston/-/winston-3.19.0.tgz 0ms (cache hit)
318 http cache wmf@https://registry.npmjs.org/wmf/-/wmf-1.0.2.tgz 0ms (cache hit)
319 http cache which@https://registry.npmjs.org/which/-/which-2.0.2.tgz 0ms (cache hit)
320 http cache uuid@https://registry.npmjs.org/uuid/-/uuid-13.0.0.tgz 0ms (cache hit)
321 http cache undefsafe@https://registry.npmjs.org/undefsafe/-/undefsafe-2.0.5.tgz 0ms (cache hit)
322 http cache valibot@https://registry.npmjs.org/valibot/-/valibot-1.2.0.tgz 0ms (cache hit)
323 http cache ua-parser-js@https://registry.npmjs.org/ua-parser-js/-/ua-parser-js-2.0.7.tgz 0ms (cache hit)
324 http cache typescript@https://registry.npmjs.org/typescript/-/typescript-5.9.3.tgz 0ms (cache hit)
325 http cache ua-is-frozen@https://registry.npmjs.org/ua-is-frozen/-/ua-is-frozen-0.1.2.tgz 0ms (cache hit)
326 http cache type-is@https://registry.npmjs.org/type-is/-/type-is-2.0.1.tgz 0ms (cache hit)
327 http cache tsx@https://registry.npmjs.org/tsx/-/tsx-4.21.0.tgz 0ms (cache hit)
328 http cache tsconfig@https://registry.npmjs.org/tsconfig/-/tsconfig-7.0.0.tgz 0ms (cache hit)
329 http cache ts-node-dev@https://registry.npmjs.org/ts-node-dev/-/ts-node-dev-2.0.0.tgz 0ms (cache hit)
330 http cache typedarray@https://registry.npmjs.org/typedarray/-/typedarray-0.0.6.tgz 0ms (cache hit)
331 http cache ts-node@https://registry.npmjs.org/ts-node/-/ts-node-10.9.2.tgz 0ms (cache hit)
332 http cache tree-kill@https://registry.npmjs.org/tree-kill/-/tree-kill-1.2.2.tgz 0ms (cache hit)
333 http cache touch@https://registry.npmjs.org/touch/-/touch-3.1.1.tgz 0ms (cache hit)
334 http cache strnum@https://registry.npmjs.org/strnum/-/strnum-2.1.2.tgz 0ms (cache hit)
335 http cache tinyexec@https://registry.npmjs.org/tinyexec/-/tinyexec-1.0.2.tgz 0ms (cache hit)
336 http cache strip-json-comments@https://registry.npmjs.org/strip-json-comments/-/strip-json-comments-2.0.1.tgz 0ms (cache hit)
337 http cache std-env@https://registry.npmjs.org/std-env/-/std-env-3.10.0.tgz 0ms (cache hit)
338 http cache ssf@https://registry.npmjs.org/ssf/-/ssf-0.11.2.tgz 0ms (cache hit)
339 http cache sql-formatter@https://registry.npmjs.org/sql-formatter/-/sql-formatter-15.6.12.tgz 0ms (cache hit)
340 http cache sqlstring@https://registry.npmjs.org/sqlstring/-/sqlstring-2.3.3.tgz 0ms (cache hit)
341 http cache split2@https://registry.npmjs.org/split2/-/split2-4.2.0.tgz 0ms (cache hit)
342 http cache simple-update-notifier@https://registry.npmjs.org/simple-update-notifier/-/simple-update-notifier-2.0.0.tgz 0ms (cache hit)
343 http cache seq-queue@https://registry.npmjs.org/seq-queue/-/seq-queue-0.0.5.tgz 0ms (cache hit)
344 http cache semver@https://registry.npmjs.org/semver/-/semver-7.7.3.tgz 0ms (cache hit)
345 http cache rimraf@https://registry.npmjs.org/rimraf/-/rimraf-2.7.1.tgz 0ms (cache hit)
346 http cache retry@https://registry.npmjs.org/retry/-/retry-0.12.0.tgz 0ms (cache hit)
347 http cache ret@https://registry.npmjs.org/ret/-/ret-0.1.15.tgz 0ms (cache hit)
348 http cache resolve@https://registry.npmjs.org/resolve/-/resolve-1.22.11.tgz 0ms (cache hit)
349 http cache remeda@https://registry.npmjs.org/remeda/-/remeda-2.33.4.tgz 0ms (cache hit)
350 http cache regexp-to-ast@https://registry.npmjs.org/regexp-to-ast/-/regexp-to-ast-0.5.0.tgz 0ms (cache hit)
351 http cache rc9@https://registry.npmjs.org/rc9/-/rc9-2.1.2.tgz 0ms (cache hit)
352 http cache randexp@https://registry.npmjs.org/randexp/-/randexp-0.4.6.tgz 0ms (cache hit)
353 http cache pure-rand@https://registry.npmjs.org/pure-rand/-/pure-rand-6.1.0.tgz 0ms (cache hit)
354 http cache pstree.remy@https://registry.npmjs.org/pstree.remy/-/pstree.remy-1.1.8.tgz 0ms (cache hit)
355 http cache proper-lockfile@https://registry.npmjs.org/proper-lockfile/-/proper-lockfile-4.1.2.tgz 0ms (cache hit)
356 http cache railroad-diagrams@https://registry.npmjs.org/railroad-diagrams/-/railroad-diagrams-1.0.0.tgz 0ms (cache hit)
357 http cache postgres@https://registry.npmjs.org/postgres/-/postgres-3.4.7.tgz 0ms (cache hit)
358 http cache prisma@https://registry.npmjs.org/prisma/-/prisma-7.4.1.tgz 0ms (cache hit)
359 http cache pkg-types@https://registry.npmjs.org/pkg-types/-/pkg-types-2.3.0.tgz 0ms (cache hit)
360 http cache pg-pool@https://registry.npmjs.org/pg-pool/-/pg-pool-3.10.1.tgz 0ms (cache hit)
361 http cache pgpass@https://registry.npmjs.org/pgpass/-/pgpass-1.0.5.tgz 0ms (cache hit)
362 http cache pg-connection-string@https://registry.npmjs.org/pg-connection-string/-/pg-connection-string-2.9.1.tgz 0ms (cache hit)
363 http cache pg@https://registry.npmjs.org/pg/-/pg-8.16.3.tgz 0ms (cache hit)
364 http cache perfect-debounce@https://registry.npmjs.org/perfect-debounce/-/perfect-debounce-1.0.0.tgz 0ms (cache hit)
365 http cache ohash@https://registry.npmjs.org/ohash/-/ohash-2.0.11.tgz 0ms (cache hit)
366 http cache nodemon@https://registry.npmjs.org/nodemon/-/nodemon-3.1.11.tgz 0ms (cache hit)
367 http cache pg-cloudflare@https://registry.npmjs.org/pg-cloudflare/-/pg-cloudflare-1.2.7.tgz 0ms (cache hit)
368 http cache nypm@https://registry.npmjs.org/nypm/-/nypm-0.6.5.tgz 0ms (cache hit)
369 http cache pathe@https://registry.npmjs.org/pathe/-/pathe-2.0.3.tgz 0ms (cache hit)
370 http cache nodemailer@https://registry.npmjs.org/nodemailer/-/nodemailer-7.0.12.tgz 0ms (cache hit)
371 http cache nearley@https://registry.npmjs.org/nearley/-/nearley-2.20.1.tgz 0ms (cache hit)
372 http cache node-fetch-native@https://registry.npmjs.org/node-fetch-native/-/node-fetch-native-1.6.7.tgz 0ms (cache hit)
373 http cache named-placeholders@https://registry.npmjs.org/named-placeholders/-/named-placeholders-1.1.6.tgz 0ms (cache hit)
374 http cache mysql2@https://registry.npmjs.org/mysql2/-/mysql2-3.15.3.tgz 0ms (cache hit)
375 http cache multer@https://registry.npmjs.org/multer/-/multer-2.0.2.tgz 0ms (cache hit)
376 http cache moo@https://registry.npmjs.org/moo/-/moo-0.5.2.tgz 0ms (cache hit)
377 http cache multer-storage-cloudinary@https://registry.npmjs.org/multer-storage-cloudinary/-/multer-storage-cloudinary-4.0.0.tgz 0ms (cache hit)
378 http cache mkdirp@https://registry.npmjs.org/mkdirp/-/mkdirp-1.0.4.tgz 0ms (cache hit)
379 http cache lru.min@https://registry.npmjs.org/lru.min/-/lru.min-1.1.3.tgz 0ms (cache hit)
380 http cache jiti@https://registry.npmjs.org/jiti/-/jiti-2.6.1.tgz 0ms (cache hit)
381 http cache is-property@https://registry.npmjs.org/is-property/-/is-property-1.0.2.tgz 0ms (cache hit)
382 http cache is-standalone-pwa@https://registry.npmjs.org/is-standalone-pwa/-/is-standalone-pwa-0.1.1.tgz 0ms (cache hit)
383 http cache ignore-by-default@https://registry.npmjs.org/ignore-by-default/-/ignore-by-default-1.0.1.tgz 0ms (cache hit)
384 http cache grammex@https://registry.npmjs.org/grammex/-/grammex-3.1.12.tgz 0ms (cache hit)
385 http cache http-status-codes@https://registry.npmjs.org/http-status-codes/-/http-status-codes-2.3.0.tgz 0ms (cache hit)
386 http cache hono@https://registry.npmjs.org/hono/-/hono-4.11.4.tgz 0ms (cache hit)
387 http cache graphmatch@https://registry.npmjs.org/graphmatch/-/graphmatch-1.1.1.tgz 0ms (cache hit)
388 http cache giget@https://registry.npmjs.org/giget/-/giget-2.0.0.tgz 0ms (cache hit)
389 http cache get-port-please@https://registry.npmjs.org/get-port-please/-/get-port-please-3.2.0.tgz 0ms (cache hit)
390 http cache generate-function@https://registry.npmjs.org/generate-function/-/generate-function-2.3.1.tgz 0ms (cache hit)
391 http cache frac@https://registry.npmjs.org/frac/-/frac-1.1.2.tgz 0ms (cache hit)
392 http cache fast-xml-parser@https://registry.npmjs.org/fast-xml-parser/-/fast-xml-parser-5.2.5.tgz 0ms (cache hit)
393 http cache fast-check@https://registry.npmjs.org/fast-check/-/fast-check-3.23.2.tgz 0ms (cache hit)
394 http cache exsolve@https://registry.npmjs.org/exsolve/-/exsolve-1.0.8.tgz 0ms (cache hit)
395 http cache esbuild@https://registry.npmjs.org/esbuild/-/esbuild-0.27.2.tgz 0ms (cache hit)
396 http cache empathic@https://registry.npmjs.org/empathic/-/empathic-2.0.0.tgz 0ms (cache hit)
397 http cache effect@https://registry.npmjs.org/effect/-/effect-3.18.4.tgz 0ms (cache hit)
398 http cache discontinuous-range@https://registry.npmjs.org/discontinuous-range/-/discontinuous-range-1.0.0.tgz 0ms (cache hit)
399 http cache dynamic-dedupe@https://registry.npmjs.org/dynamic-dedupe/-/dynamic-dedupe-0.3.0.tgz 0ms (cache hit)
400 http cache dotenv@https://registry.npmjs.org/dotenv/-/dotenv-17.2.3.tgz 0ms (cache hit)
401 http cache destr@https://registry.npmjs.org/destr/-/destr-2.0.5.tgz 0ms (cache hit)
402 http cache diff@https://registry.npmjs.org/diff/-/diff-4.0.2.tgz 0ms (cache hit)
403 http cache detect-europe-js@https://registry.npmjs.org/detect-europe-js/-/detect-europe-js-0.1.2.tgz 0ms (cache hit)
404 http cache deepmerge-ts@https://registry.npmjs.org/deepmerge-ts/-/deepmerge-ts-7.1.5.tgz 0ms (cache hit)
405 http cache denque@https://registry.npmjs.org/denque/-/denque-2.1.0.tgz 0ms (cache hit)
406 http cache crc-32@https://registry.npmjs.org/crc-32/-/crc-32-1.2.2.tgz 0ms (cache hit)
407 http cache core-js@https://registry.npmjs.org/core-js/-/core-js-3.48.0.tgz 0ms (cache hit)
408 http cache content-disposition@https://registry.npmjs.org/content-disposition/-/content-disposition-1.0.1.tgz 0ms (cache hit)
409 http cache defu@https://registry.npmjs.org/defu/-/defu-6.1.4.tgz 0ms (cache hit)
410 http cache confbox@https://registry.npmjs.org/confbox/-/confbox-0.2.4.tgz 0ms (cache hit)
411 http cache cookie-parser@https://registry.npmjs.org/cookie-parser/-/cookie-parser-1.4.7.tgz 0ms (cache hit)
412 http cache concat-stream@https://registry.npmjs.org/concat-stream/-/concat-stream-2.0.0.tgz 0ms (cache hit)
413 http cache cloudinary-core@https://registry.npmjs.org/cloudinary-core/-/cloudinary-core-2.14.0.tgz 0ms (cache hit)
414 http cache cfb@https://registry.npmjs.org/cfb/-/cfb-1.2.2.tgz 0ms (cache hit)
415 http cache citty@https://registry.npmjs.org/citty/-/citty-0.1.6.tgz 0ms (cache hit)
416 http cache codepage@https://registry.npmjs.org/codepage/-/codepage-1.15.0.tgz 0ms (cache hit)
417 http cache chevrotain@https://registry.npmjs.org/chevrotain/-/chevrotain-10.5.0.tgz 0ms (cache hit)
418 http cache c12@https://registry.npmjs.org/c12/-/c12-3.1.0.tgz 0ms (cache hit)
419 http cache bcryptjs@https://registry.npmjs.org/bcryptjs/-/bcryptjs-3.0.3.tgz 0ms (cache hit)
420 http cache cloudinary@https://registry.npmjs.org/cloudinary/-/cloudinary-1.41.3.tgz 0ms (cache hit)
421 http cache aws-ssl-profiles@https://registry.npmjs.org/aws-ssl-profiles/-/aws-ssl-profiles-1.1.2.tgz 0ms (cache hit)
422 http cache axios@https://registry.npmjs.org/axios/-/axios-1.13.6.tgz 0ms (cache hit)
423 http cache acorn-walk@https://registry.npmjs.org/acorn-walk/-/acorn-walk-8.3.4.tgz 0ms (cache hit)
424 http cache append-field@https://registry.npmjs.org/append-field/-/append-field-1.0.0.tgz 0ms (cache hit)
425 http cache adler-32@https://registry.npmjs.org/adler-32/-/adler-32-1.3.1.tgz 0ms (cache hit)
426 http cache arg@https://registry.npmjs.org/arg/-/arg-4.1.3.tgz 0ms (cache hit)
427 http cache @prisma/debug@https://registry.npmjs.org/@prisma/debug/-/debug-7.4.1.tgz 0ms (cache hit)
428 http cache acorn@https://registry.npmjs.org/acorn/-/acorn-8.15.0.tgz 0ms (cache hit)
429 http cache @prisma/get-platform@https://registry.npmjs.org/@prisma/get-platform/-/get-platform-7.4.1.tgz 0ms (cache hit)
430 http cache @prisma/debug@https://registry.npmjs.org/@prisma/debug/-/debug-7.4.1.tgz 0ms (cache hit)
431 http cache @prisma/get-platform@https://registry.npmjs.org/@prisma/get-platform/-/get-platform-7.4.1.tgz 0ms (cache hit)
432 http cache readdirp@https://registry.npmjs.org/readdirp/-/readdirp-3.6.0.tgz 0ms (cache hit)
433 http cache postgres-array@https://registry.npmjs.org/postgres-array/-/postgres-array-3.0.4.tgz 0ms (cache hit)
434 http cache chokidar@https://registry.npmjs.org/chokidar/-/chokidar-3.6.0.tgz 0ms (cache hit)
435 http cache signal-exit@https://registry.npmjs.org/signal-exit/-/signal-exit-3.0.7.tgz 0ms (cache hit)
436 http cache citty@https://registry.npmjs.org/citty/-/citty-0.2.1.tgz 0ms (cache hit)
437 http cache chokidar@https://registry.npmjs.org/chokidar/-/chokidar-3.6.0.tgz 0ms (cache hit)
438 http cache readdirp@https://registry.npmjs.org/readdirp/-/readdirp-3.6.0.tgz 0ms (cache hit)
439 http cache type-is@https://registry.npmjs.org/type-is/-/type-is-1.6.18.tgz 0ms (cache hit)
440 http cache mime-types@https://registry.npmjs.org/mime-types/-/mime-types-2.1.35.tgz 0ms (cache hit)
441 http cache cookie-signature@https://registry.npmjs.org/cookie-signature/-/cookie-signature-1.0.6.tgz 0ms (cache hit)
442 http cache media-typer@https://registry.npmjs.org/media-typer/-/media-typer-0.3.0.tgz 0ms (cache hit)
443 http cache mime-db@https://registry.npmjs.org/mime-db/-/mime-db-1.52.0.tgz 0ms (cache hit)
444 http cache mkdirp@https://registry.npmjs.org/mkdirp/-/mkdirp-0.5.6.tgz 0ms (cache hit)
445 http cache dotenv@https://registry.npmjs.org/dotenv/-/dotenv-16.6.1.tgz 0ms (cache hit)
446 silly tarball no local data for @types/uuid@https://registry.npmjs.org/@types/uuid/-/uuid-10.0.0.tgz. Extracting by manifest.
447 silly tarball no local data for @types/winston@https://registry.npmjs.org/@types/winston/-/winston-2.4.4.tgz. Extracting by manifest.
448 silly tarball no local data for @types/strip-json-comments@https://registry.npmjs.org/@types/strip-json-comments/-/strip-json-comments-0.0.30.tgz. Extracting by manifest.
449 silly tarball no local data for @types/strip-bom@https://registry.npmjs.org/@types/strip-bom/-/strip-bom-3.0.0.tgz. Extracting by manifest.
450 silly tarball no local data for @types/pg@https://registry.npmjs.org/@types/pg/-/pg-8.16.0.tgz. Extracting by manifest.
451 silly tarball no local data for @types/nodemailer@https://registry.npmjs.org/@types/nodemailer/-/nodemailer-7.0.5.tgz. Extracting by manifest.
452 silly tarball no local data for @types/node@https://registry.npmjs.org/@types/node/-/node-25.0.5.tgz. Extracting by manifest.
453 silly tarball no local data for @types/multer@https://registry.npmjs.org/@types/multer/-/multer-2.0.0.tgz. Extracting by manifest.
454 silly tarball no local data for @types/cors@https://registry.npmjs.org/@types/cors/-/cors-2.8.19.tgz. Extracting by manifest.
455 silly tarball no local data for @types/express-serve-static-core@https://registry.npmjs.org/@types/express-serve-static-core/-/express-serve-static-core-5.1.0.tgz. Extracting by manifest.
456 silly tarball no local data for @types/cookie-parser@https://registry.npmjs.org/@types/cookie-parser/-/cookie-parser-1.4.10.tgz. Extracting by manifest.
457 silly tarball no local data for @types/bcryptjs@https://registry.npmjs.org/@types/bcryptjs/-/bcryptjs-2.4.6.tgz. Extracting by manifest.
458 silly tarball no local data for @smithy/util-stream@https://registry.npmjs.org/@smithy/util-stream/-/util-stream-4.5.10.tgz. Extracting by manifest.
459 silly tarball no local data for @smithy/util-retry@https://registry.npmjs.org/@smithy/util-retry/-/util-retry-4.2.8.tgz. Extracting by manifest.
460 silly tarball no local data for @smithy/util-middleware@https://registry.npmjs.org/@smithy/util-middleware/-/util-middleware-4.2.8.tgz. Extracting by manifest.
461 silly tarball no local data for @smithy/util-endpoints@https://registry.npmjs.org/@smithy/util-endpoints/-/util-endpoints-3.2.8.tgz. Extracting by manifest.
462 silly tarball no local data for @smithy/util-defaults-mode-node@https://registry.npmjs.org/@smithy/util-defaults-mode-node/-/util-defaults-mode-node-4.2.26.tgz. Extracting by manifest.
463 silly tarball no local data for @smithy/util-defaults-mode-browser@https://registry.npmjs.org/@smithy/util-defaults-mode-browser/-/util-defaults-mode-browser-4.3.23.tgz. Extracting by manifest.
464 silly tarball no local data for @smithy/signature-v4@https://registry.npmjs.org/@smithy/signature-v4/-/signature-v4-5.3.8.tgz. Extracting by manifest.
465 silly tarball no local data for @smithy/types@https://registry.npmjs.org/@smithy/types/-/types-4.12.0.tgz. Extracting by manifest.
466 silly tarball no local data for @smithy/smithy-client@https://registry.npmjs.org/@smithy/smithy-client/-/smithy-client-4.10.9.tgz. Extracting by manifest.
467 silly tarball no local data for @smithy/shared-ini-file-loader@https://registry.npmjs.org/@smithy/shared-ini-file-loader/-/shared-ini-file-loader-4.4.3.tgz. Extracting by manifest.
468 silly tarball no local data for @smithy/url-parser@https://registry.npmjs.org/@smithy/url-parser/-/url-parser-4.2.8.tgz. Extracting by manifest.
469 silly tarball no local data for @smithy/protocol-http@https://registry.npmjs.org/@smithy/protocol-http/-/protocol-http-5.3.8.tgz. Extracting by manifest.
470 silly tarball no local data for @smithy/service-error-classification@https://registry.npmjs.org/@smithy/service-error-classification/-/service-error-classification-4.2.8.tgz. Extracting by manifest.
471 silly tarball no local data for @smithy/querystring-parser@https://registry.npmjs.org/@smithy/querystring-parser/-/querystring-parser-4.2.8.tgz. Extracting by manifest.
472 silly tarball no local data for @smithy/querystring-builder@https://registry.npmjs.org/@smithy/querystring-builder/-/querystring-builder-4.2.8.tgz. Extracting by manifest.
473 silly tarball no local data for @smithy/node-http-handler@https://registry.npmjs.org/@smithy/node-http-handler/-/node-http-handler-4.4.8.tgz. Extracting by manifest.
474 silly tarball no local data for @smithy/node-config-provider@https://registry.npmjs.org/@smithy/node-config-provider/-/node-config-provider-4.3.8.tgz. Extracting by manifest.
475 silly tarball no local data for @smithy/property-provider@https://registry.npmjs.org/@smithy/property-provider/-/property-provider-4.2.8.tgz. Extracting by manifest.
476 silly tarball no local data for @smithy/middleware-stack@https://registry.npmjs.org/@smithy/middleware-stack/-/middleware-stack-4.2.8.tgz. Extracting by manifest.
477 silly tarball no local data for @smithy/middleware-retry@https://registry.npmjs.org/@smithy/middleware-retry/-/middleware-retry-4.4.24.tgz. Extracting by manifest.
478 silly tarball no local data for @smithy/middleware-endpoint@https://registry.npmjs.org/@smithy/middleware-endpoint/-/middleware-endpoint-4.4.8.tgz. Extracting by manifest.
479 silly tarball no local data for @smithy/hash-node@https://registry.npmjs.org/@smithy/hash-node/-/hash-node-4.2.8.tgz. Extracting by manifest.
480 silly tarball no local data for @smithy/middleware-serde@https://registry.npmjs.org/@smithy/middleware-serde/-/middleware-serde-4.2.9.tgz. Extracting by manifest.
481 silly tarball no local data for @smithy/invalid-dependency@https://registry.npmjs.org/@smithy/invalid-dependency/-/invalid-dependency-4.2.8.tgz. Extracting by manifest.
482 silly tarball no local data for @smithy/fetch-http-handler@https://registry.npmjs.org/@smithy/fetch-http-handler/-/fetch-http-handler-5.3.9.tgz. Extracting by manifest.
483 silly tarball no local data for @smithy/middleware-content-length@https://registry.npmjs.org/@smithy/middleware-content-length/-/middleware-content-length-4.2.8.tgz. Extracting by manifest.
484 silly tarball no local data for @prisma/studio-core@https://registry.npmjs.org/@prisma/studio-core/-/studio-core-0.13.1.tgz. Extracting by manifest.
485 silly tarball no local data for @smithy/credential-provider-imds@https://registry.npmjs.org/@smithy/credential-provider-imds/-/credential-provider-imds-4.2.8.tgz. Extracting by manifest.
486 silly tarball no local data for @smithy/core@https://registry.npmjs.org/@smithy/core/-/core-3.20.7.tgz. Extracting by manifest.
487 silly tarball no local data for @smithy/config-resolver@https://registry.npmjs.org/@smithy/config-resolver/-/config-resolver-4.4.6.tgz. Extracting by manifest.
488 silly tarball no local data for @prisma/query-plan-executor@https://registry.npmjs.org/@prisma/query-plan-executor/-/query-plan-executor-7.2.0.tgz. Extracting by manifest.
489 silly tarball no local data for @smithy/abort-controller@https://registry.npmjs.org/@smithy/abort-controller/-/abort-controller-4.2.8.tgz. Extracting by manifest.
490 silly tarball no local data for @prisma/get-platform@https://registry.npmjs.org/@prisma/get-platform/-/get-platform-7.2.0.tgz. Extracting by manifest.
491 silly tarball no local data for @prisma/engines@https://registry.npmjs.org/@prisma/engines/-/engines-7.4.1.tgz. Extracting by manifest.
492 silly tarball no local data for @prisma/engines-version@https://registry.npmjs.org/@prisma/engines-version/-/engines-version-7.5.0-4.55ae170b1ced7fc6ed07a15f110549408c501bb3.tgz. Extracting by manifest.
493 silly tarball no local data for @prisma/driver-adapter-utils@https://registry.npmjs.org/@prisma/driver-adapter-utils/-/driver-adapter-utils-7.2.0.tgz. Extracting by manifest.
494 silly tarball no local data for @prisma/client-runtime-utils@https://registry.npmjs.org/@prisma/client-runtime-utils/-/client-runtime-utils-7.4.1.tgz. Extracting by manifest.
495 silly tarball no local data for @prisma/dev@https://registry.npmjs.org/@prisma/dev/-/dev-0.20.0.tgz. Extracting by manifest.
496 silly tarball no local data for @mrleebo/prisma-ast@https://registry.npmjs.org/@mrleebo/prisma-ast/-/prisma-ast-0.13.1.tgz. Extracting by manifest.
497 silly tarball no local data for @hono/node-server@https://registry.npmjs.org/@hono/node-server/-/node-server-1.19.9.tgz. Extracting by manifest.
498 silly tarball no local data for @prisma/debug@https://registry.npmjs.org/@prisma/debug/-/debug-7.2.0.tgz. Extracting by manifest.
499 silly tarball no local data for @prisma/config@https://registry.npmjs.org/@prisma/config/-/config-7.4.1.tgz. Extracting by manifest.
500 silly tarball no local data for @prisma/client@https://registry.npmjs.org/@prisma/client/-/client-7.4.1.tgz. Extracting by manifest.
501 silly tarball no local data for @prisma/adapter-pg@https://registry.npmjs.org/@prisma/adapter-pg/-/adapter-pg-7.2.0.tgz. Extracting by manifest.
502 silly tarball no local data for @prisma/fetch-engine@https://registry.npmjs.org/@prisma/fetch-engine/-/fetch-engine-7.4.1.tgz. Extracting by manifest.
503 silly tarball no local data for @chevrotain/utils@https://registry.npmjs.org/@chevrotain/utils/-/utils-10.5.0.tgz. Extracting by manifest.
504 silly tarball no local data for @chevrotain/gast@https://registry.npmjs.org/@chevrotain/gast/-/gast-10.5.0.tgz. Extracting by manifest.
505 silly tarball no local data for @chevrotain/types@https://registry.npmjs.org/@chevrotain/types/-/types-10.5.0.tgz. Extracting by manifest.
506 silly tarball no local data for @chevrotain/cst-dts-gen@https://registry.npmjs.org/@chevrotain/cst-dts-gen/-/cst-dts-gen-10.5.0.tgz. Extracting by manifest.
507 silly tarball no local data for @electric-sql/pglite-socket@https://registry.npmjs.org/@electric-sql/pglite-socket/-/pglite-socket-0.0.20.tgz. Extracting by manifest.
508 silly tarball no local data for @electric-sql/pglite-tools@https://registry.npmjs.org/@electric-sql/pglite-tools/-/pglite-tools-0.2.20.tgz. Extracting by manifest.
509 silly tarball no local data for @aws-sdk/xml-builder@https://registry.npmjs.org/@aws-sdk/xml-builder/-/xml-builder-3.969.0.tgz. Extracting by manifest.
510 silly tarball no local data for @aws-sdk/util-user-agent-node@https://registry.npmjs.org/@aws-sdk/util-user-agent-node/-/util-user-agent-node-3.971.0.tgz. Extracting by manifest.
511 silly tarball no local data for @aws-sdk/util-user-agent-browser@https://registry.npmjs.org/@aws-sdk/util-user-agent-browser/-/util-user-agent-browser-3.969.0.tgz. Extracting by manifest.
512 silly tarball no local data for @aws-sdk/util-locate-window@https://registry.npmjs.org/@aws-sdk/util-locate-window/-/util-locate-window-3.965.2.tgz. Extracting by manifest.
513 silly tarball no local data for @aws-sdk/util-endpoints@https://registry.npmjs.org/@aws-sdk/util-endpoints/-/util-endpoints-3.970.0.tgz. Extracting by manifest.
514 silly tarball no local data for @aws-sdk/util-arn-parser@https://registry.npmjs.org/@aws-sdk/util-arn-parser/-/util-arn-parser-3.968.0.tgz. Extracting by manifest.
515 silly tarball no local data for @aws-sdk/types@https://registry.npmjs.org/@aws-sdk/types/-/types-3.969.0.tgz. Extracting by manifest.
516 silly tarball no local data for @aws-sdk/token-providers@https://registry.npmjs.org/@aws-sdk/token-providers/-/token-providers-3.971.0.tgz. Extracting by manifest.
517 silly tarball no local data for @aws-sdk/signature-v4-multi-region@https://registry.npmjs.org/@aws-sdk/signature-v4-multi-region/-/signature-v4-multi-region-3.970.0.tgz. Extracting by manifest.
518 silly tarball no local data for @electric-sql/pglite@https://registry.npmjs.org/@electric-sql/pglite/-/pglite-0.3.15.tgz. Extracting by manifest.
519 silly tarball no local data for @aws-sdk/region-config-resolver@https://registry.npmjs.org/@aws-sdk/region-config-resolver/-/region-config-resolver-3.969.0.tgz. Extracting by manifest.
520 silly tarball no local data for @aws-sdk/middleware-user-agent@https://registry.npmjs.org/@aws-sdk/middleware-user-agent/-/middleware-user-agent-3.970.0.tgz. Extracting by manifest.
521 silly tarball no local data for @aws-sdk/nested-clients@https://registry.npmjs.org/@aws-sdk/nested-clients/-/nested-clients-3.971.0.tgz. Extracting by manifest.
522 silly tarball no local data for @aws-sdk/middleware-sdk-s3@https://registry.npmjs.org/@aws-sdk/middleware-sdk-s3/-/middleware-sdk-s3-3.970.0.tgz. Extracting by manifest.
523 silly tarball no local data for @aws-sdk/middleware-logger@https://registry.npmjs.org/@aws-sdk/middleware-logger/-/middleware-logger-3.969.0.tgz. Extracting by manifest.
524 silly tarball no local data for @aws-sdk/middleware-recursion-detection@https://registry.npmjs.org/@aws-sdk/middleware-recursion-detection/-/middleware-recursion-detection-3.969.0.tgz. Extracting by manifest.
525 silly tarball no local data for @aws-sdk/middleware-host-header@https://registry.npmjs.org/@aws-sdk/middleware-host-header/-/middleware-host-header-3.969.0.tgz. Extracting by manifest.
526 silly tarball no local data for @aws-sdk/credential-provider-sso@https://registry.npmjs.org/@aws-sdk/credential-provider-sso/-/credential-provider-sso-3.971.0.tgz. Extracting by manifest.
527 silly tarball no local data for @aws-sdk/credential-provider-process@https://registry.npmjs.org/@aws-sdk/credential-provider-process/-/credential-provider-process-3.970.0.tgz. Extracting by manifest.
528 silly tarball no local data for @aws-sdk/credential-provider-web-identity@https://registry.npmjs.org/@aws-sdk/credential-provider-web-identity/-/credential-provider-web-identity-3.971.0.tgz. Extracting by manifest.
529 silly tarball no local data for @aws-sdk/credential-provider-login@https://registry.npmjs.org/@aws-sdk/credential-provider-login/-/credential-provider-login-3.971.0.tgz. Extracting by manifest.
530 silly tarball no local data for @aws-sdk/credential-provider-node@https://registry.npmjs.org/@aws-sdk/credential-provider-node/-/credential-provider-node-3.971.0.tgz. Extracting by manifest.
531 silly tarball no local data for @aws-sdk/credential-provider-http@https://registry.npmjs.org/@aws-sdk/credential-provider-http/-/credential-provider-http-3.970.0.tgz. Extracting by manifest.
532 silly tarball no local data for @aws-sdk/credential-provider-env@https://registry.npmjs.org/@aws-sdk/credential-provider-env/-/credential-provider-env-3.970.0.tgz. Extracting by manifest.
533 silly tarball no local data for @aws-sdk/credential-provider-ini@https://registry.npmjs.org/@aws-sdk/credential-provider-ini/-/credential-provider-ini-3.971.0.tgz. Extracting by manifest.
534 silly tarball no local data for @aws/lambda-invoke-store@https://registry.npmjs.org/@aws/lambda-invoke-store/-/lambda-invoke-store-0.2.3.tgz. Extracting by manifest.
535 silly tarball no local data for @aws-sdk/core@https://registry.npmjs.org/@aws-sdk/core/-/core-3.970.0.tgz. Extracting by manifest.
536 silly tarball no local data for @aws-sdk/client-sso@https://registry.npmjs.org/@aws-sdk/client-sso/-/client-sso-3.971.0.tgz. Extracting by manifest.
537 silly tarball no local data for zeptomatch@https://registry.npmjs.org/zeptomatch/-/zeptomatch-2.1.0.tgz. Extracting by manifest.
538 silly tarball no local data for @aws-sdk/client-sesv2@https://registry.npmjs.org/@aws-sdk/client-sesv2/-/client-sesv2-3.971.0.tgz. Extracting by manifest.
539 silly tarball no local data for xlsx@https://registry.npmjs.org/xlsx/-/xlsx-0.18.5.tgz. Extracting by manifest.
540 silly tarball no local data for word@https://registry.npmjs.org/word/-/word-0.3.0.tgz. Extracting by manifest.
541 silly tarball no local data for winston@https://registry.npmjs.org/winston/-/winston-3.19.0.tgz. Extracting by manifest.
542 silly tarball no local data for wmf@https://registry.npmjs.org/wmf/-/wmf-1.0.2.tgz. Extracting by manifest.
543 silly tarball no local data for which@https://registry.npmjs.org/which/-/which-2.0.2.tgz. Extracting by manifest.
544 silly tarball no local data for uuid@https://registry.npmjs.org/uuid/-/uuid-13.0.0.tgz. Extracting by manifest.
545 silly tarball no local data for undefsafe@https://registry.npmjs.org/undefsafe/-/undefsafe-2.0.5.tgz. Extracting by manifest.
546 silly tarball no local data for valibot@https://registry.npmjs.org/valibot/-/valibot-1.2.0.tgz. Extracting by manifest.
547 silly tarball no local data for ua-parser-js@https://registry.npmjs.org/ua-parser-js/-/ua-parser-js-2.0.7.tgz. Extracting by manifest.
548 silly tarball no local data for typescript@https://registry.npmjs.org/typescript/-/typescript-5.9.3.tgz. Extracting by manifest.
549 silly tarball no local data for ua-is-frozen@https://registry.npmjs.org/ua-is-frozen/-/ua-is-frozen-0.1.2.tgz. Extracting by manifest.
550 silly tarball no local data for type-is@https://registry.npmjs.org/type-is/-/type-is-2.0.1.tgz. Extracting by manifest.
551 silly tarball no local data for tsx@https://registry.npmjs.org/tsx/-/tsx-4.21.0.tgz. Extracting by manifest.
552 silly tarball no local data for tsconfig@https://registry.npmjs.org/tsconfig/-/tsconfig-7.0.0.tgz. Extracting by manifest.
553 silly tarball no local data for ts-node-dev@https://registry.npmjs.org/ts-node-dev/-/ts-node-dev-2.0.0.tgz. Extracting by manifest.
554 silly tarball no local data for typedarray@https://registry.npmjs.org/typedarray/-/typedarray-0.0.6.tgz. Extracting by manifest.
555 silly tarball no local data for ts-node@https://registry.npmjs.org/ts-node/-/ts-node-10.9.2.tgz. Extracting by manifest.
556 silly tarball no local data for tree-kill@https://registry.npmjs.org/tree-kill/-/tree-kill-1.2.2.tgz. Extracting by manifest.
557 silly tarball no local data for touch@https://registry.npmjs.org/touch/-/touch-3.1.1.tgz. Extracting by manifest.
558 silly tarball no local data for strnum@https://registry.npmjs.org/strnum/-/strnum-2.1.2.tgz. Extracting by manifest.
559 silly tarball no local data for tinyexec@https://registry.npmjs.org/tinyexec/-/tinyexec-1.0.2.tgz. Extracting by manifest.
560 silly tarball no local data for strip-json-comments@https://registry.npmjs.org/strip-json-comments/-/strip-json-comments-2.0.1.tgz. Extracting by manifest.
561 silly tarball no local data for std-env@https://registry.npmjs.org/std-env/-/std-env-3.10.0.tgz. Extracting by manifest.
562 silly tarball no local data for ssf@https://registry.npmjs.org/ssf/-/ssf-0.11.2.tgz. Extracting by manifest.
563 silly tarball no local data for sql-formatter@https://registry.npmjs.org/sql-formatter/-/sql-formatter-15.6.12.tgz. Extracting by manifest.
564 silly tarball no local data for sqlstring@https://registry.npmjs.org/sqlstring/-/sqlstring-2.3.3.tgz. Extracting by manifest.
565 silly tarball no local data for split2@https://registry.npmjs.org/split2/-/split2-4.2.0.tgz. Extracting by manifest.
566 silly tarball no local data for simple-update-notifier@https://registry.npmjs.org/simple-update-notifier/-/simple-update-notifier-2.0.0.tgz. Extracting by manifest.
567 silly tarball no local data for seq-queue@https://registry.npmjs.org/seq-queue/-/seq-queue-0.0.5.tgz. Extracting by manifest.
568 silly tarball no local data for semver@https://registry.npmjs.org/semver/-/semver-7.7.3.tgz. Extracting by manifest.
569 silly tarball no local data for rimraf@https://registry.npmjs.org/rimraf/-/rimraf-2.7.1.tgz. Extracting by manifest.
570 silly tarball no local data for retry@https://registry.npmjs.org/retry/-/retry-0.12.0.tgz. Extracting by manifest.
571 silly tarball no local data for ret@https://registry.npmjs.org/ret/-/ret-0.1.15.tgz. Extracting by manifest.
572 silly tarball no local data for resolve@https://registry.npmjs.org/resolve/-/resolve-1.22.11.tgz. Extracting by manifest.
573 silly tarball no local data for remeda@https://registry.npmjs.org/remeda/-/remeda-2.33.4.tgz. Extracting by manifest.
574 silly tarball no local data for regexp-to-ast@https://registry.npmjs.org/regexp-to-ast/-/regexp-to-ast-0.5.0.tgz. Extracting by manifest.
575 silly tarball no local data for rc9@https://registry.npmjs.org/rc9/-/rc9-2.1.2.tgz. Extracting by manifest.
576 silly tarball no local data for randexp@https://registry.npmjs.org/randexp/-/randexp-0.4.6.tgz. Extracting by manifest.
577 silly tarball no local data for pure-rand@https://registry.npmjs.org/pure-rand/-/pure-rand-6.1.0.tgz. Extracting by manifest.
578 silly tarball no local data for pstree.remy@https://registry.npmjs.org/pstree.remy/-/pstree.remy-1.1.8.tgz. Extracting by manifest.
579 silly tarball no local data for proper-lockfile@https://registry.npmjs.org/proper-lockfile/-/proper-lockfile-4.1.2.tgz. Extracting by manifest.
580 silly tarball no local data for railroad-diagrams@https://registry.npmjs.org/railroad-diagrams/-/railroad-diagrams-1.0.0.tgz. Extracting by manifest.
581 silly tarball no local data for postgres@https://registry.npmjs.org/postgres/-/postgres-3.4.7.tgz. Extracting by manifest.
582 silly tarball no local data for prisma@https://registry.npmjs.org/prisma/-/prisma-7.4.1.tgz. Extracting by manifest.
583 silly tarball no local data for pkg-types@https://registry.npmjs.org/pkg-types/-/pkg-types-2.3.0.tgz. Extracting by manifest.
584 silly tarball no local data for pg-pool@https://registry.npmjs.org/pg-pool/-/pg-pool-3.10.1.tgz. Extracting by manifest.
585 silly tarball no local data for pgpass@https://registry.npmjs.org/pgpass/-/pgpass-1.0.5.tgz. Extracting by manifest.
586 silly tarball no local data for pg-connection-string@https://registry.npmjs.org/pg-connection-string/-/pg-connection-string-2.9.1.tgz. Extracting by manifest.
587 silly tarball no local data for pg@https://registry.npmjs.org/pg/-/pg-8.16.3.tgz. Extracting by manifest.
588 silly tarball no local data for perfect-debounce@https://registry.npmjs.org/perfect-debounce/-/perfect-debounce-1.0.0.tgz. Extracting by manifest.
589 silly tarball no local data for ohash@https://registry.npmjs.org/ohash/-/ohash-2.0.11.tgz. Extracting by manifest.
590 silly tarball no local data for nodemon@https://registry.npmjs.org/nodemon/-/nodemon-3.1.11.tgz. Extracting by manifest.
591 silly tarball no local data for pg-cloudflare@https://registry.npmjs.org/pg-cloudflare/-/pg-cloudflare-1.2.7.tgz. Extracting by manifest.
592 silly tarball no local data for nypm@https://registry.npmjs.org/nypm/-/nypm-0.6.5.tgz. Extracting by manifest.
593 silly tarball no local data for pathe@https://registry.npmjs.org/pathe/-/pathe-2.0.3.tgz. Extracting by manifest.
594 silly tarball no local data for nodemailer@https://registry.npmjs.org/nodemailer/-/nodemailer-7.0.12.tgz. Extracting by manifest.
595 silly tarball no local data for nearley@https://registry.npmjs.org/nearley/-/nearley-2.20.1.tgz. Extracting by manifest.
596 silly tarball no local data for node-fetch-native@https://registry.npmjs.org/node-fetch-native/-/node-fetch-native-1.6.7.tgz. Extracting by manifest.
597 silly tarball no local data for named-placeholders@https://registry.npmjs.org/named-placeholders/-/named-placeholders-1.1.6.tgz. Extracting by manifest.
598 silly tarball no local data for mysql2@https://registry.npmjs.org/mysql2/-/mysql2-3.15.3.tgz. Extracting by manifest.
599 silly tarball no local data for multer@https://registry.npmjs.org/multer/-/multer-2.0.2.tgz. Extracting by manifest.
600 silly tarball no local data for moo@https://registry.npmjs.org/moo/-/moo-0.5.2.tgz. Extracting by manifest.
601 silly tarball no local data for multer-storage-cloudinary@https://registry.npmjs.org/multer-storage-cloudinary/-/multer-storage-cloudinary-4.0.0.tgz. Extracting by manifest.
602 silly tarball no local data for mkdirp@https://registry.npmjs.org/mkdirp/-/mkdirp-1.0.4.tgz. Extracting by manifest.
603 silly tarball no local data for lru.min@https://registry.npmjs.org/lru.min/-/lru.min-1.1.3.tgz. Extracting by manifest.
604 silly tarball no local data for jiti@https://registry.npmjs.org/jiti/-/jiti-2.6.1.tgz. Extracting by manifest.
605 silly tarball no local data for is-property@https://registry.npmjs.org/is-property/-/is-property-1.0.2.tgz. Extracting by manifest.
606 silly tarball no local data for is-standalone-pwa@https://registry.npmjs.org/is-standalone-pwa/-/is-standalone-pwa-0.1.1.tgz. Extracting by manifest.
607 silly tarball no local data for ignore-by-default@https://registry.npmjs.org/ignore-by-default/-/ignore-by-default-1.0.1.tgz. Extracting by manifest.
608 silly tarball no local data for grammex@https://registry.npmjs.org/grammex/-/grammex-3.1.12.tgz. Extracting by manifest.
609 silly tarball no local data for http-status-codes@https://registry.npmjs.org/http-status-codes/-/http-status-codes-2.3.0.tgz. Extracting by manifest.
610 silly tarball no local data for hono@https://registry.npmjs.org/hono/-/hono-4.11.4.tgz. Extracting by manifest.
611 silly tarball no local data for graphmatch@https://registry.npmjs.org/graphmatch/-/graphmatch-1.1.1.tgz. Extracting by manifest.
612 silly tarball no local data for giget@https://registry.npmjs.org/giget/-/giget-2.0.0.tgz. Extracting by manifest.
613 silly tarball no local data for get-port-please@https://registry.npmjs.org/get-port-please/-/get-port-please-3.2.0.tgz. Extracting by manifest.
614 silly tarball no local data for generate-function@https://registry.npmjs.org/generate-function/-/generate-function-2.3.1.tgz. Extracting by manifest.
615 silly tarball no local data for frac@https://registry.npmjs.org/frac/-/frac-1.1.2.tgz. Extracting by manifest.
616 silly tarball no local data for fast-xml-parser@https://registry.npmjs.org/fast-xml-parser/-/fast-xml-parser-5.2.5.tgz. Extracting by manifest.
617 silly tarball no local data for fast-check@https://registry.npmjs.org/fast-check/-/fast-check-3.23.2.tgz. Extracting by manifest.
618 silly tarball no local data for exsolve@https://registry.npmjs.org/exsolve/-/exsolve-1.0.8.tgz. Extracting by manifest.
619 silly tarball no local data for esbuild@https://registry.npmjs.org/esbuild/-/esbuild-0.27.2.tgz. Extracting by manifest.
620 silly tarball no local data for empathic@https://registry.npmjs.org/empathic/-/empathic-2.0.0.tgz. Extracting by manifest.
621 silly tarball no local data for effect@https://registry.npmjs.org/effect/-/effect-3.18.4.tgz. Extracting by manifest.
622 silly tarball no local data for discontinuous-range@https://registry.npmjs.org/discontinuous-range/-/discontinuous-range-1.0.0.tgz. Extracting by manifest.
623 silly tarball no local data for dynamic-dedupe@https://registry.npmjs.org/dynamic-dedupe/-/dynamic-dedupe-0.3.0.tgz. Extracting by manifest.
624 silly tarball no local data for dotenv@https://registry.npmjs.org/dotenv/-/dotenv-17.2.3.tgz. Extracting by manifest.
625 silly tarball no local data for destr@https://registry.npmjs.org/destr/-/destr-2.0.5.tgz. Extracting by manifest.
626 silly tarball no local data for diff@https://registry.npmjs.org/diff/-/diff-4.0.2.tgz. Extracting by manifest.
627 silly tarball no local data for detect-europe-js@https://registry.npmjs.org/detect-europe-js/-/detect-europe-js-0.1.2.tgz. Extracting by manifest.
628 silly tarball no local data for deepmerge-ts@https://registry.npmjs.org/deepmerge-ts/-/deepmerge-ts-7.1.5.tgz. Extracting by manifest.
629 silly tarball no local data for denque@https://registry.npmjs.org/denque/-/denque-2.1.0.tgz. Extracting by manifest.
630 silly tarball no local data for crc-32@https://registry.npmjs.org/crc-32/-/crc-32-1.2.2.tgz. Extracting by manifest.
631 silly tarball no local data for core-js@https://registry.npmjs.org/core-js/-/core-js-3.48.0.tgz. Extracting by manifest.
632 silly tarball no local data for content-disposition@https://registry.npmjs.org/content-disposition/-/content-disposition-1.0.1.tgz. Extracting by manifest.
633 silly tarball no local data for defu@https://registry.npmjs.org/defu/-/defu-6.1.4.tgz. Extracting by manifest.
634 silly tarball no local data for confbox@https://registry.npmjs.org/confbox/-/confbox-0.2.4.tgz. Extracting by manifest.
635 silly tarball no local data for cookie-parser@https://registry.npmjs.org/cookie-parser/-/cookie-parser-1.4.7.tgz. Extracting by manifest.
636 silly tarball no local data for concat-stream@https://registry.npmjs.org/concat-stream/-/concat-stream-2.0.0.tgz. Extracting by manifest.
637 silly tarball no local data for cloudinary-core@https://registry.npmjs.org/cloudinary-core/-/cloudinary-core-2.14.0.tgz. Extracting by manifest.
638 silly tarball no local data for cfb@https://registry.npmjs.org/cfb/-/cfb-1.2.2.tgz. Extracting by manifest.
639 silly tarball no local data for citty@https://registry.npmjs.org/citty/-/citty-0.1.6.tgz. Extracting by manifest.
640 silly tarball no local data for codepage@https://registry.npmjs.org/codepage/-/codepage-1.15.0.tgz. Extracting by manifest.
641 silly tarball no local data for chevrotain@https://registry.npmjs.org/chevrotain/-/chevrotain-10.5.0.tgz. Extracting by manifest.
642 silly tarball no local data for c12@https://registry.npmjs.org/c12/-/c12-3.1.0.tgz. Extracting by manifest.
643 silly tarball no local data for bcryptjs@https://registry.npmjs.org/bcryptjs/-/bcryptjs-3.0.3.tgz. Extracting by manifest.
644 silly tarball no local data for cloudinary@https://registry.npmjs.org/cloudinary/-/cloudinary-1.41.3.tgz. Extracting by manifest.
645 silly tarball no local data for aws-ssl-profiles@https://registry.npmjs.org/aws-ssl-profiles/-/aws-ssl-profiles-1.1.2.tgz. Extracting by manifest.
646 silly tarball no local data for axios@https://registry.npmjs.org/axios/-/axios-1.13.6.tgz. Extracting by manifest.
647 silly tarball no local data for acorn-walk@https://registry.npmjs.org/acorn-walk/-/acorn-walk-8.3.4.tgz. Extracting by manifest.
648 silly tarball no local data for append-field@https://registry.npmjs.org/append-field/-/append-field-1.0.0.tgz. Extracting by manifest.
649 silly tarball no local data for adler-32@https://registry.npmjs.org/adler-32/-/adler-32-1.3.1.tgz. Extracting by manifest.
650 silly tarball no local data for arg@https://registry.npmjs.org/arg/-/arg-4.1.3.tgz. Extracting by manifest.
651 silly tarball no local data for @prisma/debug@https://registry.npmjs.org/@prisma/debug/-/debug-7.4.1.tgz. Extracting by manifest.
652 silly tarball no local data for acorn@https://registry.npmjs.org/acorn/-/acorn-8.15.0.tgz. Extracting by manifest.
653 silly tarball no local data for @prisma/get-platform@https://registry.npmjs.org/@prisma/get-platform/-/get-platform-7.4.1.tgz. Extracting by manifest.
654 silly tarball no local data for @prisma/debug@https://registry.npmjs.org/@prisma/debug/-/debug-7.4.1.tgz. Extracting by manifest.
655 silly tarball no local data for @prisma/get-platform@https://registry.npmjs.org/@prisma/get-platform/-/get-platform-7.4.1.tgz. Extracting by manifest.
656 silly tarball no local data for readdirp@https://registry.npmjs.org/readdirp/-/readdirp-3.6.0.tgz. Extracting by manifest.
657 silly tarball no local data for postgres-array@https://registry.npmjs.org/postgres-array/-/postgres-array-3.0.4.tgz. Extracting by manifest.
658 silly tarball no local data for chokidar@https://registry.npmjs.org/chokidar/-/chokidar-3.6.0.tgz. Extracting by manifest.
659 silly tarball no local data for signal-exit@https://registry.npmjs.org/signal-exit/-/signal-exit-3.0.7.tgz. Extracting by manifest.
660 silly tarball no local data for citty@https://registry.npmjs.org/citty/-/citty-0.2.1.tgz. Extracting by manifest.
661 silly tarball no local data for chokidar@https://registry.npmjs.org/chokidar/-/chokidar-3.6.0.tgz. Extracting by manifest.
662 silly tarball no local data for readdirp@https://registry.npmjs.org/readdirp/-/readdirp-3.6.0.tgz. Extracting by manifest.
663 silly tarball no local data for type-is@https://registry.npmjs.org/type-is/-/type-is-1.6.18.tgz. Extracting by manifest.
664 silly tarball no local data for mime-types@https://registry.npmjs.org/mime-types/-/mime-types-2.1.35.tgz. Extracting by manifest.
665 silly tarball no local data for cookie-signature@https://registry.npmjs.org/cookie-signature/-/cookie-signature-1.0.6.tgz. Extracting by manifest.
666 silly tarball no local data for media-typer@https://registry.npmjs.org/media-typer/-/media-typer-0.3.0.tgz. Extracting by manifest.
667 silly tarball no local data for mime-db@https://registry.npmjs.org/mime-db/-/mime-db-1.52.0.tgz. Extracting by manifest.
668 silly tarball no local data for mkdirp@https://registry.npmjs.org/mkdirp/-/mkdirp-0.5.6.tgz. Extracting by manifest.
669 silly tarball no local data for dotenv@https://registry.npmjs.org/dotenv/-/dotenv-16.6.1.tgz. Extracting by manifest.
670 http fetch GET 200 https://registry.npmjs.org/@types/cookie-parser/-/cookie-parser-1.4.10.tgz 300ms (cache miss)
671 http fetch POST 200 https://registry.npmjs.org/-/npm/v1/security/advisories/bulk 574ms
672 silly audit report {
672 silly audit report   '@hono/node-server': [
672 silly audit report     {
672 silly audit report       id: 1114170,
672 silly audit report       url: 'https://github.com/advisories/GHSA-wc8c-qw6v-h7f6',
672 silly audit report       title: '@hono/node-server has authorization bypass for protected static paths via encoded slashes in Serve Static Middleware',
672 silly audit report       severity: 'high',
672 silly audit report       vulnerable_versions: '<1.19.10',
672 silly audit report       cwe: [Array],
672 silly audit report       cvss: [Object]
672 silly audit report     },
672 silly audit report     {
672 silly audit report       id: 1116281,
672 silly audit report       url: 'https://github.com/advisories/GHSA-92pp-h63x-v22m',
672 silly audit report       title: '@hono/node-server: Middleware bypass via repeated slashes in serveStatic',
672 silly audit report       severity: 'moderate',
672 silly audit report       vulnerable_versions: '<1.19.13',
672 silly audit report       cwe: [Array],
672 silly audit report       cvss: [Object]
672 silly audit report     }
672 silly audit report   ],
672 silly audit report   axios: [
672 silly audit report     {
672 silly audit report       id: 1118607,
672 silly audit report       url: 'https://github.com/advisories/GHSA-q8qp-cvcw-x6jj',
672 silly audit report       title: 'Axios has prototype pollution read-side gadgets in HTTP adapter that allow credential injection and request hijacking',
672 silly audit report       severity: 'high',
672 silly audit report       vulnerable_versions: '>=1.0.0 <1.15.2',
672 silly audit report       cwe: [Array],
672 silly audit report       cvss: [Object]
672 silly audit report     },
672 silly audit report     {
672 silly audit report       id: 1119404,
672 silly audit report       url: 'https://github.com/advisories/GHSA-fvcv-3m26-pcqx',
672 silly audit report       title: 'Axios has Unrestricted Cloud Metadata Exfiltration via Header Injection Chain',
672 silly audit report       severity: 'moderate',
672 silly audit report       vulnerable_versions: '>=1.0.0 <1.15.0',
672 silly audit report       cwe: [Array],
672 silly audit report       cvss: [Object]
672 silly audit report     },
672 silly audit report     {
672 silly audit report       id: 1116673,
672 silly audit report       url: 'https://github.com/advisories/GHSA-3p68-rc4w-qgx5',
672 silly audit report       title: 'Axios has a NO_PROXY Hostname Normalization Bypass that Leads to SSRF',
672 silly audit report       severity: 'moderate',
672 silly audit report       vulnerable_versions: '>=1.0.0 <1.15.0',
672 silly audit report       cwe: [Array],
672 silly audit report       cvss: [Object]
672 silly audit report     },
672 silly audit report     {
672 silly audit report       id: 1117574,
672 silly audit report       url: 'https://github.com/advisories/GHSA-w9j2-pvgh-6h63',
672 silly audit report       title: 'Axios: Authentication Bypass via Prototype Pollution Gadget in `validateStatus` Merge Strategy',
672 silly audit report       severity: 'moderate',
672 silly audit report       vulnerable_versions: '>=1.0.0 <1.15.1',
672 silly audit report       cwe: [Array],
672 silly audit report       cvss: [Object]
672 silly audit report     },
672 silly audit report     {
672 silly audit report       id: 1117576,
672 silly audit report       url: 'https://github.com/advisories/GHSA-pmwg-cvhr-8vh7',
672 silly audit report       title: 'Axios: Incomplete Fix for CVE-2025-62718 — NO_PROXY Protection Bypassed via RFC 1122 Loopback Subnet (127.0.0.0/8) in Axios 1.15.0',
672 silly audit report       severity: 'high',
672 silly audit report       vulnerable_versions: '>=1.0.0 <1.15.1',
672 silly audit report       cwe: [Array],
672 silly audit report       cvss: [Object]
672 silly audit report     },
672 silly audit report     {
672 silly audit report       id: 1117577,
672 silly audit report       url: 'https://github.com/advisories/GHSA-3w6x-2g7m-8v23',
672 silly audit report       title: 'Axios: Invisible JSON Response Tampering via Prototype Pollution Gadget in `parseReviver`',
672 silly audit report       severity: 'moderate',
672 silly audit report       vulnerable_versions: '>=1.0.0 <1.15.2',
672 silly audit report       cwe: [Array],
672 silly audit report       cvss: [Object]
672 silly audit report     },
672 silly audit report     {
672 silly audit report       id: 1117580,
672 silly audit report       url: 'https://github.com/advisories/GHSA-xhjh-pmcv-23jw',
672 silly audit report       title: 'Axios: Null Byte Injection via Reverse-Encoding in AxiosURLSearchParams',
672 silly audit report       severity: 'low',
672 silly audit report       vulnerable_versions: '>=1.0.0 <1.15.1',
672 silly audit report       cwe: [Array],
672 silly audit report       cvss: [Object]
672 silly audit report     },
672 silly audit report     {
672 silly audit report       id: 1117581,
672 silly audit report       url: 'https://github.com/advisories/GHSA-445q-vr5w-6q77',
672 silly audit report       title: 'Axios: CRLF Injection in multipart/form-data body via unsanitized blob.type in formDataToStream',
672 silly audit report       severity: 'moderate',
672 silly audit report       vulnerable_versions: '>=1.0.0 <1.15.1',
672 silly audit report       cwe: [Array],
672 silly audit report       cvss: [Object]
672 silly audit report     },
672 silly audit report     {
672 silly audit report       id: 1117583,
672 silly audit report       url: 'https://github.com/advisories/GHSA-m7pr-hjqh-92cm',
672 silly audit report       title: 'Axios: no_proxy bypass via IP alias allows SSRF',
672 silly audit report       severity: 'moderate',
672 silly audit report       vulnerable_versions: '>=1.0.0 <1.15.1',
672 silly audit report       cwe: [Array],
672 silly audit report       cvss: [Object]
672 silly audit report     },
672 silly audit report     {
672 silly audit report       id: 1117585,
672 silly audit report       url: 'https://github.com/advisories/GHSA-62hf-57xw-28j9',
672 silly audit report       title: 'Axios: unbounded recursion in toFormData causes DoS via deeply nested request data',
672 silly audit report       severity: 'moderate',
672 silly audit report       vulnerable_versions: '>=1.0.0 <1.15.1',
672 silly audit report       cwe: [Array],
672 silly audit report       cvss: [Object]
672 silly audit report     },
672 silly audit report     {
672 silly audit report       id: 1117587,
672 silly audit report       url: 'https://github.com/advisories/GHSA-5c9x-8gcm-mpgx',
672 silly audit report       title: "Axios' HTTP adapter-streamed uploads bypass maxBodyLength when maxRedirects: 0",
672 silly audit report       severity: 'moderate',
672 silly audit report       vulnerable_versions: '>=1.0.0 <1.15.1',
672 silly audit report       cwe: [Array],
672 silly audit report       cvss: [Object]
672 silly audit report     },
672 silly audit report     {
672 silly audit report       id: 1117589,
672 silly audit report       url: 'https://github.com/advisories/GHSA-vf2m-468p-8v99',
672 silly audit report       title: 'Axios: HTTP adapter streamed responses bypass maxContentLength',
672 silly audit report       severity: 'moderate',
672 silly audit report       vulnerable_versions: '>=1.0.0 <1.15.1',
672 silly audit report       cwe: [Array],
672 silly audit report       cvss: [Object]
672 silly audit report     },
672 silly audit report     {
672 silly audit report       id: 1117591,
672 silly audit report       url: 'https://github.com/advisories/GHSA-pf86-5x62-jrwf',
672 silly audit report       title: 'Axios: Prototype Pollution Gadgets - Response Tampering, Data Exfiltration, and Request Hijacking',
672 silly audit report       severity: 'high',
672 silly audit report       vulnerable_versions: '>=1.0.0 <1.15.1',
672 silly audit report       cwe: [Array],
672 silly audit report       cvss: [Object]
672 silly audit report     },
672 silly audit report     {
672 silly audit report       id: 1117593,
672 silly audit report       url: 'https://github.com/advisories/GHSA-6chq-wfr3-2hj9',
672 silly audit report       title: 'Axios: Header Injection via Prototype Pollution',
672 silly audit report       severity: 'high',
672 silly audit report       vulnerable_versions: '>=1.0.0 <1.15.1',
672 silly audit report       cwe: [Array],
672 silly audit report       cvss: [Object]
672 silly audit report     },
672 silly audit report     {
672 silly audit report       id: 1117595,
672 silly audit report       url: 'https://github.com/advisories/GHSA-xx6v-rp6x-q39c',
672 silly audit report       title: 'Axios: XSRF Token Cross-Origin Leakage via Prototype Pollution Gadget in `withXSRFToken` Boolean Coercion',
672 silly audit report       severity: 'moderate',
672 silly audit report       vulnerable_versions: '>=1.0.0 <1.15.1',
672 silly audit report       cwe: [Array],
672 silly audit report       cvss: [Object]
672 silly audit report     }
672 silly audit report   ],
672 silly audit report   'brace-expansion': [
672 silly audit report     {
672 silly audit report       id: 1115540,
672 silly audit report       url: 'https://github.com/advisories/GHSA-f886-m6hf-6m8v',
672 silly audit report       title: 'brace-expansion: Zero-step sequence causes process hang and memory exhaustion',
672 silly audit report       severity: 'moderate',
672 silly audit report       vulnerable_versions: '<1.1.13',
672 silly audit report       cwe: [Array],
672 silly audit report       cvss: [Object]
672 silly audit report     }
672 silly audit report   ],
672 silly audit report   cloudinary: [
672 silly audit report     {
672 silly audit report       id: 1109723,
672 silly audit report       url: 'https://github.com/advisories/GHSA-g4mf-96x5-5m2c',
672 silly audit report       title: 'Cloudinary Node SDK is vulnerable to Arbitrary Argument Injection through parameters that include an ampersand',
672 silly audit report       severity: 'high',
672 silly audit report       vulnerable_versions: '<2.7.0',
672 silly audit report       cwe: [Array],
672 silly audit report       cvss: [Object]
672 silly audit report     }
672 silly audit report   ],
672 silly audit report   defu: [
672 silly audit report     {
672 silly audit report       id: 1116102,
672 silly audit report       url: 'https://github.com/advisories/GHSA-737v-mqg7-c878',
672 silly audit report       title: 'defu: Prototype pollution via `__proto__` key in defaults argument',
672 silly audit report       severity: 'high',
672 silly audit report       vulnerable_versions: '<=6.1.4',
672 silly audit report       cwe: [Array],
672 silly audit report       cvss: [Object]
672 silly audit report     }
672 silly audit report   ],
672 silly audit report   diff: [
672 silly audit report     {
672 silly audit report       id: 1112704,
672 silly audit report       url: 'https://github.com/advisories/GHSA-73rr-hh4g-fpgx',
672 silly audit report       title: 'jsdiff has a Denial of Service vulnerability in parsePatch and applyPatch',
672 silly audit report       severity: 'low',
672 silly audit report       vulnerable_versions: '>=4.0.0 <4.0.4',
672 silly audit report       cwe: [Array],
672 silly audit report       cvss: [Object]
672 silly audit report     }
672 silly audit report   ],
672 silly audit report   effect: [
672 silly audit report     {
672 silly audit report       id: 1115356,
672 silly audit report       url: 'https://github.com/advisories/GHSA-38f7-945m-qr2g',
672 silly audit report       title: 'Effect `AsyncLocalStorage` context lost/contaminated inside Effect fibers under concurrent load with RPC',
672 silly audit report       severity: 'high',
672 silly audit report       vulnerable_versions: '<3.20.0',
672 silly audit report       cwe: [Array],
672 silly audit report       cvss: [Object]
672 silly audit report     }
672 silly audit report   ],
672 silly audit report   'fast-xml-parser': [
672 silly audit report     {
672 silly audit report       id: 1117911,
672 silly audit report       url: 'https://github.com/advisories/GHSA-gh4j-gqv2-49f6',
672 silly audit report       title: 'fast-xml-parser XMLBuilder: XML Comment and CDATA Injection via Unescaped Delimiters',
672 silly audit report       severity: 'moderate',
672 silly audit report       vulnerable_versions: '<5.7.0',
672 silly audit report       cwe: [Array],
672 silly audit report       cvss: [Object]
672 silly audit report     },
672 silly audit report     {
672 silly audit report       id: 1113153,
672 silly audit report       url: 'https://github.com/advisories/GHSA-37qj-frw5-hhjh',
672 silly audit report       title: 'fast-xml-parser has RangeError DoS Numeric Entities Bug',
672 silly audit report       severity: 'high',
672 silly audit report       vulnerable_versions: '>=5.0.9 <=5.3.3',
672 silly audit report       cwe: [Array],
672 silly audit report       cvss: [Object]
672 silly audit report     },
672 silly audit report     {
672 silly audit report       id: 1113568,
672 silly audit report       url: 'https://github.com/advisories/GHSA-m7jm-9gc2-mpf2',
672 silly audit report       title: 'fast-xml-parser has an entity encoding bypass via regex injection in DOCTYPE entity names',
672 silly audit report       severity: 'critical',
672 silly audit report       vulnerable_versions: '>=5.0.0 <5.3.5',
672 silly audit report       cwe: [Array],
672 silly audit report       cvss: [Object]
672 silly audit report     },
672 silly audit report     {
672 silly audit report       id: 1113569,
672 silly audit report       url: 'https://github.com/advisories/GHSA-jmr7-xgp7-cmfj',
672 silly audit report       title: 'fast-xml-parser affected by DoS through entity expansion in DOCTYPE (no expansion limit)',
672 silly audit report       severity: 'high',
672 silly audit report       vulnerable_versions: '>=5.0.0 <5.3.6',
672 silly audit report       cwe: [Array],
672 silly audit report       cvss: [Object]
672 silly audit report     },
672 silly audit report     {
672 silly audit report       id: 1114153,
672 silly audit report       url: 'https://github.com/advisories/GHSA-fj3w-jwp8-x2g3',
672 silly audit report       title: 'fast-xml-parser has stack overflow in XMLBuilder with preserveOrder',
672 silly audit report       severity: 'low',
672 silly audit report       vulnerable_versions: '>=5.0.0 <5.3.8',
672 silly audit report       cwe: [Array],
672 silly audit report       cvss: [Object]
672 silly audit report     },
672 silly audit report     {
672 silly audit report       id: 1115339,
672 silly audit report       url: 'https://github.com/advisories/GHSA-8gc5-j5rx-235r',
672 silly audit report       title: 'fast-xml-parser affected by numeric entity expansion bypassing all entity expansion limits (incomplete fix for CVE-2026-26278)',
672 silly audit report       severity: 'high',
672 silly audit report       vulnerable_versions: '>=5.0.0 <5.5.6',
672 silly audit report       cwe: [Array],
672 silly audit report       cvss: [Object]
672 silly audit report     },
672 silly audit report     {
672 silly audit report       id: 1116307,
672 silly audit report       url: 'https://github.com/advisories/GHSA-jp2q-39xq-3w4g',
672 silly audit report       title: 'Entity Expansion Limits Bypassed When Set to Zero Due to JavaScript Falsy Evaluation in fast-xml-parser',
672 silly audit report       severity: 'moderate',
672 silly audit report       vulnerable_versions: '>=5.0.0 <5.5.7',
672 silly audit report       cwe: [Array],
672 silly audit report       cvss: [Object]
672 silly audit report     }
672 silly audit report   ],
672 silly audit report   'follow-redirects': [
672 silly audit report     {
672 silly audit report       id: 1116560,
672 silly audit report       url: 'https://github.com/advisories/GHSA-r4q5-vmmm-2653',
672 silly audit report       title: 'follow-redirects leaks Custom Authentication Headers to Cross-Domain Redirect Targets',
672 silly audit report       severity: 'moderate',
672 silly audit report       vulnerable_versions: '<=1.15.11',
672 silly audit report       cwe: [Array],
672 silly audit report       cvss: [Object]
672 silly audit report     }
672 silly audit report   ],
672 silly audit report   hono: [
672 silly audit report     {
672 silly audit report       id: 1117915,
672 silly audit report       url: 'https://github.com/advisories/GHSA-qp7p-654g-cw7p',
672 silly audit report       title: 'Hono has CSS Declaration Injection via Style Object Values in JSX SSR',
672 silly audit report       severity: 'moderate',
672 silly audit report       vulnerable_versions: '<4.12.18',
672 silly audit report       cwe: [Array],
672 silly audit report       cvss: [Object]
672 silly audit report     },
672 silly audit report     {
672 silly audit report       id: 1118963,
672 silly audit report       url: 'https://github.com/advisories/GHSA-hm8q-7f3q-5f36',
672 silly audit report       title: 'Hono has improper validation of NumericDate claims (exp, nbf, iat) in JWT verify()',
672 silly audit report       severity: 'low',
672 silly audit report       vulnerable_versions: '<4.12.18',
672 silly audit report       cwe: [Array],
672 silly audit report       cvss: [Object]
672 silly audit report     },
672 silly audit report     {
672 silly audit report       id: 1118964,
672 silly audit report       url: 'https://github.com/advisories/GHSA-p77w-8qqv-26rm',
672 silly audit report       title: "Hono's Cache Middleware ignores Vary: Authorization / Vary: Cookie leading to cross-user cache leakage",
672 silly audit report       severity: 'moderate',
672 silly audit report       vulnerable_versions: '<4.12.18',
672 silly audit report       cwe: [Array],
672 silly audit report       cvss: [Object]
672 silly audit report     },
672 silly audit report     {
672 silly audit report       id: 1118982,
672 silly audit report       url: 'https://github.com/advisories/GHSA-9vqf-7f2p-gf9v',
672 silly audit report       title: 'Hono: bodyLimit() can be bypassed for chunked / unknown-length requests',
672 silly audit report       severity: 'moderate',
672 silly audit report       vulnerable_versions: '<4.12.16',
672 silly audit report       cwe: [Array],
672 silly audit report       cvss: [Object]
672 silly audit report     },
672 silly audit report     {
672 silly audit report       id: 1118983,
672 silly audit report       url: 'https://github.com/advisories/GHSA-69xw-7hcm-h432',
672 silly audit report       title: 'hono/jsx has Unvalidated JSX Tag Names that May Allow HTML Injection',
672 silly audit report       severity: 'moderate',
672 silly audit report       vulnerable_versions: '<4.12.16',
672 silly audit report       cwe: [Array],
672 silly audit report       cvss: [Object]
672 silly audit report     },
672 silly audit report     {
672 silly audit report       id: 1112644,
672 silly audit report       url: 'https://github.com/advisories/GHSA-9r54-q6cx-xmh5',
672 silly audit report       title: 'Hono vulnerable to XSS through ErrorBoundary component ',
672 silly audit report       severity: 'moderate',
672 silly audit report       vulnerable_versions: '<4.11.7',
672 silly audit report       cwe: [Array],
672 silly audit report       cvss: [Object]
672 silly audit report     },
672 silly audit report     {
672 silly audit report       id: 1112677,
672 silly audit report       url: 'https://github.com/advisories/GHSA-6wqw-2p9w-4vw4',
672 silly audit report       title: 'Hono cache middleware ignores "Cache-Control: private" leading to Web Cache Deception',
672 silly audit report       severity: 'moderate',
672 silly audit report       vulnerable_versions: '<4.11.7',
672 silly audit report       cwe: [Array],
672 silly audit report       cvss: [Object]
672 silly audit report     },
672 silly audit report     {
672 silly audit report       id: 1112678,
672 silly audit report       url: 'https://github.com/advisories/GHSA-r354-f388-2fhh',
672 silly audit report       title: 'Hono IPv4 address validation bypass in IP Restriction Middleware allows IP spoofing',
672 silly audit report       severity: 'moderate',
672 silly audit report       vulnerable_versions: '<4.11.7',
672 silly audit report       cwe: [Array],
672 silly audit report       cvss: [Object]
672 silly audit report     },
672 silly audit report     {
672 silly audit report       id: 1112911,
672 silly audit report       url: 'https://github.com/advisories/GHSA-w332-q679-j88p',
672 silly audit report       title: 'Hono has an Arbitrary Key Read in Serve static Middleware (Cloudflare Workers Adapter)',
672 silly audit report       severity: 'moderate',
672 silly audit report       vulnerable_versions: '<4.11.7',
672 silly audit report       cwe: [Array],
672 silly audit report       cvss: [Object]
672 silly audit report     },
672 silly audit report     {
672 silly audit report       id: 1113311,
672 silly audit report       url: 'https://github.com/advisories/GHSA-gq3j-xvxp-8hrf',
672 silly audit report       title: 'Hono added timing comparison hardening in basicAuth and bearerAuth',
672 silly audit report       severity: 'low',
672 silly audit report       vulnerable_versions: '<4.11.10',
672 silly audit report       cwe: [Array],
672 silly audit report       cvss: [Object]
672 silly audit report     },
672 silly audit report     {
672 silly audit report       id: 1114004,
672 silly audit report       url: 'https://github.com/advisories/GHSA-5pq2-9x2x-5p6w',
672 silly audit report       title: 'Hono Vulnerable to Cookie Attribute Injection via Unsanitized domain and path in setCookie()',
672 silly audit report       severity: 'moderate',
672 silly audit report       vulnerable_versions: '<4.12.4',
672 silly audit report       cwe: [Array],
672 silly audit report       cvss: [Object]
672 silly audit report     },
672 silly audit report     {
672 silly audit report       id: 1114005,
672 silly audit report       url: 'https://github.com/advisories/GHSA-p6xx-57qc-3wxr',
672 silly audit report       title: 'Hono Vulnerable to SSE Control Field Injection via CR/LF in writeSSE()',
672 silly audit report       severity: 'moderate',
672 silly audit report       vulnerable_versions: '<4.12.4',
672 silly audit report       cwe: [Array],
672 silly audit report       cvss: [Object]
672 silly audit report     },
672 silly audit report     {
672 silly audit report       id: 1114006,
672 silly audit report       url: 'https://github.com/advisories/GHSA-q5qw-h33p-qvwr',
672 silly audit report       title: 'Hono vulnerable to arbitrary file access via serveStatic vulnerability ',
672 silly audit report       severity: 'high',
672 silly audit report       vulnerable_versions: '<4.12.4',
672 silly audit report       cwe: [Array],
672 silly audit report       cvss: [Object]
672 silly audit report     },
672 silly audit report     {
672 silly audit report       id: 1114341,
672 silly audit report       url: 'https://github.com/advisories/GHSA-v8w9-8mx6-g223',
672 silly audit report       title: 'Hono vulnerable to Prototype Pollution possible through __proto__ key allowed in parseBody({ dot: true })',
672 silly audit report       severity: 'moderate',
672 silly audit report       vulnerable_versions: '<4.12.7',
672 silly audit report       cwe: [Array],
672 silly audit report       cvss: [Object]
672 silly audit report     },
672 silly audit report     {
672 silly audit report       id: 1116244,
672 silly audit report       url: 'https://github.com/advisories/GHSA-26pp-8wgv-hjvm',
672 silly audit report       title: 'Hono missing validation of cookie name on write path in setCookie()',
672 silly audit report       severity: 'moderate',
672 silly audit report       vulnerable_versions: '<4.12.12',
672 silly audit report       cwe: [Array],
672 silly audit report       cvss: [Object]
672 silly audit report     },
672 silly audit report     {
672 silly audit report       id: 1116277,
672 silly audit report       url: 'https://github.com/advisories/GHSA-r5rp-j6wh-rvv4',
672 silly audit report       title: 'Hono: Non-breaking space prefix bypass in cookie name handling in getCookie()',
672 silly audit report       severity: 'moderate',
672 silly audit report       vulnerable_versions: '<4.12.12',
672 silly audit report       cwe: [Array],
672 silly audit report       cvss: [Object]
672 silly audit report     },
672 silly audit report     {
672 silly audit report       id: 1116279,
672 silly audit report       url: 'https://github.com/advisories/GHSA-xf4j-xp2r-rqqx',
672 silly audit report       title: 'Hono: Path traversal in toSSG() allows writing files outside the output directory',
672 silly audit report       severity: 'moderate',
672 silly audit report       vulnerable_versions: '>=4.0.0 <=4.12.11',
672 silly audit report       cwe: [Array],
672 silly audit report       cvss: [Object]
672 silly audit report     },
672 silly audit report     {
672 silly audit report       id: 1116280,
672 silly audit report       url: 'https://github.com/advisories/GHSA-wmmm-f939-6g9c',
672 silly audit report       title: 'Hono: Middleware bypass via repeated slashes in serveStatic',
672 silly audit report       severity: 'moderate',
672 silly audit report       vulnerable_versions: '<4.12.12',
672 silly audit report       cwe: [Array],
672 silly audit report       cvss: [Object]
672 silly audit report     },
672 silly audit report     {
672 silly audit report       id: 1116669,
672 silly audit report       url: 'https://github.com/advisories/GHSA-458j-xx4x-4375',
672 silly audit report       title: 'hono Improperly Handles JSX Attribute Names Allows HTML Injection in hono/jsx SSR',
672 silly audit report       severity: 'moderate',
672 silly audit report       vulnerable_versions: '<4.12.14',
672 silly audit report       cwe: [Array],
672 silly audit report       cvss: [Object]
672 silly audit report     },
672 silly audit report     {
672 silly audit report       id: 1117087,
672 silly audit report       url: 'https://github.com/advisories/GHSA-xpcf-pg52-r92g',
672 silly audit report       title: 'Hono has incorrect IP matching in ipRestriction() for IPv4-mapped IPv6 addresses',
672 silly audit report       severity: 'moderate',
672 silly audit report       vulnerable_versions: '<4.12.12',
672 silly audit report       cwe: [Array],
672 silly audit report       cvss: [Object]
672 silly audit report     }
672 silly audit report   ],
672 silly audit report   lodash: [
672 silly audit report     {
672 silly audit report       id: 1112455,
672 silly audit report       url: 'https://github.com/advisories/GHSA-xxjr-mmjv-4gpg',
672 silly audit report       title: 'Lodash has Prototype Pollution Vulnerability in `_.unset` and `_.omit` functions',
672 silly audit report       severity: 'moderate',
672 silly audit report       vulnerable_versions: '>=4.0.0 <=4.17.22',
672 silly audit report       cwe: [Array],
672 silly audit report       cvss: [Object]
672 silly audit report     },
672 silly audit report     {
672 silly audit report       id: 1115806,
672 silly audit report       url: 'https://github.com/advisories/GHSA-r5fr-rjxr-66jc',
672 silly audit report       title: 'lodash vulnerable to Code Injection via `_.template` imports key names',
672 silly audit report       severity: 'high',
672 silly audit report       vulnerable_versions: '>=4.0.0 <=4.17.23',
672 silly audit report       cwe: [Array],
672 silly audit report       cvss: [Object]
672 silly audit report     },
672 silly audit report     {
672 silly audit report       id: 1115810,
672 silly audit report       url: 'https://github.com/advisories/GHSA-f23m-r3pf-42rh',
672 silly audit report       title: 'lodash vulnerable to Prototype Pollution via array path bypass in `_.unset` and `_.omit`',
672 silly audit report       severity: 'moderate',
672 silly audit report       vulnerable_versions: '<=4.17.23',
672 silly audit report       cwe: [Array],
672 silly audit report       cvss: [Object]
672 silly audit report     }
672 silly audit report   ],
672 silly audit report   minimatch: [
672 silly audit report     {
672 silly audit report       id: 1113459,
672 silly audit report       url: 'https://github.com/advisories/GHSA-3ppc-4f35-3m26',
672 silly audit report       title: 'minimatch has a ReDoS via repeated wildcards with non-matching literal in pattern',
672 silly audit report       severity: 'high',
672 silly audit report       vulnerable_versions: '<3.1.3',
672 silly audit report       cwe: [Array],
672 silly audit report       cvss: [Object]
672 silly audit report     },
672 silly audit report     {
672 silly audit report       id: 1113538,
672 silly audit report       url: 'https://github.com/advisories/GHSA-7r86-cg39-jmmj',
672 silly audit report       title: 'minimatch has ReDoS: matchOne() combinatorial backtracking via multiple non-adjacent GLOBSTAR segments',
672 silly audit report       severity: 'high',
672 silly audit report       vulnerable_versions: '<3.1.3',
672 silly audit report       cwe: [Array],
672 silly audit report       cvss: [Object]
672 silly audit report     },
672 silly audit report     {
672 silly audit report       id: 1113546,
672 silly audit report       url: 'https://github.com/advisories/GHSA-23c5-xmqv-rm74',
672 silly audit report       title: 'minimatch ReDoS: nested *() extglobs generate catastrophically backtracking regular expressions',
672 silly audit report       severity: 'high',
672 silly audit report       vulnerable_versions: '<3.1.4',
672 silly audit report       cwe: [Array],
672 silly audit report       cvss: [Object]
672 silly audit report     }
672 silly audit report   ],
672 silly audit report   multer: [
672 silly audit report     {
672 silly audit report       id: 1113635,
672 silly audit report       url: 'https://github.com/advisories/GHSA-xf7r-hgr6-v32p',
672 silly audit report       title: 'Multer vulnerable to Denial of Service via incomplete cleanup',
672 silly audit report       severity: 'high',
672 silly audit report       vulnerable_versions: '<2.1.0',
672 silly audit report       cwe: [Array],
672 silly audit report       cvss: [Object]
672 silly audit report     },
672 silly audit report     {
672 silly audit report       id: 1113636,
672 silly audit report       url: 'https://github.com/advisories/GHSA-v52c-386h-88mc',
672 silly audit report       title: 'Multer vulnerable to Denial of Service via resource exhaustion',
672 silly audit report       severity: 'high',
672 silly audit report       vulnerable_versions: '<2.1.0',
672 silly audit report       cwe: [Array],
672 silly audit report       cvss: [Object]
672 silly audit report     },
672 silly audit report     {
672 silly audit report       id: 1113996,
672 silly audit report       url: 'https://github.com/advisories/GHSA-5528-5vmv-3xc2',
672 silly audit report       title: 'Multer Vulnerable to Denial of Service via Uncontrolled Recursion',
672 silly audit report       severity: 'high',
672 silly audit report       vulnerable_versions: '<2.1.1',
672 silly audit report       cwe: [Array],
672 silly audit report       cvss: [Object]
672 silly audit report     }
672 silly audit report   ],
672 silly audit report   nodemailer: [
672 silly audit report     {
672 silly audit report       id: 1115470,
672 silly audit report       url: 'https://github.com/advisories/GHSA-c7w3-x93f-qmm8',
672 silly audit report       title: 'Nodemailer has SMTP command injection due to unsanitized `envelope.size` parameter',
672 silly audit report       severity: 'low',
672 silly audit report       vulnerable_versions: '<8.0.4',
672 silly audit report       cwe: [Array],
672 silly audit report       cvss: [Object]
672 silly audit report     },
672 silly audit report     {
672 silly audit report       id: 1116270,
672 silly audit report       url: 'https://github.com/advisories/GHSA-vvjj-xcjg-gr5g',
672 silly audit report       title: 'Nodemailer Vulnerable to SMTP Command Injection via CRLF in Transport name Option (EHLO/HELO) ',
672 silly audit report       severity: 'moderate',
672 silly audit report       vulnerable_versions: '<=8.0.4',
672 silly audit report       cwe: [Array],
672 silly audit report       cvss: [Object]
672 silly audit report     }
672 silly audit report   ],
672 silly audit report   'path-to-regexp': [
672 silly audit report     {
672 silly audit report       id: 1115573,
672 silly audit report       url: 'https://github.com/advisories/GHSA-j3q9-mxjg-w52f',
672 silly audit report       title: 'path-to-regexp vulnerable to Denial of Service via sequential optional groups',
672 silly audit report       severity: 'high',
672 silly audit report       vulnerable_versions: '>=8.0.0 <8.4.0',
672 silly audit report       cwe: [Array],
672 silly audit report       cvss: [Object]
672 silly audit report     },
672 silly audit report     {
672 silly audit report       id: 1115582,
672 silly audit report       url: 'https://github.com/advisories/GHSA-27v5-c462-wpq7',
672 silly audit report       title: 'path-to-regexp vulnerable to Regular Expression Denial of Service via multiple wildcards',
672 silly audit report       severity: 'moderate',
672 silly audit report       vulnerable_versions: '>=8.0.0 <8.4.0',
672 silly audit report       cwe: [Array],
672 silly audit report       cvss: [Object]
672 silly audit report     }
672 silly audit report   ],
672 silly audit report   picomatch: [
672 silly audit report     {
672 silly audit report       id: 1115549,
672 silly audit report       url: 'https://github.com/advisories/GHSA-3v7f-55p6-f55p',
672 silly audit report       title: 'Picomatch: Method Injection in POSIX Character Classes causes incorrect Glob Matching',
672 silly audit report       severity: 'moderate',
672 silly audit report       vulnerable_versions: '<2.3.2',
672 silly audit report       cwe: [Array],
672 silly audit report       cvss: [Object]
672 silly audit report     },
672 silly audit report     {
672 silly audit report       id: 1115552,
672 silly audit report       url: 'https://github.com/advisories/GHSA-c2c7-rcm5-vvqj',
672 silly audit report       title: 'Picomatch has a ReDoS vulnerability via extglob quantifiers',
672 silly audit report       severity: 'high',
672 silly audit report       vulnerable_versions: '<2.3.2',
672 silly audit report       cwe: [Array],
672 silly audit report       cvss: [Object]
672 silly audit report     }
672 silly audit report   ],
672 silly audit report   qs: [
672 silly audit report     {
672 silly audit report       id: 1119502,
672 silly audit report       url: 'https://github.com/advisories/GHSA-q8mj-m7cp-5q26',
672 silly audit report       title: 'qs has a remotely triggerable DoS: qs.stringify crashes with TypeError on null/undefined entries in comma-format arrays when encodeValuesOnly is set',
672 silly audit report       severity: 'moderate',
672 silly audit report       vulnerable_versions: '>=6.11.1 <=6.15.1',
672 silly audit report       cwe: [Array],
672 silly audit report       cvss: [Object]
672 silly audit report     },
672 silly audit report     {
672 silly audit report       id: 1113161,
672 silly audit report       url: 'https://github.com/advisories/GHSA-w7fw-mjwx-w883',
672 silly audit report       title: "qs's arrayLimit bypass in comma parsing allows denial of service",
672 silly audit report       severity: 'low',
672 silly audit report       vulnerable_versions: '>=6.7.0 <=6.14.1',
672 silly audit report       cwe: [Array],
672 silly audit report       cvss: [Object]
672 silly audit report     }
672 silly audit report   ],
672 silly audit report   uuid: [
672 silly audit report     {
672 silly audit report       id: 1119442,
672 silly audit report       url: 'https://github.com/advisories/GHSA-w5hq-g745-h8pq',
672 silly audit report       title: 'uuid: Missing buffer bounds check in v3/v5/v6 when buf is provided',
672 silly audit report       severity: 'moderate',
672 silly audit report       vulnerable_versions: '>=13.0.0 <13.0.1',
672 silly audit report       cwe: [Array],
672 silly audit report       cvss: [Object]
672 silly audit report     }
672 silly audit report   ],
672 silly audit report   xlsx: [
672 silly audit report     {
672 silly audit report       id: 1108110,
672 silly audit report       url: 'https://github.com/advisories/GHSA-4r6h-8v6p-xvw6',
672 silly audit report       title: 'Prototype Pollution in sheetJS',
672 silly audit report       severity: 'high',
672 silly audit report       vulnerable_versions: '<0.19.3',
672 silly audit report       cwe: [Array],
672 silly audit report       cvss: [Object]
672 silly audit report     },
672 silly audit report     {
672 silly audit report       id: 1108111,
672 silly audit report       url: 'https://github.com/advisories/GHSA-5pgg-2g8v-p4x9',
672 silly audit report       title: 'SheetJS Regular Expression Denial of Service (ReDoS)',
672 silly audit report       severity: 'high',
672 silly audit report       vulnerable_versions: '<0.20.2',
672 silly audit report       cwe: [Array],
672 silly audit report       cvss: [Object]
672 silly audit report     }
672 silly audit report   ]
672 silly audit report }
673 silly packumentCache corgi:https://registry.npmjs.org/@hono%2fnode-server cache-miss
674 silly packumentCache corgi:https://registry.npmjs.org/axios cache-miss
675 silly packumentCache corgi:https://registry.npmjs.org/brace-expansion cache-miss
676 silly packumentCache corgi:https://registry.npmjs.org/cloudinary cache-miss
677 silly packumentCache corgi:https://registry.npmjs.org/defu cache-miss
678 silly packumentCache corgi:https://registry.npmjs.org/diff cache-miss
679 silly packumentCache corgi:https://registry.npmjs.org/effect cache-miss
680 silly packumentCache corgi:https://registry.npmjs.org/fast-xml-parser cache-miss
681 silly packumentCache corgi:https://registry.npmjs.org/follow-redirects cache-miss
682 silly packumentCache corgi:https://registry.npmjs.org/hono cache-miss
683 silly packumentCache corgi:https://registry.npmjs.org/lodash cache-miss
684 silly packumentCache corgi:https://registry.npmjs.org/minimatch cache-miss
685 silly packumentCache corgi:https://registry.npmjs.org/multer cache-miss
686 silly packumentCache corgi:https://registry.npmjs.org/nodemailer cache-miss
687 silly packumentCache corgi:https://registry.npmjs.org/path-to-regexp cache-miss
688 silly packumentCache corgi:https://registry.npmjs.org/picomatch cache-miss
689 silly packumentCache corgi:https://registry.npmjs.org/qs cache-miss
690 silly packumentCache corgi:https://registry.npmjs.org/uuid cache-miss
691 silly packumentCache corgi:https://registry.npmjs.org/xlsx cache-miss
692 http fetch GET 200 https://registry.npmjs.org/@types/strip-bom/-/strip-bom-3.0.0.tgz 583ms (cache miss)
693 http fetch GET 200 https://registry.npmjs.org/@types/uuid/-/uuid-10.0.0.tgz 590ms (cache miss)
694 http fetch GET 200 https://registry.npmjs.org/@types/cors/-/cors-2.8.19.tgz 584ms (cache miss)
695 http fetch GET 200 https://registry.npmjs.org/@types/multer/-/multer-2.0.0.tgz 591ms (cache miss)
696 http fetch GET 200 https://registry.npmjs.org/@types/pg/-/pg-8.16.0.tgz 595ms (cache miss)
697 http fetch GET 200 https://registry.npmjs.org/@types/express-serve-static-core/-/express-serve-static-core-5.1.0.tgz 595ms (cache miss)
698 http fetch GET 200 https://registry.npmjs.org/@types/strip-json-comments/-/strip-json-comments-0.0.30.tgz 602ms (cache miss)
699 http fetch GET 200 https://registry.npmjs.org/@types/bcryptjs/-/bcryptjs-2.4.6.tgz 597ms (cache miss)
700 http fetch GET 200 https://registry.npmjs.org/@smithy/util-retry/-/util-retry-4.2.8.tgz 801ms (cache miss)
701 http fetch GET 200 https://registry.npmjs.org/@smithy/util-middleware/-/util-middleware-4.2.8.tgz 814ms (cache miss)
702 http fetch GET 200 https://registry.npmjs.org/@smithy/util-stream/-/util-stream-4.5.10.tgz 822ms (cache miss)
703 http fetch GET 200 https://registry.npmjs.org/@types/winston/-/winston-2.4.4.tgz 840ms (cache miss)
704 warn deprecated @types/winston@2.4.4: This is a stub types definition. winston provides its own type definitions, so you do not need this installed.
705 http fetch GET 200 https://registry.npmjs.org/@types/nodemailer/-/nodemailer-7.0.5.tgz 881ms (cache miss)
706 http fetch GET 200 https://registry.npmjs.org/@smithy/url-parser/-/url-parser-4.2.8.tgz 1120ms (cache miss)
707 http fetch GET 200 https://registry.npmjs.org/@smithy/protocol-http/-/protocol-http-5.3.8.tgz 1149ms (cache miss)
708 http fetch GET 200 https://registry.npmjs.org/@smithy/signature-v4/-/signature-v4-5.3.8.tgz 1159ms (cache miss)
709 http fetch GET 200 https://registry.npmjs.org/@smithy/util-endpoints/-/util-endpoints-3.2.8.tgz 1166ms (cache miss)
710 http fetch GET 200 https://registry.npmjs.org/@smithy/shared-ini-file-loader/-/shared-ini-file-loader-4.4.3.tgz 1178ms (cache miss)
711 http fetch GET 200 https://registry.npmjs.org/@smithy/service-error-classification/-/service-error-classification-4.2.8.tgz 1257ms (cache miss)
712 http fetch GET 200 https://registry.npmjs.org/@smithy/querystring-parser/-/querystring-parser-4.2.8.tgz 1259ms (cache miss)
713 http fetch GET 200 https://registry.npmjs.org/@smithy/querystring-builder/-/querystring-builder-4.2.8.tgz 1309ms (cache miss)
714 http fetch GET 200 https://registry.npmjs.org/@smithy/util-defaults-mode-node/-/util-defaults-mode-node-4.2.26.tgz 1368ms (cache miss)
715 http fetch GET 200 https://registry.npmjs.org/@smithy/util-defaults-mode-browser/-/util-defaults-mode-browser-4.3.23.tgz 1373ms (cache miss)
716 http fetch GET 200 https://registry.npmjs.org/@smithy/node-config-provider/-/node-config-provider-4.3.8.tgz 1386ms (cache miss)
717 http fetch GET 200 https://registry.npmjs.org/@smithy/node-http-handler/-/node-http-handler-4.4.8.tgz 1421ms (cache miss)
718 http fetch GET 200 https://registry.npmjs.org/@smithy/types/-/types-4.12.0.tgz 1433ms (cache miss)
719 http fetch GET 200 https://registry.npmjs.org/@smithy/property-provider/-/property-provider-4.2.8.tgz 1481ms (cache miss)
720 http fetch GET 200 https://registry.npmjs.org/@smithy/smithy-client/-/smithy-client-4.10.9.tgz 1504ms (cache miss)
721 http fetch GET 200 https://registry.npmjs.org/@smithy/hash-node/-/hash-node-4.2.8.tgz 1587ms (cache miss)
722 http fetch GET 200 https://registry.npmjs.org/@smithy/middleware-stack/-/middleware-stack-4.2.8.tgz 1598ms (cache miss)
723 http fetch GET 200 https://registry.npmjs.org/@smithy/invalid-dependency/-/invalid-dependency-4.2.8.tgz 1757ms (cache miss)
724 http fetch GET 200 https://registry.npmjs.org/@smithy/fetch-http-handler/-/fetch-http-handler-5.3.9.tgz 1763ms (cache miss)
725 http fetch GET 200 https://registry.npmjs.org/@smithy/middleware-content-length/-/middleware-content-length-4.2.8.tgz 1778ms (cache miss)
726 http fetch GET 200 https://registry.npmjs.org/@types/node/-/node-25.0.5.tgz 1794ms (cache miss)
727 http fetch GET 200 https://registry.npmjs.org/@smithy/middleware-retry/-/middleware-retry-4.4.24.tgz 1880ms (cache miss)
728 http fetch GET 200 https://registry.npmjs.org/@smithy/credential-provider-imds/-/credential-provider-imds-4.2.8.tgz 1904ms (cache miss)
729 http fetch GET 200 https://registry.npmjs.org/@smithy/middleware-endpoint/-/middleware-endpoint-4.4.8.tgz 1923ms (cache miss)
730 http fetch GET 200 https://registry.npmjs.org/@smithy/abort-controller/-/abort-controller-4.2.8.tgz 1963ms (cache miss)
731 http fetch GET 200 https://registry.npmjs.org/@smithy/config-resolver/-/config-resolver-4.4.6.tgz 2003ms (cache miss)
732 http fetch GET 200 https://registry.npmjs.org/@smithy/middleware-serde/-/middleware-serde-4.2.9.tgz 2010ms (cache miss)
733 http fetch GET 200 https://registry.npmjs.org/@prisma/driver-adapter-utils/-/driver-adapter-utils-7.2.0.tgz 2265ms (cache miss)
734 http fetch GET 200 https://registry.npmjs.org/@prisma/engines/-/engines-7.4.1.tgz 2344ms (cache miss)
735 http fetch GET 200 https://registry.npmjs.org/@prisma/debug/-/debug-7.2.0.tgz 2428ms (cache miss)
736 http fetch GET 200 https://registry.npmjs.org/@prisma/config/-/config-7.4.1.tgz 2483ms (cache miss)
737 http fetch GET 200 https://registry.npmjs.org/@prisma/get-platform/-/get-platform-7.2.0.tgz 2486ms (cache miss)
738 http fetch GET 200 https://registry.npmjs.org/@prisma/engines-version/-/engines-version-7.5.0-4.55ae170b1ced7fc6ed07a15f110549408c501bb3.tgz 2498ms (cache miss)
739 http fetch GET 200 https://registry.npmjs.org/@hono/node-server/-/node-server-1.19.9.tgz 2504ms (cache miss)
740 http fetch GET 200 https://registry.npmjs.org/@prisma/adapter-pg/-/adapter-pg-7.2.0.tgz 2517ms (cache miss)
741 http fetch GET 200 https://registry.npmjs.org/@smithy/core/-/core-3.20.7.tgz 2558ms (cache miss)
742 http fetch GET 200 https://registry.npmjs.org/@prisma/dev/-/dev-0.20.0.tgz 2584ms (cache miss)
743 http fetch GET 200 https://registry.npmjs.org/@prisma/client-runtime-utils/-/client-runtime-utils-7.4.1.tgz 2600ms (cache miss)
744 http fetch GET 200 https://registry.npmjs.org/@mrleebo/prisma-ast/-/prisma-ast-0.13.1.tgz 2878ms (cache miss)
745 http fetch GET 200 https://registry.npmjs.org/@chevrotain/types/-/types-10.5.0.tgz 2909ms (cache miss)
746 http fetch GET 200 https://registry.npmjs.org/@chevrotain/utils/-/utils-10.5.0.tgz 2912ms (cache miss)
747 http fetch GET 200 https://registry.npmjs.org/@chevrotain/gast/-/gast-10.5.0.tgz 2988ms (cache miss)
748 http fetch GET 200 https://registry.npmjs.org/@chevrotain/cst-dts-gen/-/cst-dts-gen-10.5.0.tgz 3045ms (cache miss)
749 http fetch GET 200 https://registry.npmjs.org/@aws-sdk/xml-builder/-/xml-builder-3.969.0.tgz 3307ms (cache miss)
750 http fetch GET 200 https://registry.npmjs.org/@aws-sdk/util-user-agent-node/-/util-user-agent-node-3.971.0.tgz 3329ms (cache miss)
751 http fetch GET 200 https://registry.npmjs.org/@electric-sql/pglite-socket/-/pglite-socket-0.0.20.tgz 3335ms (cache miss)
752 http fetch GET 200 https://registry.npmjs.org/@aws-sdk/util-locate-window/-/util-locate-window-3.965.2.tgz 3483ms (cache miss)
753 http fetch GET 200 https://registry.npmjs.org/@aws-sdk/util-user-agent-browser/-/util-user-agent-browser-3.969.0.tgz 3498ms (cache miss)
754 http fetch GET 200 https://registry.npmjs.org/@prisma/query-plan-executor/-/query-plan-executor-7.2.0.tgz 4550ms (cache miss)
755 http fetch GET 200 https://registry.npmjs.org/@aws-sdk/util-endpoints/-/util-endpoints-3.970.0.tgz 4644ms (cache miss)
756 http fetch GET 200 https://registry.npmjs.org/@prisma/fetch-engine/-/fetch-engine-7.4.1.tgz 4826ms (cache miss)
757 http fetch GET 200 https://registry.npmjs.org/@aws-sdk/util-arn-parser/-/util-arn-parser-3.968.0.tgz 4843ms (cache miss)
758 http fetch GET 200 https://registry.npmjs.org/@aws-sdk/token-providers/-/token-providers-3.971.0.tgz 4916ms (cache miss)
759 http fetch GET 200 https://registry.npmjs.org/@aws-sdk/signature-v4-multi-region/-/signature-v4-multi-region-3.970.0.tgz 4940ms (cache miss)
760 http fetch GET 200 https://registry.npmjs.org/@aws-sdk/types/-/types-3.969.0.tgz 4968ms (cache miss)
761 http fetch GET 200 https://registry.npmjs.org/@aws-sdk/region-config-resolver/-/region-config-resolver-3.969.0.tgz 5050ms (cache miss)
762 http fetch GET 200 https://registry.npmjs.org/@aws-sdk/middleware-user-agent/-/middleware-user-agent-3.970.0.tgz 5096ms (cache miss)
763 http fetch GET 200 https://registry.npmjs.org/@aws-sdk/middleware-sdk-s3/-/middleware-sdk-s3-3.970.0.tgz 5151ms (cache miss)
764 http fetch GET 200 https://registry.npmjs.org/@electric-sql/pglite-tools/-/pglite-tools-0.2.20.tgz 5491ms (cache miss)
765 http fetch GET 200 https://registry.npmjs.org/@aws-sdk/nested-clients/-/nested-clients-3.971.0.tgz 5583ms (cache miss)
766 http fetch GET 200 https://registry.npmjs.org/@aws-sdk/middleware-logger/-/middleware-logger-3.969.0.tgz 5589ms (cache miss)
767 http fetch GET 200 https://registry.npmjs.org/@aws-sdk/middleware-recursion-detection/-/middleware-recursion-detection-3.969.0.tgz 5674ms (cache miss)
768 http fetch GET 200 https://registry.npmjs.org/@aws-sdk/middleware-host-header/-/middleware-host-header-3.969.0.tgz 5864ms (cache miss)
769 http fetch GET 200 https://registry.npmjs.org/zeptomatch/-/zeptomatch-2.1.0.tgz 5911ms (cache miss)
770 http fetch GET 200 https://registry.npmjs.org/@aws-sdk/credential-provider-process/-/credential-provider-process-3.970.0.tgz 5926ms (cache miss)
771 http fetch GET 200 https://registry.npmjs.org/@aws-sdk/credential-provider-sso/-/credential-provider-sso-3.971.0.tgz 5929ms (cache miss)
772 http fetch GET 200 https://registry.npmjs.org/@aws-sdk/credential-provider-web-identity/-/credential-provider-web-identity-3.971.0.tgz 5952ms (cache miss)
773 http fetch GET 200 https://registry.npmjs.org/@aws-sdk/credential-provider-login/-/credential-provider-login-3.971.0.tgz 5957ms (cache miss)
774 http fetch GET 200 https://registry.npmjs.org/word/-/word-0.3.0.tgz 5987ms (cache miss)
775 http fetch GET 200 https://registry.npmjs.org/@aws/lambda-invoke-store/-/lambda-invoke-store-0.2.3.tgz 6013ms (cache miss)
776 http fetch GET 200 https://registry.npmjs.org/@aws-sdk/credential-provider-node/-/credential-provider-node-3.971.0.tgz 6047ms (cache miss)
777 http fetch GET 200 https://registry.npmjs.org/@aws-sdk/credential-provider-env/-/credential-provider-env-3.970.0.tgz 6091ms (cache miss)
778 http fetch GET 200 https://registry.npmjs.org/which/-/which-2.0.2.tgz 6100ms (cache miss)
779 http fetch GET 200 https://registry.npmjs.org/@aws-sdk/credential-provider-http/-/credential-provider-http-3.970.0.tgz 6111ms (cache miss)
780 http fetch GET 200 https://registry.npmjs.org/winston/-/winston-3.19.0.tgz 6133ms (cache miss)
781 http fetch GET 200 https://registry.npmjs.org/@aws-sdk/credential-provider-ini/-/credential-provider-ini-3.971.0.tgz 6166ms (cache miss)
782 http fetch GET 200 https://registry.npmjs.org/wmf/-/wmf-1.0.2.tgz 6185ms (cache miss)
783 http fetch GET 200 https://registry.npmjs.org/undefsafe/-/undefsafe-2.0.5.tgz 6212ms (cache miss)
784 http fetch GET 200 https://registry.npmjs.org/type-is/-/type-is-2.0.1.tgz 6269ms (cache miss)
785 http fetch GET 200 https://registry.npmjs.org/ua-is-frozen/-/ua-is-frozen-0.1.2.tgz 6271ms (cache miss)
786 http fetch GET 200 https://registry.npmjs.org/uuid/-/uuid-13.0.0.tgz 6282ms (cache miss)
787 http fetch GET 200 https://registry.npmjs.org/tsconfig/-/tsconfig-7.0.0.tgz 6387ms (cache miss)
788 http fetch GET 200 https://registry.npmjs.org/ts-node-dev/-/ts-node-dev-2.0.0.tgz 6403ms (cache miss)
789 http fetch GET 200 https://registry.npmjs.org/typedarray/-/typedarray-0.0.6.tgz 6454ms (cache miss)
790 http fetch GET 200 https://registry.npmjs.org/valibot/-/valibot-1.2.0.tgz 6513ms (cache miss)
791 http fetch GET 200 https://registry.npmjs.org/touch/-/touch-3.1.1.tgz 6580ms (cache miss)
792 http fetch GET 200 https://registry.npmjs.org/tree-kill/-/tree-kill-1.2.2.tgz 6581ms (cache miss)
793 http fetch GET 200 https://registry.npmjs.org/@aws-sdk/client-sso/-/client-sso-3.971.0.tgz 6622ms (cache miss)
794 http fetch GET 200 https://registry.npmjs.org/strnum/-/strnum-2.1.2.tgz 6656ms (cache miss)
795 http fetch GET 200 https://registry.npmjs.org/tinyexec/-/tinyexec-1.0.2.tgz 6670ms (cache miss)
796 http fetch GET 200 https://registry.npmjs.org/strip-json-comments/-/strip-json-comments-2.0.1.tgz 6722ms (cache miss)
797 http fetch GET 200 https://registry.npmjs.org/std-env/-/std-env-3.10.0.tgz 6735ms (cache miss)
798 http fetch GET 200 https://registry.npmjs.org/ssf/-/ssf-0.11.2.tgz 6757ms (cache miss)
799 http fetch GET 200 https://registry.npmjs.org/tsx/-/tsx-4.21.0.tgz 6793ms (cache miss)
800 http fetch GET 200 https://registry.npmjs.org/@aws-sdk/core/-/core-3.970.0.tgz 6821ms (cache miss)
801 http fetch GET 200 https://registry.npmjs.org/sqlstring/-/sqlstring-2.3.3.tgz 6895ms (cache miss)
802 http fetch GET 200 https://registry.npmjs.org/split2/-/split2-4.2.0.tgz 6900ms (cache miss)
803 http fetch GET 200 https://registry.npmjs.org/seq-queue/-/seq-queue-0.0.5.tgz 6962ms (cache miss)
804 http fetch GET 200 https://registry.npmjs.org/rimraf/-/rimraf-2.7.1.tgz 6964ms (cache miss)
805 http fetch GET 200 https://registry.npmjs.org/simple-update-notifier/-/simple-update-notifier-2.0.0.tgz 6966ms (cache miss)
806 warn deprecated rimraf@2.7.1: Rimraf versions prior to v4 are no longer supported
807 http fetch GET 200 https://registry.npmjs.org/semver/-/semver-7.7.3.tgz 7052ms (cache miss)
808 http fetch GET 200 https://registry.npmjs.org/ret/-/ret-0.1.15.tgz 7216ms (cache miss)
809 http fetch GET 200 https://registry.npmjs.org/retry/-/retry-0.12.0.tgz 7230ms (cache miss)
810 http fetch GET 200 https://registry.npmjs.org/regexp-to-ast/-/regexp-to-ast-0.5.0.tgz 7254ms (cache miss)
811 http fetch GET 200 https://registry.npmjs.org/rc9/-/rc9-2.1.2.tgz 7261ms (cache miss)
812 http fetch GET 200 https://registry.npmjs.org/randexp/-/randexp-0.4.6.tgz 7403ms (cache miss)
813 http fetch GET 200 https://registry.npmjs.org/pstree.remy/-/pstree.remy-1.1.8.tgz 7472ms (cache miss)
814 http fetch GET 200 https://registry.npmjs.org/proper-lockfile/-/proper-lockfile-4.1.2.tgz 7507ms (cache miss)
815 http fetch GET 200 https://registry.npmjs.org/railroad-diagrams/-/railroad-diagrams-1.0.0.tgz 7509ms (cache miss)
816 http fetch GET 200 https://registry.npmjs.org/resolve/-/resolve-1.22.11.tgz 7591ms (cache miss)
817 http fetch GET 200 https://registry.npmjs.org/pkg-types/-/pkg-types-2.3.0.tgz 7658ms (cache miss)
818 http fetch GET 200 https://registry.npmjs.org/postgres/-/postgres-3.4.7.tgz 7680ms (cache miss)
819 http fetch GET 200 https://registry.npmjs.org/pgpass/-/pgpass-1.0.5.tgz 7682ms (cache miss)
820 http fetch GET 200 https://registry.npmjs.org/pg-connection-string/-/pg-connection-string-2.9.1.tgz 7691ms (cache miss)
821 http fetch GET 200 https://registry.npmjs.org/pure-rand/-/pure-rand-6.1.0.tgz 7726ms (cache miss)
822 http fetch GET 200 https://registry.npmjs.org/perfect-debounce/-/perfect-debounce-1.0.0.tgz 7889ms (cache miss)
823 http fetch GET 200 https://registry.npmjs.org/ohash/-/ohash-2.0.11.tgz 7911ms (cache miss)
824 http fetch GET 200 https://registry.npmjs.org/@aws-sdk/client-sesv2/-/client-sesv2-3.971.0.tgz 7934ms (cache miss)
825 http fetch GET 200 https://registry.npmjs.org/pg/-/pg-8.16.3.tgz 7930ms (cache miss)
826 http fetch GET 200 https://registry.npmjs.org/pg-pool/-/pg-pool-3.10.1.tgz 8018ms (cache miss)
827 http fetch GET 200 https://registry.npmjs.org/nodemon/-/nodemon-3.1.11.tgz 8018ms (cache miss)
828 http fetch GET 200 https://registry.npmjs.org/pathe/-/pathe-2.0.3.tgz 8027ms (cache miss)
829 http fetch GET 200 https://registry.npmjs.org/pg-cloudflare/-/pg-cloudflare-1.2.7.tgz 8033ms (cache miss)
830 http fetch GET 200 https://registry.npmjs.org/ts-node/-/ts-node-10.9.2.tgz 8157ms (cache miss)
831 http fetch GET 200 https://registry.npmjs.org/nearley/-/nearley-2.20.1.tgz 8203ms (cache miss)
832 http fetch GET 200 https://registry.npmjs.org/named-placeholders/-/named-placeholders-1.1.6.tgz 8207ms (cache miss)
833 http fetch GET 200 https://registry.npmjs.org/nypm/-/nypm-0.6.5.tgz 8211ms (cache miss)
834 http fetch GET 200 https://registry.npmjs.org/multer/-/multer-2.0.2.tgz 8297ms (cache miss)
835 http fetch GET 200 https://registry.npmjs.org/moo/-/moo-0.5.2.tgz 8308ms (cache miss)
836 http fetch GET 200 https://registry.npmjs.org/node-fetch-native/-/node-fetch-native-1.6.7.tgz 8318ms (cache miss)
837 http fetch GET 200 https://registry.npmjs.org/multer-storage-cloudinary/-/multer-storage-cloudinary-4.0.0.tgz 8341ms (cache miss)
838 http fetch GET 200 https://registry.npmjs.org/is-standalone-pwa/-/is-standalone-pwa-0.1.1.tgz 8416ms (cache miss)
839 http fetch GET 200 https://registry.npmjs.org/lru.min/-/lru.min-1.1.3.tgz 8421ms (cache miss)
840 http fetch GET 200 https://registry.npmjs.org/is-property/-/is-property-1.0.2.tgz 8418ms (cache miss)
841 http fetch GET 200 https://registry.npmjs.org/ignore-by-default/-/ignore-by-default-1.0.1.tgz 8430ms (cache miss)
842 http fetch GET 200 https://registry.npmjs.org/grammex/-/grammex-3.1.12.tgz 8444ms (cache miss)
843 http fetch GET 200 https://registry.npmjs.org/graphmatch/-/graphmatch-1.1.1.tgz 8474ms (cache miss)
844 http fetch GET 200 https://registry.npmjs.org/get-port-please/-/get-port-please-3.2.0.tgz 8474ms (cache miss)
845 http fetch GET 200 https://registry.npmjs.org/generate-function/-/generate-function-2.3.1.tgz 8476ms (cache miss)
846 http fetch GET 200 https://registry.npmjs.org/mkdirp/-/mkdirp-1.0.4.tgz 8494ms (cache miss)
847 http fetch GET 200 https://registry.npmjs.org/giget/-/giget-2.0.0.tgz 8496ms (cache miss)
848 http fetch GET 200 https://registry.npmjs.org/frac/-/frac-1.1.2.tgz 8523ms (cache miss)
849 http fetch GET 200 https://registry.npmjs.org/empathic/-/empathic-2.0.0.tgz 8565ms (cache miss)
850 http fetch GET 200 https://registry.npmjs.org/exsolve/-/exsolve-1.0.8.tgz 8570ms (cache miss)
851 http fetch GET 200 https://registry.npmjs.org/discontinuous-range/-/discontinuous-range-1.0.0.tgz 8588ms (cache miss)
852 http fetch GET 200 https://registry.npmjs.org/nodemailer/-/nodemailer-7.0.12.tgz 8601ms (cache miss)
853 http fetch GET 200 https://registry.npmjs.org/esbuild/-/esbuild-0.27.2.tgz 8615ms (cache miss)
854 http fetch GET 200 https://registry.npmjs.org/http-status-codes/-/http-status-codes-2.3.0.tgz 8652ms (cache miss)
855 http fetch GET 200 https://registry.npmjs.org/dynamic-dedupe/-/dynamic-dedupe-0.3.0.tgz 8669ms (cache miss)
856 http fetch GET 200 https://registry.npmjs.org/destr/-/destr-2.0.5.tgz 8696ms (cache miss)
857 http fetch GET 200 https://registry.npmjs.org/detect-europe-js/-/detect-europe-js-0.1.2.tgz 8761ms (cache miss)
858 http fetch GET 200 https://registry.npmjs.org/dotenv/-/dotenv-17.2.3.tgz 8789ms (cache miss)
859 http fetch GET 200 https://registry.npmjs.org/denque/-/denque-2.1.0.tgz 8822ms (cache miss)
860 http fetch GET 200 https://registry.npmjs.org/crc-32/-/crc-32-1.2.2.tgz 8831ms (cache miss)
861 http fetch GET 200 https://registry.npmjs.org/ua-parser-js/-/ua-parser-js-2.0.7.tgz 8909ms (cache miss)
862 http fetch GET 200 https://registry.npmjs.org/deepmerge-ts/-/deepmerge-ts-7.1.5.tgz 8879ms (cache miss)
863 http fetch GET 200 https://registry.npmjs.org/fast-xml-parser/-/fast-xml-parser-5.2.5.tgz 8899ms (cache miss)
864 http fetch GET 200 https://registry.npmjs.org/content-disposition/-/content-disposition-1.0.1.tgz 8901ms (cache miss)
865 http fetch GET 200 https://registry.npmjs.org/defu/-/defu-6.1.4.tgz 8903ms (cache miss)
866 http fetch GET 200 https://registry.npmjs.org/cookie-parser/-/cookie-parser-1.4.7.tgz 8915ms (cache miss)
867 http fetch GET 200 https://registry.npmjs.org/concat-stream/-/concat-stream-2.0.0.tgz 8929ms (cache miss)
868 http fetch GET 200 https://registry.npmjs.org/diff/-/diff-4.0.2.tgz 8941ms (cache miss)
869 http fetch GET 200 https://registry.npmjs.org/citty/-/citty-0.1.6.tgz 8957ms (cache miss)
870 http fetch GET 200 https://registry.npmjs.org/jiti/-/jiti-2.6.1.tgz 8990ms (cache miss)
871 http fetch GET 200 https://registry.npmjs.org/confbox/-/confbox-0.2.4.tgz 9006ms (cache miss)
872 http fetch GET 200 https://registry.npmjs.org/remeda/-/remeda-2.33.4.tgz 9051ms (cache miss)
873 http fetch GET 200 https://registry.npmjs.org/cfb/-/cfb-1.2.2.tgz 9031ms (cache miss)
874 http fetch GET 200 https://registry.npmjs.org/c12/-/c12-3.1.0.tgz 9063ms (cache miss)
875 http fetch GET 200 https://registry.npmjs.org/bcryptjs/-/bcryptjs-3.0.3.tgz 9074ms (cache miss)
876 http fetch GET 200 https://registry.npmjs.org/mysql2/-/mysql2-3.15.3.tgz 9164ms (cache miss)
877 http fetch GET 200 https://registry.npmjs.org/acorn-walk/-/acorn-walk-8.3.4.tgz 9198ms (cache miss)
878 http fetch GET 200 https://registry.npmjs.org/aws-ssl-profiles/-/aws-ssl-profiles-1.1.2.tgz 9233ms (cache miss)
879 http fetch GET 200 https://registry.npmjs.org/append-field/-/append-field-1.0.0.tgz 9316ms (cache miss)
880 http fetch GET 200 https://registry.npmjs.org/adler-32/-/adler-32-1.3.1.tgz 9317ms (cache miss)
881 http fetch GET 200 https://registry.npmjs.org/cloudinary/-/cloudinary-1.41.3.tgz 9356ms (cache miss)
882 http fetch GET 200 https://registry.npmjs.org/arg/-/arg-4.1.3.tgz 9354ms (cache miss)
883 http fetch GET 200 https://registry.npmjs.org/acorn/-/acorn-8.15.0.tgz 9545ms (cache miss)
884 http fetch GET 200 https://registry.npmjs.org/axios/-/axios-1.13.6.tgz 9582ms (cache miss)
885 http fetch GET 200 https://registry.npmjs.org/sql-formatter/-/sql-formatter-15.6.12.tgz 9628ms (cache miss)
886 http fetch GET 200 https://registry.npmjs.org/readdirp/-/readdirp-3.6.0.tgz 9678ms (cache miss)
887 http fetch GET 200 https://registry.npmjs.org/postgres-array/-/postgres-array-3.0.4.tgz 9744ms (cache miss)
888 http fetch GET 200 https://registry.npmjs.org/xlsx/-/xlsx-0.18.5.tgz 9815ms (cache miss)
889 http fetch GET 200 https://registry.npmjs.org/cloudinary-core/-/cloudinary-core-2.14.0.tgz 9782ms (cache miss)
890 http fetch GET 200 https://registry.npmjs.org/signal-exit/-/signal-exit-3.0.7.tgz 9823ms (cache miss)
891 http fetch GET 200 https://registry.npmjs.org/citty/-/citty-0.2.1.tgz 9836ms (cache miss)
892 http fetch GET 200 https://registry.npmjs.org/chokidar/-/chokidar-3.6.0.tgz 9870ms (cache miss)
893 http fetch GET 200 https://registry.npmjs.org/readdirp/-/readdirp-3.6.0.tgz 9887ms (cache miss)
894 http fetch GET 200 https://registry.npmjs.org/chokidar/-/chokidar-3.6.0.tgz 9930ms (cache miss)
895 http fetch GET 200 https://registry.npmjs.org/mime-types/-/mime-types-2.1.35.tgz 9963ms (cache miss)
896 http fetch GET 200 https://registry.npmjs.org/type-is/-/type-is-1.6.18.tgz 9963ms (cache miss)
897 http fetch GET 200 https://registry.npmjs.org/cookie-signature/-/cookie-signature-1.0.6.tgz 9966ms (cache miss)
898 http fetch GET 200 https://registry.npmjs.org/@prisma/debug/-/debug-7.4.1.tgz 9982ms (cache miss)
899 http fetch GET 200 https://registry.npmjs.org/@prisma/debug/-/debug-7.4.1.tgz 9988ms (cache miss)
900 http fetch GET 200 https://registry.npmjs.org/media-typer/-/media-typer-0.3.0.tgz 9998ms (cache miss)
901 http fetch GET 200 https://registry.npmjs.org/mkdirp/-/mkdirp-0.5.6.tgz 10000ms (cache miss)
902 http fetch GET 200 https://registry.npmjs.org/brace-expansion 9652ms (cache miss)
903 silly packumentCache corgi:https://registry.npmjs.org/brace-expansion set size:undefined disposed:false
904 http fetch GET 200 https://registry.npmjs.org/mime-db/-/mime-db-1.52.0.tgz 10078ms (cache miss)
905 http fetch GET 200 https://registry.npmjs.org/@prisma/get-platform/-/get-platform-7.4.1.tgz 10179ms (cache miss)
906 http fetch GET 200 https://registry.npmjs.org/chevrotain/-/chevrotain-10.5.0.tgz 10264ms (cache miss)
907 http fetch GET 200 https://registry.npmjs.org/dotenv/-/dotenv-16.6.1.tgz 10320ms (cache miss)
908 http fetch GET 200 https://registry.npmjs.org/@hono%2fnode-server 9940ms (cache miss)
909 silly packumentCache corgi:https://registry.npmjs.org/@hono%2fnode-server set size:undefined disposed:false
910 http fetch GET 200 https://registry.npmjs.org/axios 9974ms (cache miss)
911 silly packumentCache corgi:https://registry.npmjs.org/axios set size:undefined disposed:false
912 http fetch GET 200 https://registry.npmjs.org/defu 10059ms (cache miss)
913 silly packumentCache corgi:https://registry.npmjs.org/defu set size:undefined disposed:false
914 http fetch GET 200 https://registry.npmjs.org/cloudinary 10068ms (cache miss)
915 silly packumentCache corgi:https://registry.npmjs.org/cloudinary set size:undefined disposed:false
916 http fetch GET 200 https://registry.npmjs.org/fast-xml-parser 10072ms (cache miss)
917 silly packumentCache corgi:https://registry.npmjs.org/fast-xml-parser set size:undefined disposed:false
918 http fetch GET 200 https://registry.npmjs.org/diff 10091ms (cache miss)
919 silly packumentCache corgi:https://registry.npmjs.org/diff set size:undefined disposed:false
920 http fetch GET 200 https://registry.npmjs.org/effect 10123ms (cache miss)
921 silly packumentCache corgi:https://registry.npmjs.org/effect set size:undefined disposed:false
922 http fetch GET 200 https://registry.npmjs.org/@prisma/get-platform/-/get-platform-7.4.1.tgz 10625ms (cache miss)
923 http fetch GET 200 https://registry.npmjs.org/picomatch 10223ms (cache miss)
924 silly packumentCache corgi:https://registry.npmjs.org/picomatch set size:undefined disposed:false
925 http fetch GET 200 https://registry.npmjs.org/follow-redirects 10331ms (cache miss)
926 silly packumentCache corgi:https://registry.npmjs.org/follow-redirects set size:undefined disposed:false
927 http fetch GET 200 https://registry.npmjs.org/lodash 10414ms (cache miss)
928 silly packumentCache corgi:https://registry.npmjs.org/lodash set size:undefined disposed:false
929 http fetch GET 200 https://registry.npmjs.org/hono/-/hono-4.11.4.tgz 10897ms (cache miss)
930 http fetch GET 200 https://registry.npmjs.org/qs 10453ms (cache miss)
931 silly packumentCache corgi:https://registry.npmjs.org/qs set size:undefined disposed:false
932 http fetch GET 200 https://registry.npmjs.org/multer 10473ms (cache miss)
933 silly packumentCache corgi:https://registry.npmjs.org/multer set size:undefined disposed:false
934 http fetch GET 200 https://registry.npmjs.org/path-to-regexp 10494ms (cache miss)
935 silly packumentCache corgi:https://registry.npmjs.org/path-to-regexp set size:undefined disposed:false
936 http fetch GET 200 https://registry.npmjs.org/hono 10643ms (cache miss)
937 silly packumentCache corgi:https://registry.npmjs.org/hono set size:undefined disposed:false
938 http fetch GET 200 https://registry.npmjs.org/nodemailer 10847ms (cache miss)
939 silly packumentCache corgi:https://registry.npmjs.org/nodemailer set size:undefined disposed:false
940 http fetch GET 200 https://registry.npmjs.org/minimatch 10853ms (cache miss)
941 silly packumentCache corgi:https://registry.npmjs.org/minimatch set size:undefined disposed:false
942 http fetch GET 200 https://registry.npmjs.org/uuid 11155ms (cache miss)
943 silly packumentCache corgi:https://registry.npmjs.org/uuid set size:undefined disposed:false
944 http fetch GET 200 https://registry.npmjs.org/xlsx 11258ms (cache miss)
945 silly packumentCache corgi:https://registry.npmjs.org/xlsx set size:undefined disposed:false
946 silly packumentCache corgi:https://registry.npmjs.org/@prisma%2fdev cache-miss
947 http fetch GET 200 https://registry.npmjs.org/fast-check/-/fast-check-3.23.2.tgz 11933ms (cache miss)
948 http fetch GET 200 https://registry.npmjs.org/@prisma%2fdev 1859ms (cache miss)
949 silly packumentCache corgi:https://registry.npmjs.org/@prisma%2fdev set size:undefined disposed:false
950 silly packumentCache corgi:https://registry.npmjs.org/multer-storage-cloudinary cache-miss
951 http fetch GET 200 https://registry.npmjs.org/core-js/-/core-js-3.48.0.tgz 14322ms (cache miss)
952 http fetch GET 200 https://registry.npmjs.org/multer-storage-cloudinary 720ms (cache miss)
953 silly packumentCache corgi:https://registry.npmjs.org/multer-storage-cloudinary set size:undefined disposed:false
954 silly packumentCache corgi:https://registry.npmjs.org/c12 cache-miss
955 silly packumentCache corgi:https://registry.npmjs.org/giget cache-miss
956 silly packumentCache corgi:https://registry.npmjs.org/rc9 cache-miss
957 http fetch GET 200 https://registry.npmjs.org/c12 780ms (cache miss)
958 silly packumentCache corgi:https://registry.npmjs.org/c12 set size:undefined disposed:false
959 http fetch GET 200 https://registry.npmjs.org/giget 808ms (cache miss)
960 silly packumentCache corgi:https://registry.npmjs.org/giget set size:undefined disposed:false
961 http fetch GET 200 https://registry.npmjs.org/rc9 833ms (cache miss)
962 silly packumentCache corgi:https://registry.npmjs.org/rc9 set size:undefined disposed:false
963 silly packumentCache corgi:https://registry.npmjs.org/ts-node cache-miss
964 http fetch GET 200 https://registry.npmjs.org/effect/-/effect-3.18.4.tgz 17435ms (cache miss)
965 http fetch GET 200 https://registry.npmjs.org/ts-node 2728ms (cache miss)
966 silly packumentCache corgi:https://registry.npmjs.org/ts-node set size:undefined disposed:false
967 silly packumentCache corgi:https://registry.npmjs.org/@prisma%2fconfig cache-miss
968 http fetch GET 200 https://registry.npmjs.org/@prisma%2fconfig 6342ms (cache miss)
969 silly packumentCache corgi:https://registry.npmjs.org/@prisma%2fconfig set size:undefined disposed:false
970 silly packumentCache corgi:https://registry.npmjs.org/@aws-sdk%2fxml-builder cache-miss
971 http fetch GET 200 https://registry.npmjs.org/@aws-sdk%2fxml-builder 4049ms (cache miss)
972 silly packumentCache corgi:https://registry.npmjs.org/@aws-sdk%2fxml-builder set size:undefined disposed:false
973 silly packumentCache corgi:https://registry.npmjs.org/@chevrotain%2fcst-dts-gen cache-miss
974 silly packumentCache corgi:https://registry.npmjs.org/@chevrotain%2fgast cache-miss
975 silly packumentCache corgi:https://registry.npmjs.org/chevrotain cache-miss
976 silly packumentCache corgi:https://registry.npmjs.org/cloudinary-core cache-miss
977 http fetch GET 200 https://registry.npmjs.org/chevrotain 2322ms (cache miss)
978 silly packumentCache corgi:https://registry.npmjs.org/chevrotain set size:undefined disposed:false
979 http fetch GET 200 https://registry.npmjs.org/cloudinary-core 2337ms (cache miss)
980 silly packumentCache corgi:https://registry.npmjs.org/cloudinary-core set size:undefined disposed:false
981 http fetch GET 200 https://registry.npmjs.org/@chevrotain%2fgast 2598ms (cache miss)
982 silly packumentCache corgi:https://registry.npmjs.org/@chevrotain%2fgast set size:undefined disposed:false
983 http fetch GET 200 https://registry.npmjs.org/@chevrotain%2fcst-dts-gen 2671ms (cache miss)
984 silly packumentCache corgi:https://registry.npmjs.org/@chevrotain%2fcst-dts-gen set size:undefined disposed:false
985 silly packumentCache corgi:https://registry.npmjs.org/glob cache-miss
986 silly packumentCache corgi:https://registry.npmjs.org/nodemon cache-miss
987 http fetch GET 200 https://registry.npmjs.org/glob 1882ms (cache miss)
988 silly packumentCache corgi:https://registry.npmjs.org/glob set size:undefined disposed:false
989 http fetch GET 200 https://registry.npmjs.org/nodemon 2210ms (cache miss)
990 silly packumentCache corgi:https://registry.npmjs.org/nodemon set size:undefined disposed:false
991 silly packumentCache corgi:https://registry.npmjs.org/router cache-miss
992 http fetch GET 200 https://registry.npmjs.org/router 2738ms (cache miss)
993 silly packumentCache corgi:https://registry.npmjs.org/router set size:undefined disposed:false
994 silly packumentCache corgi:https://registry.npmjs.org/anymatch cache-miss
995 silly packumentCache corgi:https://registry.npmjs.org/readdirp cache-miss
996 http fetch GET 200 https://registry.npmjs.org/anymatch 3141ms (cache miss)
997 silly packumentCache corgi:https://registry.npmjs.org/anymatch set size:undefined disposed:false
998 http fetch GET 200 https://registry.npmjs.org/readdirp 3250ms (cache miss)
999 silly packumentCache corgi:https://registry.npmjs.org/readdirp set size:undefined disposed:false
1000 silly packumentCache corgi:https://registry.npmjs.org/body-parser cache-miss
1001 silly packumentCache corgi:https://registry.npmjs.org/express cache-miss
1002 http fetch GET 200 https://registry.npmjs.org/body-parser 1702ms (cache miss)
1003 silly packumentCache corgi:https://registry.npmjs.org/body-parser set size:undefined disposed:false
1004 http fetch GET 200 https://registry.npmjs.org/express 2252ms (cache miss)
1005 silly packumentCache corgi:https://registry.npmjs.org/express set size:undefined disposed:false
1006 silly packumentCache corgi:https://registry.npmjs.org/prisma cache-miss
1007 http fetch GET 200 https://registry.npmjs.org/codepage/-/codepage-1.15.0.tgz 50851ms (cache miss)
1008 http fetch GET 200 https://registry.npmjs.org/typescript/-/typescript-5.9.3.tgz 58538ms (cache miss)
1009 http fetch GET 200 https://registry.npmjs.org/@electric-sql/pglite/-/pglite-0.3.15.tgz 65527ms (cache miss)
1010 http fetch GET 200 https://registry.npmjs.org/prisma 47497ms (cache miss)
1011 silly packumentCache corgi:https://registry.npmjs.org/prisma set size:undefined disposed:false
1012 silly packumentCache corgi:https://registry.npmjs.org/@aws-sdk%2fcore cache-miss
1013 http fetch GET 200 https://registry.npmjs.org/@aws-sdk%2fcore 1213ms (cache miss)
1014 silly packumentCache corgi:https://registry.npmjs.org/@aws-sdk%2fcore set size:undefined disposed:false
1015 silly packumentCache corgi:https://registry.npmjs.org/@mrleebo%2fprisma-ast cache-miss
1016 http fetch GET 200 https://registry.npmjs.org/prisma/-/prisma-7.4.1.tgz 92758ms (cache miss)
1017 http fetch GET 200 https://registry.npmjs.org/@prisma/studio-core/-/studio-core-0.13.1.tgz 92868ms (cache miss)
1018 http fetch GET 200 https://registry.npmjs.org/@mrleebo%2fprisma-ast 3401ms (cache miss)
1019 silly packumentCache corgi:https://registry.npmjs.org/@mrleebo%2fprisma-ast set size:undefined disposed:false
1020 warn cleanup Failed to remove some directories [
1020 warn cleanup   [
1020 warn cleanup     '\\\\?\\C:\\Users\\HP\\OneDrive\\Documents\\GitHub\\ICTD Lab\\node_modules\\mysql2',
1020 warn cleanup     [Error: EPERM: operation not permitted, rmdir 'C:\Users\HP\OneDrive\Documents\GitHub\ICTD Lab\node_modules\mysql2'] {
1020 warn cleanup       errno: -4048,
1020 warn cleanup       code: 'EPERM',
1020 warn cleanup       syscall: 'rmdir',
1020 warn cleanup       path: 'C:\\Users\\HP\\OneDrive\\Documents\\GitHub\\ICTD Lab\\node_modules\\mysql2'
1020 warn cleanup     }
1020 warn cleanup   ]
1020 warn cleanup ]
1021 verbose stack Error: read ECONNRESET
1021 verbose stack     at TLSWrap.onStreamRead (node:internal/stream_base_commons:216:20)
1022 error code ECONNRESET
1023 error syscall read
1024 error errno -4077
1025 error network read ECONNRESET
1026 error network This is a problem related to network connectivity.
1026 error network In most cases you are behind a proxy or have bad network settings.
1026 error network
1026 error network If you are behind a proxy, please make sure that the
1026 error network 'proxy' config is set properly.  See: 'npm help config'
1027 silly unfinished npm timer reify 1780041751029
1028 silly unfinished npm timer reify:audit 1780041751484
1029 silly unfinished npm timer reify:unpack 1780041751521
1030 silly unfinished npm timer reifyNode:node_modules/@prisma/client 1780041751521
1031 silly unfinished npm timer auditReport:init 1780041752134
1032 silly unfinished npm timer metavuln:calculate:security-advisory:@mrleebo/prisma-ast:0G8kkjZOzOONzIECbM9YorH42i8anc4gRux/MWQTIqWZEDAl8uEx5X42lrWHiFBfGkFCdk6Kn8w20jgClmlcWA== 1780041843180
1033 silly unfinished npm timer metavuln:cache:put:security-advisory:@mrleebo/prisma-ast:91j0Akk2G63K8S/okeU7886qWf3TvASTcDHk8i4cHwvuirur2cZly1CApat+RXGEM1HMtUBcI7xUkR3LU+nuSA== 1780041846585
1034 verbose cwd C:\Users\HP\OneDrive\Documents\GitHub\ICTD Lab
1035 verbose os Windows_NT 10.0.26200
1036 verbose node v24.11.1
1037 verbose npm  v11.6.2
1038 verbose exit -4077
1039 verbose code -4077
1040 error A complete log of this run can be found in: C:\Users\HP\OneDrive\Documents\GitHub\ICTD Lab\.npm-cache\_logs\2026-05-29T08_02_30_675Z-debug-0.log
