0 verbose cli C:\Program Files\nodejs\node.exe C:\Program Files\nodejs\node_modules\npm\bin\npm-cli.js
1 info using npm@11.6.2
2 info using node@v24.11.1
3 silly config load:file:C:\Program Files\nodejs\node_modules\npm\npmrc
4 silly config load:file:C:\Users\HP\OneDrive\Documents\GitHub\ICTD Lab\.npmrc
5 silly config load:file:C:\Users\HP\.npmrc
6 silly config load:file:C:\Users\HP\AppData\Roaming\npm\etc\npmrc
7 verbose title npm install
8 verbose argv "install" "--cache" ".npm-cache"
9 verbose logfile logs-max:10 dir:C:\Users\HP\OneDrive\Documents\GitHub\ICTD Lab\.npm-cache\_logs\2026-05-29T07_59_24_144Z-
10 verbose logfile C:\Users\HP\OneDrive\Documents\GitHub\ICTD Lab\.npm-cache\_logs\2026-05-29T07_59_24_144Z-debug-0.log
11 silly logfile done cleaning log files
12 silly packumentCache heap:4496293888 maxSize:1124073472 maxEntrySize:562036736
13 silly idealTree buildDeps
14 http fetch GET https://registry.npmjs.org/npm attempt 1 failed with EACCES
15 silly reify mark retired [
15 silly reify   'C:\\Users\\HP\\OneDrive\\Documents\\GitHub\\ICTD Lab\\node_modules\\acorn-walk'
15 silly reify ]
16 silly reify mark retired [
16 silly reify   'C:\\Users\\HP\\OneDrive\\Documents\\GitHub\\ICTD Lab\\node_modules\\adler-32'
16 silly reify ]
17 silly reify mark retired [
17 silly reify   'C:\\Users\\HP\\OneDrive\\Documents\\GitHub\\ICTD Lab\\node_modules\\append-field'
17 silly reify ]
18 silly reify mark retired [
18 silly reify   'C:\\Users\\HP\\OneDrive\\Documents\\GitHub\\ICTD Lab\\node_modules\\arg'
18 silly reify ]
19 silly reify mark retired [
19 silly reify   'C:\\Users\\HP\\OneDrive\\Documents\\GitHub\\ICTD Lab\\node_modules\\aws-ssl-profiles'
19 silly reify ]
20 silly reify mark retired [
20 silly reify   'C:\\Users\\HP\\OneDrive\\Documents\\GitHub\\ICTD Lab\\node_modules\\axios'
20 silly reify ]
21 silly reify mark retired [
21 silly reify   'C:\\Users\\HP\\OneDrive\\Documents\\GitHub\\ICTD Lab\\node_modules\\c12'
21 silly reify ]
22 silly reify mark retired [
22 silly reify   'C:\\Users\\HP\\OneDrive\\Documents\\GitHub\\ICTD Lab\\node_modules\\cfb'
22 silly reify ]
23 silly reify mark retired [
23 silly reify   'C:\\Users\\HP\\OneDrive\\Documents\\GitHub\\ICTD Lab\\node_modules\\citty'
23 silly reify ]
24 silly reify mark retired [
24 silly reify   'C:\\Users\\HP\\OneDrive\\Documents\\GitHub\\ICTD Lab\\node_modules\\chevrotain'
24 silly reify ]
25 silly reify mark retired [
25 silly reify   'C:\\Users\\HP\\OneDrive\\Documents\\GitHub\\ICTD Lab\\node_modules\\cloudinary'
25 silly reify ]
26 silly reify mark retired [
26 silly reify   'C:\\Users\\HP\\OneDrive\\Documents\\GitHub\\ICTD Lab\\node_modules\\cloudinary-core'
26 silly reify ]
27 silly reify mark retired [
27 silly reify   'C:\\Users\\HP\\OneDrive\\Documents\\GitHub\\ICTD Lab\\node_modules\\codepage'
27 silly reify ]
28 silly reify mark retired [
28 silly reify   'C:\\Users\\HP\\OneDrive\\Documents\\GitHub\\ICTD Lab\\node_modules\\concat-stream'
28 silly reify ]
29 silly reify mark retired [
29 silly reify   'C:\\Users\\HP\\OneDrive\\Documents\\GitHub\\ICTD Lab\\node_modules\\confbox'
29 silly reify ]
30 silly reify mark retired [
30 silly reify   'C:\\Users\\HP\\OneDrive\\Documents\\GitHub\\ICTD Lab\\node_modules\\content-disposition'
30 silly reify ]
31 silly reify mark retired [
31 silly reify   'C:\\Users\\HP\\OneDrive\\Documents\\GitHub\\ICTD Lab\\node_modules\\cookie-parser'
31 silly reify ]
32 silly reify mark retired [
32 silly reify   'C:\\Users\\HP\\OneDrive\\Documents\\GitHub\\ICTD Lab\\node_modules\\core-js'
32 silly reify ]
33 silly reify mark retired [
33 silly reify   'C:\\Users\\HP\\OneDrive\\Documents\\GitHub\\ICTD Lab\\node_modules\\crc-32'
33 silly reify ]
34 silly reify mark retired [
34 silly reify   'C:\\Users\\HP\\OneDrive\\Documents\\GitHub\\ICTD Lab\\node_modules\\deepmerge-ts'
34 silly reify ]
35 silly reify mark retired [
35 silly reify   'C:\\Users\\HP\\OneDrive\\Documents\\GitHub\\ICTD Lab\\node_modules\\defu'
35 silly reify ]
36 silly reify mark retired [
36 silly reify   'C:\\Users\\HP\\OneDrive\\Documents\\GitHub\\ICTD Lab\\node_modules\\denque'
36 silly reify ]
37 silly reify mark retired [
37 silly reify   'C:\\Users\\HP\\OneDrive\\Documents\\GitHub\\ICTD Lab\\node_modules\\detect-europe-js'
37 silly reify ]
38 silly reify mark retired [
38 silly reify   'C:\\Users\\HP\\OneDrive\\Documents\\GitHub\\ICTD Lab\\node_modules\\diff'
38 silly reify ]
39 silly reify mark retired [
39 silly reify   'C:\\Users\\HP\\OneDrive\\Documents\\GitHub\\ICTD Lab\\node_modules\\discontinuous-range'
39 silly reify ]
40 silly reify mark retired [
40 silly reify   'C:\\Users\\HP\\OneDrive\\Documents\\GitHub\\ICTD Lab\\node_modules\\destr'
40 silly reify ]
41 silly reify mark retired [
41 silly reify   'C:\\Users\\HP\\OneDrive\\Documents\\GitHub\\ICTD Lab\\node_modules\\dotenv'
41 silly reify ]
42 silly reify mark retired [
42 silly reify   'C:\\Users\\HP\\OneDrive\\Documents\\GitHub\\ICTD Lab\\node_modules\\dynamic-dedupe'
42 silly reify ]
43 silly reify mark retired [
43 silly reify   'C:\\Users\\HP\\OneDrive\\Documents\\GitHub\\ICTD Lab\\node_modules\\effect'
43 silly reify ]
44 silly reify mark retired [
44 silly reify   'C:\\Users\\HP\\OneDrive\\Documents\\GitHub\\ICTD Lab\\node_modules\\empathic'
44 silly reify ]
45 silly reify mark retired [
45 silly reify   'C:\\Users\\HP\\OneDrive\\Documents\\GitHub\\ICTD Lab\\node_modules\\exsolve'
45 silly reify ]
46 silly reify mark retired [
46 silly reify   'C:\\Users\\HP\\OneDrive\\Documents\\GitHub\\ICTD Lab\\node_modules\\fast-check'
46 silly reify ]
47 silly reify mark retired [
47 silly reify   'C:\\Users\\HP\\OneDrive\\Documents\\GitHub\\ICTD Lab\\node_modules\\frac'
47 silly reify ]
48 silly reify mark retired [
48 silly reify   'C:\\Users\\HP\\OneDrive\\Documents\\GitHub\\ICTD Lab\\node_modules\\generate-function'
48 silly reify ]
49 silly reify mark retired [
49 silly reify   'C:\\Users\\HP\\OneDrive\\Documents\\GitHub\\ICTD Lab\\node_modules\\get-port-please'
49 silly reify ]
50 silly reify mark retired [
50 silly reify   'C:\\Users\\HP\\OneDrive\\Documents\\GitHub\\ICTD Lab\\node_modules\\giget'
50 silly reify ]
51 silly reify mark retired [
51 silly reify   'C:\\Users\\HP\\OneDrive\\Documents\\GitHub\\ICTD Lab\\node_modules\\grammex'
51 silly reify ]
52 silly reify mark retired [
52 silly reify   'C:\\Users\\HP\\OneDrive\\Documents\\GitHub\\ICTD Lab\\node_modules\\graphmatch'
52 silly reify ]
53 silly reify mark retired [
53 silly reify   'C:\\Users\\HP\\OneDrive\\Documents\\GitHub\\ICTD Lab\\node_modules\\hono'
53 silly reify ]
54 silly reify mark retired [
54 silly reify   'C:\\Users\\HP\\OneDrive\\Documents\\GitHub\\ICTD Lab\\node_modules\\http-status-codes'
54 silly reify ]
55 silly reify mark retired [
55 silly reify   'C:\\Users\\HP\\OneDrive\\Documents\\GitHub\\ICTD Lab\\node_modules\\ignore-by-default'
55 silly reify ]
56 silly reify mark retired [
56 silly reify   'C:\\Users\\HP\\OneDrive\\Documents\\GitHub\\ICTD Lab\\node_modules\\is-property'
56 silly reify ]
57 silly reify mark retired [
57 silly reify   'C:\\Users\\HP\\OneDrive\\Documents\\GitHub\\ICTD Lab\\node_modules\\is-standalone-pwa'
57 silly reify ]
58 silly reify mark retired [
58 silly reify   'C:\\Users\\HP\\OneDrive\\Documents\\GitHub\\ICTD Lab\\node_modules\\lru.min'
58 silly reify ]
59 silly reify mark retired [
59 silly reify   'C:\\Users\\HP\\OneDrive\\Documents\\GitHub\\ICTD Lab\\node_modules\\moo'
59 silly reify ]
60 silly reify mark retired [
60 silly reify   'C:\\Users\\HP\\OneDrive\\Documents\\GitHub\\ICTD Lab\\node_modules\\multer'
60 silly reify ]
61 silly reify mark retired [
61 silly reify   'C:\\Users\\HP\\OneDrive\\Documents\\GitHub\\ICTD Lab\\node_modules\\named-placeholders'
61 silly reify ]
62 silly reify mark retired [
62 silly reify   'C:\\Users\\HP\\OneDrive\\Documents\\GitHub\\ICTD Lab\\node_modules\\mysql2'
62 silly reify ]
63 silly reify mark retired [
63 silly reify   'C:\\Users\\HP\\OneDrive\\Documents\\GitHub\\ICTD Lab\\node_modules\\nearley'
63 silly reify ]
64 silly reify mark retired [
64 silly reify   'C:\\Users\\HP\\OneDrive\\Documents\\GitHub\\ICTD Lab\\node_modules\\nodemailer'
64 silly reify ]
65 silly reify mark retired [
65 silly reify   'C:\\Users\\HP\\OneDrive\\Documents\\GitHub\\ICTD Lab\\node_modules\\nodemon'
65 silly reify ]
66 silly reify mark retired [
66 silly reify   'C:\\Users\\HP\\OneDrive\\Documents\\GitHub\\ICTD Lab\\node_modules\\nypm'
66 silly reify ]
67 silly reify mark retired [
67 silly reify   'C:\\Users\\HP\\OneDrive\\Documents\\GitHub\\ICTD Lab\\node_modules\\ohash'
67 silly reify ]
68 silly reify mark retired [
68 silly reify   'C:\\Users\\HP\\OneDrive\\Documents\\GitHub\\ICTD Lab\\node_modules\\multer-storage-cloudinary'
68 silly reify ]
69 silly reify mark retired [
69 silly reify   'C:\\Users\\HP\\OneDrive\\Documents\\GitHub\\ICTD Lab\\node_modules\\node-fetch-native'
69 silly reify ]
70 silly reify mark retired [
70 silly reify   'C:\\Users\\HP\\OneDrive\\Documents\\GitHub\\ICTD Lab\\node_modules\\pathe'
70 silly reify ]
71 silly reify mark retired [
71 silly reify   'C:\\Users\\HP\\OneDrive\\Documents\\GitHub\\ICTD Lab\\node_modules\\perfect-debounce'
71 silly reify ]
72 silly reify mark retired [
72 silly reify   'C:\\Users\\HP\\OneDrive\\Documents\\GitHub\\ICTD Lab\\node_modules\\pg'
72 silly reify ]
73 silly reify mark retired [
73 silly reify   'C:\\Users\\HP\\OneDrive\\Documents\\GitHub\\ICTD Lab\\node_modules\\pg-cloudflare'
73 silly reify ]
74 silly reify mark retired [
74 silly reify   'C:\\Users\\HP\\OneDrive\\Documents\\GitHub\\ICTD Lab\\node_modules\\pg-connection-string'
74 silly reify ]
75 silly reify mark retired [
75 silly reify   'C:\\Users\\HP\\OneDrive\\Documents\\GitHub\\ICTD Lab\\node_modules\\pg-pool'
75 silly reify ]
76 silly reify mark retired [
76 silly reify   'C:\\Users\\HP\\OneDrive\\Documents\\GitHub\\ICTD Lab\\node_modules\\pgpass'
76 silly reify ]
77 silly reify mark retired [
77 silly reify   'C:\\Users\\HP\\OneDrive\\Documents\\GitHub\\ICTD Lab\\node_modules\\pkg-types'
77 silly reify ]
78 silly reify mark retired [
78 silly reify   'C:\\Users\\HP\\OneDrive\\Documents\\GitHub\\ICTD Lab\\node_modules\\postgres'
78 silly reify ]
79 silly reify mark retired [
79 silly reify   'C:\\Users\\HP\\OneDrive\\Documents\\GitHub\\ICTD Lab\\node_modules\\prisma'
79 silly reify ]
80 silly reify mark retired [
80 silly reify   'C:\\Users\\HP\\OneDrive\\Documents\\GitHub\\ICTD Lab\\node_modules\\proper-lockfile'
80 silly reify ]
81 silly reify mark retired [
81 silly reify   'C:\\Users\\HP\\OneDrive\\Documents\\GitHub\\ICTD Lab\\node_modules\\pstree.remy'
81 silly reify ]
82 silly reify mark retired [
82 silly reify   'C:\\Users\\HP\\OneDrive\\Documents\\GitHub\\ICTD Lab\\node_modules\\pure-rand'
82 silly reify ]
83 silly reify mark retired [
83 silly reify   'C:\\Users\\HP\\OneDrive\\Documents\\GitHub\\ICTD Lab\\node_modules\\railroad-diagrams'
83 silly reify ]
84 silly reify mark retired [
84 silly reify   'C:\\Users\\HP\\OneDrive\\Documents\\GitHub\\ICTD Lab\\node_modules\\randexp'
84 silly reify ]
85 silly reify mark retired [
85 silly reify   'C:\\Users\\HP\\OneDrive\\Documents\\GitHub\\ICTD Lab\\node_modules\\rc9'
85 silly reify ]
86 silly reify mark retired [
86 silly reify   'C:\\Users\\HP\\OneDrive\\Documents\\GitHub\\ICTD Lab\\node_modules\\regexp-to-ast'
86 silly reify ]
87 silly reify mark retired [
87 silly reify   'C:\\Users\\HP\\OneDrive\\Documents\\GitHub\\ICTD Lab\\node_modules\\remeda'
87 silly reify ]
88 silly reify mark retired [
88 silly reify   'C:\\Users\\HP\\OneDrive\\Documents\\GitHub\\ICTD Lab\\node_modules\\ret'
88 silly reify ]
89 silly reify mark retired [
89 silly reify   'C:\\Users\\HP\\OneDrive\\Documents\\GitHub\\ICTD Lab\\node_modules\\retry'
89 silly reify ]
90 silly reify mark retired [
90 silly reify   'C:\\Users\\HP\\OneDrive\\Documents\\GitHub\\ICTD Lab\\node_modules\\seq-queue'
90 silly reify ]
91 silly reify mark retired [
91 silly reify   'C:\\Users\\HP\\OneDrive\\Documents\\GitHub\\ICTD Lab\\node_modules\\simple-update-notifier'
91 silly reify ]
92 silly reify mark retired [
92 silly reify   'C:\\Users\\HP\\OneDrive\\Documents\\GitHub\\ICTD Lab\\node_modules\\split2'
92 silly reify ]
93 silly reify mark retired [
93 silly reify   'C:\\Users\\HP\\OneDrive\\Documents\\GitHub\\ICTD Lab\\node_modules\\sql-formatter'
93 silly reify ]
94 silly reify mark retired [
94 silly reify   'C:\\Users\\HP\\OneDrive\\Documents\\GitHub\\ICTD Lab\\node_modules\\sqlstring'
94 silly reify ]
95 silly reify mark retired [
95 silly reify   'C:\\Users\\HP\\OneDrive\\Documents\\GitHub\\ICTD Lab\\node_modules\\ssf'
95 silly reify ]
96 silly reify mark retired [
96 silly reify   'C:\\Users\\HP\\OneDrive\\Documents\\GitHub\\ICTD Lab\\node_modules\\std-env'
96 silly reify ]
97 silly reify mark retired [
97 silly reify   'C:\\Users\\HP\\OneDrive\\Documents\\GitHub\\ICTD Lab\\node_modules\\strip-json-comments'
97 silly reify ]
98 silly reify mark retired [
98 silly reify   'C:\\Users\\HP\\OneDrive\\Documents\\GitHub\\ICTD Lab\\node_modules\\strnum'
98 silly reify ]
99 silly reify mark retired [
99 silly reify   'C:\\Users\\HP\\OneDrive\\Documents\\GitHub\\ICTD Lab\\node_modules\\tinyexec'
99 silly reify ]
100 silly reify mark retired [
100 silly reify   'C:\\Users\\HP\\OneDrive\\Documents\\GitHub\\ICTD Lab\\node_modules\\touch'
100 silly reify ]
101 silly reify mark retired [
101 silly reify   'C:\\Users\\HP\\OneDrive\\Documents\\GitHub\\ICTD Lab\\node_modules\\ts-node'
101 silly reify ]
102 silly reify mark retired [
102 silly reify   'C:\\Users\\HP\\OneDrive\\Documents\\GitHub\\ICTD Lab\\node_modules\\ts-node-dev'
102 silly reify ]
103 silly reify mark retired [
103 silly reify   'C:\\Users\\HP\\OneDrive\\Documents\\GitHub\\ICTD Lab\\node_modules\\tsconfig'
103 silly reify ]
104 silly reify mark retired [
104 silly reify   'C:\\Users\\HP\\OneDrive\\Documents\\GitHub\\ICTD Lab\\node_modules\\type-is'
104 silly reify ]
105 silly reify mark retired [
105 silly reify   'C:\\Users\\HP\\OneDrive\\Documents\\GitHub\\ICTD Lab\\node_modules\\typedarray'
105 silly reify ]
106 silly reify mark retired [
106 silly reify   'C:\\Users\\HP\\OneDrive\\Documents\\GitHub\\ICTD Lab\\node_modules\\ua-is-frozen'
106 silly reify ]
107 silly reify mark retired [
107 silly reify   'C:\\Users\\HP\\OneDrive\\Documents\\GitHub\\ICTD Lab\\node_modules\\ua-parser-js'
107 silly reify ]
108 silly reify mark retired [
108 silly reify   'C:\\Users\\HP\\OneDrive\\Documents\\GitHub\\ICTD Lab\\node_modules\\undefsafe'
108 silly reify ]
109 silly reify mark retired [
109 silly reify   'C:\\Users\\HP\\OneDrive\\Documents\\GitHub\\ICTD Lab\\node_modules\\uuid'
109 silly reify ]
110 silly reify mark retired [
110 silly reify   'C:\\Users\\HP\\OneDrive\\Documents\\GitHub\\ICTD Lab\\node_modules\\valibot'
110 silly reify ]
111 silly reify mark retired [
111 silly reify   'C:\\Users\\HP\\OneDrive\\Documents\\GitHub\\ICTD Lab\\node_modules\\winston'
111 silly reify ]
112 silly reify mark retired [
112 silly reify   'C:\\Users\\HP\\OneDrive\\Documents\\GitHub\\ICTD Lab\\node_modules\\wmf'
112 silly reify ]
113 silly reify mark retired [
113 silly reify   'C:\\Users\\HP\\OneDrive\\Documents\\GitHub\\ICTD Lab\\node_modules\\word'
113 silly reify ]
114 silly reify mark retired [
114 silly reify   'C:\\Users\\HP\\OneDrive\\Documents\\GitHub\\ICTD Lab\\node_modules\\xlsx'
114 silly reify ]
115 silly reify mark retired [
115 silly reify   'C:\\Users\\HP\\OneDrive\\Documents\\GitHub\\ICTD Lab\\node_modules\\zeptomatch'
115 silly reify ]
116 silly reify mark retired [
116 silly reify   'C:\\Users\\HP\\OneDrive\\Documents\\GitHub\\ICTD Lab\\node_modules\\@aws\\lambda-invoke-store'
116 silly reify ]
117 silly reify mark retired [
117 silly reify   'C:\\Users\\HP\\OneDrive\\Documents\\GitHub\\ICTD Lab\\node_modules\\@aws-sdk\\client-sesv2'
117 silly reify ]
118 silly reify mark retired [
118 silly reify   'C:\\Users\\HP\\OneDrive\\Documents\\GitHub\\ICTD Lab\\node_modules\\@aws-sdk\\core'
118 silly reify ]
119 silly reify mark retired [
119 silly reify   'C:\\Users\\HP\\OneDrive\\Documents\\GitHub\\ICTD Lab\\node_modules\\@aws-sdk\\client-sso'
119 silly reify ]
120 silly reify mark retired [
120 silly reify   'C:\\Users\\HP\\OneDrive\\Documents\\GitHub\\ICTD Lab\\node_modules\\@aws-sdk\\credential-provider-env'
120 silly reify ]
121 silly reify mark retired [
121 silly reify   'C:\\Users\\HP\\OneDrive\\Documents\\GitHub\\ICTD Lab\\node_modules\\@aws-sdk\\credential-provider-http'
121 silly reify ]
122 silly reify mark retired [
122 silly reify   'C:\\Users\\HP\\OneDrive\\Documents\\GitHub\\ICTD Lab\\node_modules\\@aws-sdk\\credential-provider-ini'
122 silly reify ]
123 silly reify mark retired [
123 silly reify   'C:\\Users\\HP\\OneDrive\\Documents\\GitHub\\ICTD Lab\\node_modules\\@aws-sdk\\credential-provider-login'
123 silly reify ]
124 silly reify mark retired [
124 silly reify   'C:\\Users\\HP\\OneDrive\\Documents\\GitHub\\ICTD Lab\\node_modules\\@aws-sdk\\credential-provider-node'
124 silly reify ]
125 silly reify mark retired [
125 silly reify   'C:\\Users\\HP\\OneDrive\\Documents\\GitHub\\ICTD Lab\\node_modules\\@aws-sdk\\credential-provider-process'
125 silly reify ]
126 silly reify mark retired [
126 silly reify   'C:\\Users\\HP\\OneDrive\\Documents\\GitHub\\ICTD Lab\\node_modules\\@aws-sdk\\credential-provider-web-identity'
126 silly reify ]
127 silly reify mark retired [
127 silly reify   'C:\\Users\\HP\\OneDrive\\Documents\\GitHub\\ICTD Lab\\node_modules\\@aws-sdk\\credential-provider-sso'
127 silly reify ]
128 silly reify mark retired [
128 silly reify   'C:\\Users\\HP\\OneDrive\\Documents\\GitHub\\ICTD Lab\\node_modules\\@aws-sdk\\middleware-logger'
128 silly reify ]
129 silly reify mark retired [
129 silly reify   'C:\\Users\\HP\\OneDrive\\Documents\\GitHub\\ICTD Lab\\node_modules\\@aws-sdk\\middleware-host-header'
129 silly reify ]
130 silly reify mark retired [
130 silly reify   'C:\\Users\\HP\\OneDrive\\Documents\\GitHub\\ICTD Lab\\node_modules\\@aws-sdk\\middleware-sdk-s3'
130 silly reify ]
131 silly reify mark retired [
131 silly reify   'C:\\Users\\HP\\OneDrive\\Documents\\GitHub\\ICTD Lab\\node_modules\\@aws-sdk\\middleware-recursion-detection'
131 silly reify ]
132 silly reify mark retired [
132 silly reify   'C:\\Users\\HP\\OneDrive\\Documents\\GitHub\\ICTD Lab\\node_modules\\@aws-sdk\\nested-clients'
132 silly reify ]
133 silly reify mark retired [
133 silly reify   'C:\\Users\\HP\\OneDrive\\Documents\\GitHub\\ICTD Lab\\node_modules\\@aws-sdk\\middleware-user-agent'
133 silly reify ]
134 silly reify mark retired [
134 silly reify   'C:\\Users\\HP\\OneDrive\\Documents\\GitHub\\ICTD Lab\\node_modules\\@aws-sdk\\signature-v4-multi-region'
134 silly reify ]
135 silly reify mark retired [
135 silly reify   'C:\\Users\\HP\\OneDrive\\Documents\\GitHub\\ICTD Lab\\node_modules\\@aws-sdk\\region-config-resolver'
135 silly reify ]
136 silly reify mark retired [
136 silly reify   'C:\\Users\\HP\\OneDrive\\Documents\\GitHub\\ICTD Lab\\node_modules\\@aws-sdk\\token-providers'
136 silly reify ]
137 silly reify mark retired [
137 silly reify   'C:\\Users\\HP\\OneDrive\\Documents\\GitHub\\ICTD Lab\\node_modules\\@aws-sdk\\types'
137 silly reify ]
138 silly reify mark retired [
138 silly reify   'C:\\Users\\HP\\OneDrive\\Documents\\GitHub\\ICTD Lab\\node_modules\\@aws-sdk\\util-arn-parser'
138 silly reify ]
139 silly reify mark retired [
139 silly reify   'C:\\Users\\HP\\OneDrive\\Documents\\GitHub\\ICTD Lab\\node_modules\\@aws-sdk\\util-endpoints'
139 silly reify ]
140 silly reify mark retired [
140 silly reify   'C:\\Users\\HP\\OneDrive\\Documents\\GitHub\\ICTD Lab\\node_modules\\@aws-sdk\\util-user-agent-browser'
140 silly reify ]
141 silly reify mark retired [
141 silly reify   'C:\\Users\\HP\\OneDrive\\Documents\\GitHub\\ICTD Lab\\node_modules\\@aws-sdk\\util-user-agent-node'
141 silly reify ]
142 silly reify mark retired [
142 silly reify   'C:\\Users\\HP\\OneDrive\\Documents\\GitHub\\ICTD Lab\\node_modules\\@aws-sdk\\xml-builder'
142 silly reify ]
143 silly reify mark retired [
143 silly reify   'C:\\Users\\HP\\OneDrive\\Documents\\GitHub\\ICTD Lab\\node_modules\\@aws-sdk\\util-locate-window'
143 silly reify ]
144 silly reify mark retired [
144 silly reify   'C:\\Users\\HP\\OneDrive\\Documents\\GitHub\\ICTD Lab\\node_modules\\@chevrotain\\gast'
144 silly reify ]
145 silly reify mark retired [
145 silly reify   'C:\\Users\\HP\\OneDrive\\Documents\\GitHub\\ICTD Lab\\node_modules\\@chevrotain\\utils'
145 silly reify ]
146 silly reify mark retired [
146 silly reify   'C:\\Users\\HP\\OneDrive\\Documents\\GitHub\\ICTD Lab\\node_modules\\@chevrotain\\types'
146 silly reify ]
147 silly reify mark retired [
147 silly reify   'C:\\Users\\HP\\OneDrive\\Documents\\GitHub\\ICTD Lab\\node_modules\\@chevrotain\\cst-dts-gen'
147 silly reify ]
148 silly reify mark retired [
148 silly reify   'C:\\Users\\HP\\OneDrive\\Documents\\GitHub\\ICTD Lab\\node_modules\\@electric-sql\\pglite'
148 silly reify ]
149 silly reify mark retired [
149 silly reify   'C:\\Users\\HP\\OneDrive\\Documents\\GitHub\\ICTD Lab\\node_modules\\@electric-sql\\pglite-socket'
149 silly reify ]
150 silly reify mark retired [
150 silly reify   'C:\\Users\\HP\\OneDrive\\Documents\\GitHub\\ICTD Lab\\node_modules\\@electric-sql\\pglite-tools'
150 silly reify ]
151 silly reify mark retired [
151 silly reify   'C:\\Users\\HP\\OneDrive\\Documents\\GitHub\\ICTD Lab\\node_modules\\@hono\\node-server'
151 silly reify ]
152 silly reify mark retired [
152 silly reify   'C:\\Users\\HP\\OneDrive\\Documents\\GitHub\\ICTD Lab\\node_modules\\@prisma\\adapter-pg'
152 silly reify ]
153 silly reify mark retired [
153 silly reify   'C:\\Users\\HP\\OneDrive\\Documents\\GitHub\\ICTD Lab\\node_modules\\@prisma\\client'
153 silly reify ]
154 silly reify mark retired [
154 silly reify   'C:\\Users\\HP\\OneDrive\\Documents\\GitHub\\ICTD Lab\\node_modules\\@prisma\\client-runtime-utils'
154 silly reify ]
155 silly reify mark retired [
155 silly reify   'C:\\Users\\HP\\OneDrive\\Documents\\GitHub\\ICTD Lab\\node_modules\\@prisma\\config'
155 silly reify ]
156 silly reify mark retired [
156 silly reify   'C:\\Users\\HP\\OneDrive\\Documents\\GitHub\\ICTD Lab\\node_modules\\@prisma\\debug'
156 silly reify ]
157 silly reify mark retired [
157 silly reify   'C:\\Users\\HP\\OneDrive\\Documents\\GitHub\\ICTD Lab\\node_modules\\@prisma\\dev'
157 silly reify ]
158 silly reify mark retired [
158 silly reify   'C:\\Users\\HP\\OneDrive\\Documents\\GitHub\\ICTD Lab\\node_modules\\@prisma\\driver-adapter-utils'
158 silly reify ]
159 silly reify mark retired [
159 silly reify   'C:\\Users\\HP\\OneDrive\\Documents\\GitHub\\ICTD Lab\\node_modules\\@prisma\\engines'
159 silly reify ]
160 silly reify mark retired [
160 silly reify   'C:\\Users\\HP\\OneDrive\\Documents\\GitHub\\ICTD Lab\\node_modules\\@prisma\\engines-version'
160 silly reify ]
161 silly reify mark retired [
161 silly reify   'C:\\Users\\HP\\OneDrive\\Documents\\GitHub\\ICTD Lab\\node_modules\\@prisma\\fetch-engine'
161 silly reify ]
162 silly reify mark retired [
162 silly reify   'C:\\Users\\HP\\OneDrive\\Documents\\GitHub\\ICTD Lab\\node_modules\\@prisma\\get-platform'
162 silly reify ]
163 silly reify mark retired [
163 silly reify   'C:\\Users\\HP\\OneDrive\\Documents\\GitHub\\ICTD Lab\\node_modules\\@prisma\\query-plan-executor'
163 silly reify ]
164 silly reify mark retired [
164 silly reify   'C:\\Users\\HP\\OneDrive\\Documents\\GitHub\\ICTD Lab\\node_modules\\@prisma\\studio-core'
164 silly reify ]
165 silly reify mark retired [
165 silly reify   'C:\\Users\\HP\\OneDrive\\Documents\\GitHub\\ICTD Lab\\node_modules\\@mrleebo\\prisma-ast'
165 silly reify ]
166 silly reify mark retired [
166 silly reify   'C:\\Users\\HP\\OneDrive\\Documents\\GitHub\\ICTD Lab\\node_modules\\@smithy\\abort-controller'
166 silly reify ]
167 silly reify mark retired [
167 silly reify   'C:\\Users\\HP\\OneDrive\\Documents\\GitHub\\ICTD Lab\\node_modules\\@smithy\\config-resolver'
167 silly reify ]
168 silly reify mark retired [
168 silly reify   'C:\\Users\\HP\\OneDrive\\Documents\\GitHub\\ICTD Lab\\node_modules\\@smithy\\core'
168 silly reify ]
169 silly reify mark retired [
169 silly reify   'C:\\Users\\HP\\OneDrive\\Documents\\GitHub\\ICTD Lab\\node_modules\\@smithy\\credential-provider-imds'
169 silly reify ]
170 silly reify mark retired [
170 silly reify   'C:\\Users\\HP\\OneDrive\\Documents\\GitHub\\ICTD Lab\\node_modules\\@smithy\\fetch-http-handler'
170 silly reify ]
171 silly reify mark retired [
171 silly reify   'C:\\Users\\HP\\OneDrive\\Documents\\GitHub\\ICTD Lab\\node_modules\\@smithy\\hash-node'
171 silly reify ]
172 silly reify mark retired [
172 silly reify   'C:\\Users\\HP\\OneDrive\\Documents\\GitHub\\ICTD Lab\\node_modules\\@smithy\\invalid-dependency'
172 silly reify ]
173 silly reify mark retired [
173 silly reify   'C:\\Users\\HP\\OneDrive\\Documents\\GitHub\\ICTD Lab\\node_modules\\@smithy\\middleware-content-length'
173 silly reify ]
174 silly reify mark retired [
174 silly reify   'C:\\Users\\HP\\OneDrive\\Documents\\GitHub\\ICTD Lab\\node_modules\\@smithy\\middleware-endpoint'
174 silly reify ]
175 silly reify mark retired [
175 silly reify   'C:\\Users\\HP\\OneDrive\\Documents\\GitHub\\ICTD Lab\\node_modules\\@smithy\\middleware-retry'
175 silly reify ]
176 silly reify mark retired [
176 silly reify   'C:\\Users\\HP\\OneDrive\\Documents\\GitHub\\ICTD Lab\\node_modules\\@smithy\\middleware-serde'
176 silly reify ]
177 silly reify mark retired [
177 silly reify   'C:\\Users\\HP\\OneDrive\\Documents\\GitHub\\ICTD Lab\\node_modules\\@smithy\\middleware-stack'
177 silly reify ]
178 silly reify mark retired [
178 silly reify   'C:\\Users\\HP\\OneDrive\\Documents\\GitHub\\ICTD Lab\\node_modules\\@smithy\\node-config-provider'
178 silly reify ]
179 silly reify mark retired [
179 silly reify   'C:\\Users\\HP\\OneDrive\\Documents\\GitHub\\ICTD Lab\\node_modules\\@smithy\\node-http-handler'
179 silly reify ]
180 silly reify mark retired [
180 silly reify   'C:\\Users\\HP\\OneDrive\\Documents\\GitHub\\ICTD Lab\\node_modules\\@smithy\\property-provider'
180 silly reify ]
181 silly reify mark retired [
181 silly reify   'C:\\Users\\HP\\OneDrive\\Documents\\GitHub\\ICTD Lab\\node_modules\\@smithy\\protocol-http'
181 silly reify ]
182 silly reify mark retired [
182 silly reify   'C:\\Users\\HP\\OneDrive\\Documents\\GitHub\\ICTD Lab\\node_modules\\@smithy\\querystring-builder'
182 silly reify ]
183 silly reify mark retired [
183 silly reify   'C:\\Users\\HP\\OneDrive\\Documents\\GitHub\\ICTD Lab\\node_modules\\@smithy\\querystring-parser'
183 silly reify ]
184 silly reify mark retired [
184 silly reify   'C:\\Users\\HP\\OneDrive\\Documents\\GitHub\\ICTD Lab\\node_modules\\@smithy\\service-error-classification'
184 silly reify ]
185 silly reify mark retired [
185 silly reify   'C:\\Users\\HP\\OneDrive\\Documents\\GitHub\\ICTD Lab\\node_modules\\@smithy\\shared-ini-file-loader'
185 silly reify ]
186 silly reify mark retired [
186 silly reify   'C:\\Users\\HP\\OneDrive\\Documents\\GitHub\\ICTD Lab\\node_modules\\@smithy\\smithy-client'
186 silly reify ]
187 silly reify mark retired [
187 silly reify   'C:\\Users\\HP\\OneDrive\\Documents\\GitHub\\ICTD Lab\\node_modules\\@smithy\\signature-v4'
187 silly reify ]
188 silly reify mark retired [
188 silly reify   'C:\\Users\\HP\\OneDrive\\Documents\\GitHub\\ICTD Lab\\node_modules\\@smithy\\types'
188 silly reify ]
189 silly reify mark retired [
189 silly reify   'C:\\Users\\HP\\OneDrive\\Documents\\GitHub\\ICTD Lab\\node_modules\\@smithy\\url-parser'
189 silly reify ]
190 silly reify mark retired [
190 silly reify   'C:\\Users\\HP\\OneDrive\\Documents\\GitHub\\ICTD Lab\\node_modules\\@smithy\\util-defaults-mode-browser'
190 silly reify ]
191 silly reify mark retired [
191 silly reify   'C:\\Users\\HP\\OneDrive\\Documents\\GitHub\\ICTD Lab\\node_modules\\@smithy\\util-defaults-mode-node'
191 silly reify ]
192 silly reify mark retired [
192 silly reify   'C:\\Users\\HP\\OneDrive\\Documents\\GitHub\\ICTD Lab\\node_modules\\@smithy\\util-endpoints'
192 silly reify ]
193 silly reify mark retired [
193 silly reify   'C:\\Users\\HP\\OneDrive\\Documents\\GitHub\\ICTD Lab\\node_modules\\@smithy\\util-middleware'
193 silly reify ]
194 silly reify mark retired [
194 silly reify   'C:\\Users\\HP\\OneDrive\\Documents\\GitHub\\ICTD Lab\\node_modules\\@smithy\\util-retry'
194 silly reify ]
195 silly reify mark retired [
195 silly reify   'C:\\Users\\HP\\OneDrive\\Documents\\GitHub\\ICTD Lab\\node_modules\\@smithy\\util-stream'
195 silly reify ]
196 silly reify mark retired [
196 silly reify   'C:\\Users\\HP\\OneDrive\\Documents\\GitHub\\ICTD Lab\\node_modules\\@types\\bcryptjs'
196 silly reify ]
197 silly reify mark retired [
197 silly reify   'C:\\Users\\HP\\OneDrive\\Documents\\GitHub\\ICTD Lab\\node_modules\\@types\\cookie-parser'
197 silly reify ]
198 silly reify mark retired [
198 silly reify   'C:\\Users\\HP\\OneDrive\\Documents\\GitHub\\ICTD Lab\\node_modules\\@types\\cors'
198 silly reify ]
199 silly reify mark retired [
199 silly reify   'C:\\Users\\HP\\OneDrive\\Documents\\GitHub\\ICTD Lab\\node_modules\\@types\\express-serve-static-core'
199 silly reify ]
200 silly reify mark retired [
200 silly reify   'C:\\Users\\HP\\OneDrive\\Documents\\GitHub\\ICTD Lab\\node_modules\\@types\\multer'
200 silly reify ]
201 silly reify mark retired [
201 silly reify   'C:\\Users\\HP\\OneDrive\\Documents\\GitHub\\ICTD Lab\\node_modules\\@types\\node'
201 silly reify ]
202 silly reify mark retired [
202 silly reify   'C:\\Users\\HP\\OneDrive\\Documents\\GitHub\\ICTD Lab\\node_modules\\@types\\nodemailer'
202 silly reify ]
203 silly reify mark retired [
203 silly reify   'C:\\Users\\HP\\OneDrive\\Documents\\GitHub\\ICTD Lab\\node_modules\\@types\\pg'
203 silly reify ]
204 silly reify mark retired [
204 silly reify   'C:\\Users\\HP\\OneDrive\\Documents\\GitHub\\ICTD Lab\\node_modules\\@types\\strip-bom'
204 silly reify ]
205 silly reify mark retired [
205 silly reify   'C:\\Users\\HP\\OneDrive\\Documents\\GitHub\\ICTD Lab\\node_modules\\@types\\strip-json-comments'
205 silly reify ]
206 silly reify mark retired [
206 silly reify   'C:\\Users\\HP\\OneDrive\\Documents\\GitHub\\ICTD Lab\\node_modules\\@types\\uuid'
206 silly reify ]
207 silly reify mark retired [
207 silly reify   'C:\\Users\\HP\\OneDrive\\Documents\\GitHub\\ICTD Lab\\node_modules\\@types\\winston'
207 silly reify ]
208 silly reify mark retired [
208 silly reify   'C:\\Users\\HP\\OneDrive\\Documents\\GitHub\\ICTD Lab\\node_modules\\acorn',
208 silly reify   'C:\\Users\\HP\\OneDrive\\Documents\\GitHub\\ICTD Lab\\node_modules\\.bin\\acorn',
208 silly reify   'C:\\Users\\HP\\OneDrive\\Documents\\GitHub\\ICTD Lab\\node_modules\\.bin\\acorn.cmd',
208 silly reify   'C:\\Users\\HP\\OneDrive\\Documents\\GitHub\\ICTD Lab\\node_modules\\.bin\\acorn.ps1'
208 silly reify ]
209 silly reify mark retired [
209 silly reify   'C:\\Users\\HP\\OneDrive\\Documents\\GitHub\\ICTD Lab\\node_modules\\bcryptjs',
209 silly reify   'C:\\Users\\HP\\OneDrive\\Documents\\GitHub\\ICTD Lab\\node_modules\\.bin\\bcrypt',
209 silly reify   'C:\\Users\\HP\\OneDrive\\Documents\\GitHub\\ICTD Lab\\node_modules\\.bin\\bcrypt.cmd',
209 silly reify   'C:\\Users\\HP\\OneDrive\\Documents\\GitHub\\ICTD Lab\\node_modules\\.bin\\bcrypt.ps1'
209 silly reify ]
210 silly reify mark retired [
210 silly reify   'C:\\Users\\HP\\OneDrive\\Documents\\GitHub\\ICTD Lab\\node_modules\\esbuild',
210 silly reify   'C:\\Users\\HP\\OneDrive\\Documents\\GitHub\\ICTD Lab\\node_modules\\.bin\\esbuild',
210 silly reify   'C:\\Users\\HP\\OneDrive\\Documents\\GitHub\\ICTD Lab\\node_modules\\.bin\\esbuild.cmd',
210 silly reify   'C:\\Users\\HP\\OneDrive\\Documents\\GitHub\\ICTD Lab\\node_modules\\.bin\\esbuild.ps1'
210 silly reify ]
211 silly reify mark retired [
211 silly reify   'C:\\Users\\HP\\OneDrive\\Documents\\GitHub\\ICTD Lab\\node_modules\\fast-xml-parser',
211 silly reify   'C:\\Users\\HP\\OneDrive\\Documents\\GitHub\\ICTD Lab\\node_modules\\.bin\\fxparser',
211 silly reify   'C:\\Users\\HP\\OneDrive\\Documents\\GitHub\\ICTD Lab\\node_modules\\.bin\\fxparser.cmd',
211 silly reify   'C:\\Users\\HP\\OneDrive\\Documents\\GitHub\\ICTD Lab\\node_modules\\.bin\\fxparser.ps1'
211 silly reify ]
212 silly reify mark retired [
212 silly reify   'C:\\Users\\HP\\OneDrive\\Documents\\GitHub\\ICTD Lab\\node_modules\\jiti',
212 silly reify   'C:\\Users\\HP\\OneDrive\\Documents\\GitHub\\ICTD Lab\\node_modules\\.bin\\jiti',
212 silly reify   'C:\\Users\\HP\\OneDrive\\Documents\\GitHub\\ICTD Lab\\node_modules\\.bin\\jiti.cmd',
212 silly reify   'C:\\Users\\HP\\OneDrive\\Documents\\GitHub\\ICTD Lab\\node_modules\\.bin\\jiti.ps1'
212 silly reify ]
213 silly reify mark retired [
213 silly reify   'C:\\Users\\HP\\OneDrive\\Documents\\GitHub\\ICTD Lab\\node_modules\\mkdirp',
213 silly reify   'C:\\Users\\HP\\OneDrive\\Documents\\GitHub\\ICTD Lab\\node_modules\\.bin\\mkdirp',
213 silly reify   'C:\\Users\\HP\\OneDrive\\Documents\\GitHub\\ICTD Lab\\node_modules\\.bin\\mkdirp.cmd',
213 silly reify   'C:\\Users\\HP\\OneDrive\\Documents\\GitHub\\ICTD Lab\\node_modules\\.bin\\mkdirp.ps1'
213 silly reify ]
214 silly reify mark retired [
214 silly reify   'C:\\Users\\HP\\OneDrive\\Documents\\GitHub\\ICTD Lab\\node_modules\\resolve',
214 silly reify   'C:\\Users\\HP\\OneDrive\\Documents\\GitHub\\ICTD Lab\\node_modules\\.bin\\resolve',
214 silly reify   'C:\\Users\\HP\\OneDrive\\Documents\\GitHub\\ICTD Lab\\node_modules\\.bin\\resolve.cmd',
214 silly reify   'C:\\Users\\HP\\OneDrive\\Documents\\GitHub\\ICTD Lab\\node_modules\\.bin\\resolve.ps1'
214 silly reify ]
215 silly reify mark retired [
215 silly reify   'C:\\Users\\HP\\OneDrive\\Documents\\GitHub\\ICTD Lab\\node_modules\\rimraf',
215 silly reify   'C:\\Users\\HP\\OneDrive\\Documents\\GitHub\\ICTD Lab\\node_modules\\.bin\\rimraf',
215 silly reify   'C:\\Users\\HP\\OneDrive\\Documents\\GitHub\\ICTD Lab\\node_modules\\.bin\\rimraf.cmd',
215 silly reify   'C:\\Users\\HP\\OneDrive\\Documents\\GitHub\\ICTD Lab\\node_modules\\.bin\\rimraf.ps1'
215 silly reify ]
216 silly reify mark retired [
216 silly reify   'C:\\Users\\HP\\OneDrive\\Documents\\GitHub\\ICTD Lab\\node_modules\\semver',
216 silly reify   'C:\\Users\\HP\\OneDrive\\Documents\\GitHub\\ICTD Lab\\node_modules\\.bin\\semver',
216 silly reify   'C:\\Users\\HP\\OneDrive\\Documents\\GitHub\\ICTD Lab\\node_modules\\.bin\\semver.cmd',
216 silly reify   'C:\\Users\\HP\\OneDrive\\Documents\\GitHub\\ICTD Lab\\node_modules\\.bin\\semver.ps1'
216 silly reify ]
217 silly reify mark retired [
217 silly reify   'C:\\Users\\HP\\OneDrive\\Documents\\GitHub\\ICTD Lab\\node_modules\\tree-kill',
217 silly reify   'C:\\Users\\HP\\OneDrive\\Documents\\GitHub\\ICTD Lab\\node_modules\\.bin\\tree-kill',
217 silly reify   'C:\\Users\\HP\\OneDrive\\Documents\\GitHub\\ICTD Lab\\node_modules\\.bin\\tree-kill.cmd',
217 silly reify   'C:\\Users\\HP\\OneDrive\\Documents\\GitHub\\ICTD Lab\\node_modules\\.bin\\tree-kill.ps1'
217 silly reify ]
218 silly reify mark retired [
218 silly reify   'C:\\Users\\HP\\OneDrive\\Documents\\GitHub\\ICTD Lab\\node_modules\\tsx',
218 silly reify   'C:\\Users\\HP\\OneDrive\\Documents\\GitHub\\ICTD Lab\\node_modules\\.bin\\tsx',
218 silly reify   'C:\\Users\\HP\\OneDrive\\Documents\\GitHub\\ICTD Lab\\node_modules\\.bin\\tsx.cmd',
218 silly reify   'C:\\Users\\HP\\OneDrive\\Documents\\GitHub\\ICTD Lab\\node_modules\\.bin\\tsx.ps1'
218 silly reify ]
219 silly reify mark retired [
219 silly reify   'C:\\Users\\HP\\OneDrive\\Documents\\GitHub\\ICTD Lab\\node_modules\\typescript',
219 silly reify   'C:\\Users\\HP\\OneDrive\\Documents\\GitHub\\ICTD Lab\\node_modules\\.bin\\tsc',
219 silly reify   'C:\\Users\\HP\\OneDrive\\Documents\\GitHub\\ICTD Lab\\node_modules\\.bin\\tsc.cmd',
219 silly reify   'C:\\Users\\HP\\OneDrive\\Documents\\GitHub\\ICTD Lab\\node_modules\\.bin\\tsc.ps1',
219 silly reify   'C:\\Users\\HP\\OneDrive\\Documents\\GitHub\\ICTD Lab\\node_modules\\.bin\\tsserver',
219 silly reify   'C:\\Users\\HP\\OneDrive\\Documents\\GitHub\\ICTD Lab\\node_modules\\.bin\\tsserver.cmd',
219 silly reify   'C:\\Users\\HP\\OneDrive\\Documents\\GitHub\\ICTD Lab\\node_modules\\.bin\\tsserver.ps1'
219 silly reify ]
220 silly reify mark retired [
220 silly reify   'C:\\Users\\HP\\OneDrive\\Documents\\GitHub\\ICTD Lab\\node_modules\\which',
220 silly reify   'C:\\Users\\HP\\OneDrive\\Documents\\GitHub\\ICTD Lab\\node_modules\\.bin\\node-which',
220 silly reify   'C:\\Users\\HP\\OneDrive\\Documents\\GitHub\\ICTD Lab\\node_modules\\.bin\\node-which.cmd',
220 silly reify   'C:\\Users\\HP\\OneDrive\\Documents\\GitHub\\ICTD Lab\\node_modules\\.bin\\node-which.ps1'
220 silly reify ]
221 silly reify moves {
221 silly reify   'C:\\Users\\HP\\OneDrive\\Documents\\GitHub\\ICTD Lab\\node_modules\\acorn-walk': 'C:\\Users\\HP\\OneDrive\\Documents\\GitHub\\ICTD Lab\\node_modules\\.acorn-walk-2Vl6akHu',
221 silly reify   'C:\\Users\\HP\\OneDrive\\Documents\\GitHub\\ICTD Lab\\node_modules\\adler-32': 'C:\\Users\\HP\\OneDrive\\Documents\\GitHub\\ICTD Lab\\node_modules\\.adler-32-IVNoUCIG',
221 silly reify   'C:\\Users\\HP\\OneDrive\\Documents\\GitHub\\ICTD Lab\\node_modules\\append-field': 'C:\\Users\\HP\\OneDrive\\Documents\\GitHub\\ICTD Lab\\node_modules\\.append-field-Xmk7v5ME',
221 silly reify   'C:\\Users\\HP\\OneDrive\\Documents\\GitHub\\ICTD Lab\\node_modules\\arg': 'C:\\Users\\HP\\OneDrive\\Documents\\GitHub\\ICTD Lab\\node_modules\\.arg-yGir63ZX',
221 silly reify   'C:\\Users\\HP\\OneDrive\\Documents\\GitHub\\ICTD Lab\\node_modules\\aws-ssl-profiles': 'C:\\Users\\HP\\OneDrive\\Documents\\GitHub\\ICTD Lab\\node_modules\\.aws-ssl-profiles-qjNRy3eY',
221 silly reify   'C:\\Users\\HP\\OneDrive\\Documents\\GitHub\\ICTD Lab\\node_modules\\axios': 'C:\\Users\\HP\\OneDrive\\Documents\\GitHub\\ICTD Lab\\node_modules\\.axios-x6p8Ffop',
221 silly reify   'C:\\Users\\HP\\OneDrive\\Documents\\GitHub\\ICTD Lab\\node_modules\\c12': 'C:\\Users\\HP\\OneDrive\\Documents\\GitHub\\ICTD Lab\\node_modules\\.c12-RjnLQiW0',
221 silly reify   'C:\\Users\\HP\\OneDrive\\Documents\\GitHub\\ICTD Lab\\node_modules\\cfb': 'C:\\Users\\HP\\OneDrive\\Documents\\GitHub\\ICTD Lab\\node_modules\\.cfb-JsFyyXh3',
221 silly reify   'C:\\Users\\HP\\OneDrive\\Documents\\GitHub\\ICTD Lab\\node_modules\\citty': 'C:\\Users\\HP\\OneDrive\\Documents\\GitHub\\ICTD Lab\\node_modules\\.citty-A5rTgCnz',
221 silly reify   'C:\\Users\\HP\\OneDrive\\Documents\\GitHub\\ICTD Lab\\node_modules\\chevrotain': 'C:\\Users\\HP\\OneDrive\\Documents\\GitHub\\ICTD Lab\\node_modules\\.chevrotain-VdVggJLk',
221 silly reify   'C:\\Users\\HP\\OneDrive\\Documents\\GitHub\\ICTD Lab\\node_modules\\cloudinary': 'C:\\Users\\HP\\OneDrive\\Documents\\GitHub\\ICTD Lab\\node_modules\\.cloudinary-5at0HOCp',
221 silly reify   'C:\\Users\\HP\\OneDrive\\Documents\\GitHub\\ICTD Lab\\node_modules\\cloudinary-core': 'C:\\Users\\HP\\OneDrive\\Documents\\GitHub\\ICTD Lab\\node_modules\\.cloudinary-core-OqFX0An6',
221 silly reify   'C:\\Users\\HP\\OneDrive\\Documents\\GitHub\\ICTD Lab\\node_modules\\codepage': 'C:\\Users\\HP\\OneDrive\\Documents\\GitHub\\ICTD Lab\\node_modules\\.codepage-aRm05IVs',
221 silly reify   'C:\\Users\\HP\\OneDrive\\Documents\\GitHub\\ICTD Lab\\node_modules\\concat-stream': 'C:\\Users\\HP\\OneDrive\\Documents\\GitHub\\ICTD Lab\\node_modules\\.concat-stream-f2LpI4ZT',
221 silly reify   'C:\\Users\\HP\\OneDrive\\Documents\\GitHub\\ICTD Lab\\node_modules\\confbox': 'C:\\Users\\HP\\OneDrive\\Documents\\GitHub\\ICTD Lab\\node_modules\\.confbox-StETavpd',
221 silly reify   'C:\\Users\\HP\\OneDrive\\Documents\\GitHub\\ICTD Lab\\node_modules\\content-disposition': 'C:\\Users\\HP\\OneDrive\\Documents\\GitHub\\ICTD Lab\\node_modules\\.content-disposition-HuWZU2LR',
221 silly reify   'C:\\Users\\HP\\OneDrive\\Documents\\GitHub\\ICTD Lab\\node_modules\\cookie-parser': 'C:\\Users\\HP\\OneDrive\\Documents\\GitHub\\ICTD Lab\\node_modules\\.cookie-parser-nZgPedYo',
221 silly reify   'C:\\Users\\HP\\OneDrive\\Documents\\GitHub\\ICTD Lab\\node_modules\\core-js': 'C:\\Users\\HP\\OneDrive\\Documents\\GitHub\\ICTD Lab\\node_modules\\.core-js-TSCpFKuG',
221 silly reify   'C:\\Users\\HP\\OneDrive\\Documents\\GitHub\\ICTD Lab\\node_modules\\crc-32': 'C:\\Users\\HP\\OneDrive\\Documents\\GitHub\\ICTD Lab\\node_modules\\.crc-32-N8EOwO9h',
221 silly reify   'C:\\Users\\HP\\OneDrive\\Documents\\GitHub\\ICTD Lab\\node_modules\\deepmerge-ts': 'C:\\Users\\HP\\OneDrive\\Documents\\GitHub\\ICTD Lab\\node_modules\\.deepmerge-ts-K5GJLJUc',
221 silly reify   'C:\\Users\\HP\\OneDrive\\Documents\\GitHub\\ICTD Lab\\node_modules\\defu': 'C:\\Users\\HP\\OneDrive\\Documents\\GitHub\\ICTD Lab\\node_modules\\.defu-i3dmLv0O',
221 silly reify   'C:\\Users\\HP\\OneDrive\\Documents\\GitHub\\ICTD Lab\\node_modules\\denque': 'C:\\Users\\HP\\OneDrive\\Documents\\GitHub\\ICTD Lab\\node_modules\\.denque-FcRLQB5A',
221 silly reify   'C:\\Users\\HP\\OneDrive\\Documents\\GitHub\\ICTD Lab\\node_modules\\detect-europe-js': 'C:\\Users\\HP\\OneDrive\\Documents\\GitHub\\ICTD Lab\\node_modules\\.detect-europe-js-NipmPne1',
221 silly reify   'C:\\Users\\HP\\OneDrive\\Documents\\GitHub\\ICTD Lab\\node_modules\\diff': 'C:\\Users\\HP\\OneDrive\\Documents\\GitHub\\ICTD Lab\\node_modules\\.diff-3eLYedKP',
221 silly reify   'C:\\Users\\HP\\OneDrive\\Documents\\GitHub\\ICTD Lab\\node_modules\\discontinuous-range': 'C:\\Users\\HP\\OneDrive\\Documents\\GitHub\\ICTD Lab\\node_modules\\.discontinuous-range-PdDrYXBd',
221 silly reify   'C:\\Users\\HP\\OneDrive\\Documents\\GitHub\\ICTD Lab\\node_modules\\destr': 'C:\\Users\\HP\\OneDrive\\Documents\\GitHub\\ICTD Lab\\node_modules\\.destr-5GATseHW',
221 silly reify   'C:\\Users\\HP\\OneDrive\\Documents\\GitHub\\ICTD Lab\\node_modules\\dotenv': 'C:\\Users\\HP\\OneDrive\\Documents\\GitHub\\ICTD Lab\\node_modules\\.dotenv-Vv9ByMot',
221 silly reify   'C:\\Users\\HP\\OneDrive\\Documents\\GitHub\\ICTD Lab\\node_modules\\dynamic-dedupe': 'C:\\Users\\HP\\OneDrive\\Documents\\GitHub\\ICTD Lab\\node_modules\\.dynamic-dedupe-pmhw2REK',
221 silly reify   'C:\\Users\\HP\\OneDrive\\Documents\\GitHub\\ICTD Lab\\node_modules\\effect': 'C:\\Users\\HP\\OneDrive\\Documents\\GitHub\\ICTD Lab\\node_modules\\.effect-CG5D7W9Q',
221 silly reify   'C:\\Users\\HP\\OneDrive\\Documents\\GitHub\\ICTD Lab\\node_modules\\empathic': 'C:\\Users\\HP\\OneDrive\\Documents\\GitHub\\ICTD Lab\\node_modules\\.empathic-elwMcNHp',
221 silly reify   'C:\\Users\\HP\\OneDrive\\Documents\\GitHub\\ICTD Lab\\node_modules\\exsolve': 'C:\\Users\\HP\\OneDrive\\Documents\\GitHub\\ICTD Lab\\node_modules\\.exsolve-nUUKDzpx',
221 silly reify   'C:\\Users\\HP\\OneDrive\\Documents\\GitHub\\ICTD Lab\\node_modules\\fast-check': 'C:\\Users\\HP\\OneDrive\\Documents\\GitHub\\ICTD Lab\\node_modules\\.fast-check-1qjYgzt6',
221 silly reify   'C:\\Users\\HP\\OneDrive\\Documents\\GitHub\\ICTD Lab\\node_modules\\frac': 'C:\\Users\\HP\\OneDrive\\Documents\\GitHub\\ICTD Lab\\node_modules\\.frac-G8jxnvKs',
221 silly reify   'C:\\Users\\HP\\OneDrive\\Documents\\GitHub\\ICTD Lab\\node_modules\\generate-function': 'C:\\Users\\HP\\OneDrive\\Documents\\GitHub\\ICTD Lab\\node_modules\\.generate-function-ZAo8qSr7',
221 silly reify   'C:\\Users\\HP\\OneDrive\\Documents\\GitHub\\ICTD Lab\\node_modules\\get-port-please': 'C:\\Users\\HP\\OneDrive\\Documents\\GitHub\\ICTD Lab\\node_modules\\.get-port-please-OWe3BcRf',
221 silly reify   'C:\\Users\\HP\\OneDrive\\Documents\\GitHub\\ICTD Lab\\node_modules\\giget': 'C:\\Users\\HP\\OneDrive\\Documents\\GitHub\\ICTD Lab\\node_modules\\.giget-nFqQKMTb',
221 silly reify   'C:\\Users\\HP\\OneDrive\\Documents\\GitHub\\ICTD Lab\\node_modules\\grammex': 'C:\\Users\\HP\\OneDrive\\Documents\\GitHub\\ICTD Lab\\node_modules\\.grammex-xnyMCnQw',
221 silly reify   'C:\\Users\\HP\\OneDrive\\Documents\\GitHub\\ICTD Lab\\node_modules\\graphmatch': 'C:\\Users\\HP\\OneDrive\\Documents\\GitHub\\ICTD Lab\\node_modules\\.graphmatch-aOjNjmJs',
221 silly reify   'C:\\Users\\HP\\OneDrive\\Documents\\GitHub\\ICTD Lab\\node_modules\\hono': 'C:\\Users\\HP\\OneDrive\\Documents\\GitHub\\ICTD Lab\\node_modules\\.hono-L1SGAhJB',
221 silly reify   'C:\\Users\\HP\\OneDrive\\Documents\\GitHub\\ICTD Lab\\node_modules\\http-status-codes': 'C:\\Users\\HP\\OneDrive\\Documents\\GitHub\\ICTD Lab\\node_modules\\.http-status-codes-1pBcZBpV',
221 silly reify   'C:\\Users\\HP\\OneDrive\\Documents\\GitHub\\ICTD Lab\\node_modules\\ignore-by-default': 'C:\\Users\\HP\\OneDrive\\Documents\\GitHub\\ICTD Lab\\node_modules\\.ignore-by-default-S8FYd2Wp',
221 silly reify   'C:\\Users\\HP\\OneDrive\\Documents\\GitHub\\ICTD Lab\\node_modules\\is-property': 'C:\\Users\\HP\\OneDrive\\Documents\\GitHub\\ICTD Lab\\node_modules\\.is-property-NeEmfzRU',
221 silly reify   'C:\\Users\\HP\\OneDrive\\Documents\\GitHub\\ICTD Lab\\node_modules\\is-standalone-pwa': 'C:\\Users\\HP\\OneDrive\\Documents\\GitHub\\ICTD Lab\\node_modules\\.is-standalone-pwa-U7GdPeak',
221 silly reify   'C:\\Users\\HP\\OneDrive\\Documents\\GitHub\\ICTD Lab\\node_modules\\lru.min': 'C:\\Users\\HP\\OneDrive\\Documents\\GitHub\\ICTD Lab\\node_modules\\.lru.min-NjUuMpOd',
221 silly reify   'C:\\Users\\HP\\OneDrive\\Documents\\GitHub\\ICTD Lab\\node_modules\\moo': 'C:\\Users\\HP\\OneDrive\\Documents\\GitHub\\ICTD Lab\\node_modules\\.moo-fUWSK2io',
221 silly reify   'C:\\Users\\HP\\OneDrive\\Documents\\GitHub\\ICTD Lab\\node_modules\\multer': 'C:\\Users\\HP\\OneDrive\\Documents\\GitHub\\ICTD Lab\\node_modules\\.multer-Ut0nA7V2',
221 silly reify   'C:\\Users\\HP\\OneDrive\\Documents\\GitHub\\ICTD Lab\\node_modules\\named-placeholders': 'C:\\Users\\HP\\OneDrive\\Documents\\GitHub\\ICTD Lab\\node_modules\\.named-placeholders-Y21H1ZsO',
221 silly reify   'C:\\Users\\HP\\OneDrive\\Documents\\GitHub\\ICTD Lab\\node_modules\\mysql2': 'C:\\Users\\HP\\OneDrive\\Documents\\GitHub\\ICTD Lab\\node_modules\\.mysql2-8GFi6OBo',
221 silly reify   'C:\\Users\\HP\\OneDrive\\Documents\\GitHub\\ICTD Lab\\node_modules\\nearley': 'C:\\Users\\HP\\OneDrive\\Documents\\GitHub\\ICTD Lab\\node_modules\\.nearley-LFKziQbd',
221 silly reify   'C:\\Users\\HP\\OneDrive\\Documents\\GitHub\\ICTD Lab\\node_modules\\nodemailer': 'C:\\Users\\HP\\OneDrive\\Documents\\GitHub\\ICTD Lab\\node_modules\\.nodemailer-hktRtVsG',
221 silly reify   'C:\\Users\\HP\\OneDrive\\Documents\\GitHub\\ICTD Lab\\node_modules\\nodemon': 'C:\\Users\\HP\\OneDrive\\Documents\\GitHub\\ICTD Lab\\node_modules\\.nodemon-PrmcWWue',
221 silly reify   'C:\\Users\\HP\\OneDrive\\Documents\\GitHub\\ICTD Lab\\node_modules\\nypm': 'C:\\Users\\HP\\OneDrive\\Documents\\GitHub\\ICTD Lab\\node_modules\\.nypm-J2eFk6Im',
221 silly reify   'C:\\Users\\HP\\OneDrive\\Documents\\GitHub\\ICTD Lab\\node_modules\\ohash': 'C:\\Users\\HP\\OneDrive\\Documents\\GitHub\\ICTD Lab\\node_modules\\.ohash-5VbEsGyZ',
221 silly reify   'C:\\Users\\HP\\OneDrive\\Documents\\GitHub\\ICTD Lab\\node_modules\\multer-storage-cloudinary': 'C:\\Users\\HP\\OneDrive\\Documents\\GitHub\\ICTD Lab\\node_modules\\.multer-storage-cloudinary-b6WczYhS',
221 silly reify   'C:\\Users\\HP\\OneDrive\\Documents\\GitHub\\ICTD Lab\\node_modules\\node-fetch-native': 'C:\\Users\\HP\\OneDrive\\Documents\\GitHub\\ICTD Lab\\node_modules\\.node-fetch-native-X4N2Yqio',
221 silly reify   'C:\\Users\\HP\\OneDrive\\Documents\\GitHub\\ICTD Lab\\node_modules\\pathe': 'C:\\Users\\HP\\OneDrive\\Documents\\GitHub\\ICTD Lab\\node_modules\\.pathe-c6sipBme',
221 silly reify   'C:\\Users\\HP\\OneDrive\\Documents\\GitHub\\ICTD Lab\\node_modules\\perfect-debounce': 'C:\\Users\\HP\\OneDrive\\Documents\\GitHub\\ICTD Lab\\node_modules\\.perfect-debounce-JQokv0RS',
221 silly reify   'C:\\Users\\HP\\OneDrive\\Documents\\GitHub\\ICTD Lab\\node_modules\\pg': 'C:\\Users\\HP\\OneDrive\\Documents\\GitHub\\ICTD Lab\\node_modules\\.pg-5WiBcA6E',
221 silly reify   'C:\\Users\\HP\\OneDrive\\Documents\\GitHub\\ICTD Lab\\node_modules\\pg-cloudflare': 'C:\\Users\\HP\\OneDrive\\Documents\\GitHub\\ICTD Lab\\node_modules\\.pg-cloudflare-aR9GKzlA',
221 silly reify   'C:\\Users\\HP\\OneDrive\\Documents\\GitHub\\ICTD Lab\\node_modules\\pg-connection-string': 'C:\\Users\\HP\\OneDrive\\Documents\\GitHub\\ICTD Lab\\node_modules\\.pg-connection-string-kzjJhyj6',
221 silly reify   'C:\\Users\\HP\\OneDrive\\Documents\\GitHub\\ICTD Lab\\node_modules\\pg-pool': 'C:\\Users\\HP\\OneDrive\\Documents\\GitHub\\ICTD Lab\\node_modules\\.pg-pool-utBREgCD',
221 silly reify   'C:\\Users\\HP\\OneDrive\\Documents\\GitHub\\ICTD Lab\\node_modules\\pgpass': 'C:\\Users\\HP\\OneDrive\\Documents\\GitHub\\ICTD Lab\\node_modules\\.pgpass-LfjuVBn2',
221 silly reify   'C:\\Users\\HP\\OneDrive\\Documents\\GitHub\\ICTD Lab\\node_modules\\pkg-types': 'C:\\Users\\HP\\OneDrive\\Documents\\GitHub\\ICTD Lab\\node_modules\\.pkg-types-EpETr8cu',
221 silly reify   'C:\\Users\\HP\\OneDrive\\Documents\\GitHub\\ICTD Lab\\node_modules\\postgres': 'C:\\Users\\HP\\OneDrive\\Documents\\GitHub\\ICTD Lab\\node_modules\\.postgres-5bBQvx5u',
221 silly reify   'C:\\Users\\HP\\OneDrive\\Documents\\GitHub\\ICTD Lab\\node_modules\\prisma': 'C:\\Users\\HP\\OneDrive\\Documents\\GitHub\\ICTD Lab\\node_modules\\.prisma-FGXgutY5',
221 silly reify   'C:\\Users\\HP\\OneDrive\\Documents\\GitHub\\ICTD Lab\\node_modules\\proper-lockfile': 'C:\\Users\\HP\\OneDrive\\Documents\\GitHub\\ICTD Lab\\node_modules\\.proper-lockfile-lhhmLmAU',
221 silly reify   'C:\\Users\\HP\\OneDrive\\Documents\\GitHub\\ICTD Lab\\node_modules\\pstree.remy': 'C:\\Users\\HP\\OneDrive\\Documents\\GitHub\\ICTD Lab\\node_modules\\.pstree.remy-MON3QsjF',
221 silly reify   'C:\\Users\\HP\\OneDrive\\Documents\\GitHub\\ICTD Lab\\node_modules\\pure-rand': 'C:\\Users\\HP\\OneDrive\\Documents\\GitHub\\ICTD Lab\\node_modules\\.pure-rand-OJ2yXLQE',
221 silly reify   'C:\\Users\\HP\\OneDrive\\Documents\\GitHub\\ICTD Lab\\node_modules\\railroad-diagrams': 'C:\\Users\\HP\\OneDrive\\Documents\\GitHub\\ICTD Lab\\node_modules\\.railroad-diagrams-502P2QOj',
221 silly reify   'C:\\Users\\HP\\OneDrive\\Documents\\GitHub\\ICTD Lab\\node_modules\\randexp': 'C:\\Users\\HP\\OneDrive\\Documents\\GitHub\\ICTD Lab\\node_modules\\.randexp-F0HhlAvC',
221 silly reify   'C:\\Users\\HP\\OneDrive\\Documents\\GitHub\\ICTD Lab\\node_modules\\rc9': 'C:\\Users\\HP\\OneDrive\\Documents\\GitHub\\ICTD Lab\\node_modules\\.rc9-1dl8fVSv',
221 silly reify   'C:\\Users\\HP\\OneDrive\\Documents\\GitHub\\ICTD Lab\\node_modules\\regexp-to-ast': 'C:\\Users\\HP\\OneDrive\\Documents\\GitHub\\ICTD Lab\\node_modules\\.regexp-to-ast-H6zlN3XW',
221 silly reify   'C:\\Users\\HP\\OneDrive\\Documents\\GitHub\\ICTD Lab\\node_modules\\remeda': 'C:\\Users\\HP\\OneDrive\\Documents\\GitHub\\ICTD Lab\\node_modules\\.remeda-CW8lbiSy',
221 silly reify   'C:\\Users\\HP\\OneDrive\\Documents\\GitHub\\ICTD Lab\\node_modules\\ret': 'C:\\Users\\HP\\OneDrive\\Documents\\GitHub\\ICTD Lab\\node_modules\\.ret-7AQOenBZ',
221 silly reify   'C:\\Users\\HP\\OneDrive\\Documents\\GitHub\\ICTD Lab\\node_modules\\retry': 'C:\\Users\\HP\\OneDrive\\Documents\\GitHub\\ICTD Lab\\node_modules\\.retry-ISnKcHd2',
221 silly reify   'C:\\Users\\HP\\OneDrive\\Documents\\GitHub\\ICTD Lab\\node_modules\\seq-queue': 'C:\\Users\\HP\\OneDrive\\Documents\\GitHub\\ICTD Lab\\node_modules\\.seq-queue-sICuASMd',
221 silly reify   'C:\\Users\\HP\\OneDrive\\Documents\\GitHub\\ICTD Lab\\node_modules\\simple-update-notifier': 'C:\\Users\\HP\\OneDrive\\Documents\\GitHub\\ICTD Lab\\node_modules\\.simple-update-notifier-uH1rGQCT',
221 silly reify   'C:\\Users\\HP\\OneDrive\\Documents\\GitHub\\ICTD Lab\\node_modules\\split2': 'C:\\Users\\HP\\OneDrive\\Documents\\GitHub\\ICTD Lab\\node_modules\\.split2-0HYlkmOy',
221 silly reify   'C:\\Users\\HP\\OneDrive\\Documents\\GitHub\\ICTD Lab\\node_modules\\sql-formatter': 'C:\\Users\\HP\\OneDrive\\Documents\\GitHub\\ICTD Lab\\node_modules\\.sql-formatter-lPNI0AQ9',
221 silly reify   'C:\\Users\\HP\\OneDrive\\Documents\\GitHub\\ICTD Lab\\node_modules\\sqlstring': 'C:\\Users\\HP\\OneDrive\\Documents\\GitHub\\ICTD Lab\\node_modules\\.sqlstring-eW4Lg0GE',
221 silly reify   'C:\\Users\\HP\\OneDrive\\Documents\\GitHub\\ICTD Lab\\node_modules\\ssf': 'C:\\Users\\HP\\OneDrive\\Documents\\GitHub\\ICTD Lab\\node_modules\\.ssf-Mhig3JvT',
221 silly reify   'C:\\Users\\HP\\OneDrive\\Documents\\GitHub\\ICTD Lab\\node_modules\\std-env': 'C:\\Users\\HP\\OneDrive\\Documents\\GitHub\\ICTD Lab\\node_modules\\.std-env-ywPLOtjk',
221 silly reify   'C:\\Users\\HP\\OneDrive\\Documents\\GitHub\\ICTD Lab\\node_modules\\strip-json-comments': 'C:\\Users\\HP\\OneDrive\\Documents\\GitHub\\ICTD Lab\\node_modules\\.strip-json-comments-vU3bMRve',
221 silly reify   'C:\\Users\\HP\\OneDrive\\Documents\\GitHub\\ICTD Lab\\node_modules\\strnum': 'C:\\Users\\HP\\OneDrive\\Documents\\GitHub\\ICTD Lab\\node_modules\\.strnum-yElv4Kuu',
221 silly reify   'C:\\Users\\HP\\OneDrive\\Documents\\GitHub\\ICTD Lab\\node_modules\\tinyexec': 'C:\\Users\\HP\\OneDrive\\Documents\\GitHub\\ICTD Lab\\node_modules\\.tinyexec-PxTPqefj',
221 silly reify   'C:\\Users\\HP\\OneDrive\\Documents\\GitHub\\ICTD Lab\\node_modules\\touch': 'C:\\Users\\HP\\OneDrive\\Documents\\GitHub\\ICTD Lab\\node_modules\\.touch-bJOhGX3p',
221 silly reify   'C:\\Users\\HP\\OneDrive\\Documents\\GitHub\\ICTD Lab\\node_modules\\ts-node': 'C:\\Users\\HP\\OneDrive\\Documents\\GitHub\\ICTD Lab\\node_modules\\.ts-node-dpblw5sb',
221 silly reify   'C:\\Users\\HP\\OneDrive\\Documents\\GitHub\\ICTD Lab\\node_modules\\ts-node-dev': 'C:\\Users\\HP\\OneDrive\\Documents\\GitHub\\ICTD Lab\\node_modules\\.ts-node-dev-J1IxrQKE',
221 silly reify   'C:\\Users\\HP\\OneDrive\\Documents\\GitHub\\ICTD Lab\\node_modules\\tsconfig': 'C:\\Users\\HP\\OneDrive\\Documents\\GitHub\\ICTD Lab\\node_modules\\.tsconfig-IHKMgEpT',
221 silly reify   'C:\\Users\\HP\\OneDrive\\Documents\\GitHub\\ICTD Lab\\node_modules\\type-is': 'C:\\Users\\HP\\OneDrive\\Documents\\GitHub\\ICTD Lab\\node_modules\\.type-is-GKCJ73Xu',
221 silly reify   'C:\\Users\\HP\\OneDrive\\Documents\\GitHub\\ICTD Lab\\node_modules\\typedarray': 'C:\\Users\\HP\\OneDrive\\Documents\\GitHub\\ICTD Lab\\node_modules\\.typedarray-1bvFksCA',
221 silly reify   'C:\\Users\\HP\\OneDrive\\Documents\\GitHub\\ICTD Lab\\node_modules\\ua-is-frozen': 'C:\\Users\\HP\\OneDrive\\Documents\\GitHub\\ICTD Lab\\node_modules\\.ua-is-frozen-gPUsUXI8',
221 silly reify   'C:\\Users\\HP\\OneDrive\\Documents\\GitHub\\ICTD Lab\\node_modules\\ua-parser-js': 'C:\\Users\\HP\\OneDrive\\Documents\\GitHub\\ICTD Lab\\node_modules\\.ua-parser-js-3s9GEvwT',
221 silly reify   'C:\\Users\\HP\\OneDrive\\Documents\\GitHub\\ICTD Lab\\node_modules\\undefsafe': 'C:\\Users\\HP\\OneDrive\\Documents\\GitHub\\ICTD Lab\\node_modules\\.undefsafe-rBCVcrWy',
221 silly reify   'C:\\Users\\HP\\OneDrive\\Documents\\GitHub\\ICTD Lab\\node_modules\\uuid': 'C:\\Users\\HP\\OneDrive\\Documents\\GitHub\\ICTD Lab\\node_modules\\.uuid-gJbSQFwg',
221 silly reify   'C:\\Users\\HP\\OneDrive\\Documents\\GitHub\\ICTD Lab\\node_modules\\valibot': 'C:\\Users\\HP\\OneDrive\\Documents\\GitHub\\ICTD Lab\\node_modules\\.valibot-gf7sK7sB',
221 silly reify   'C:\\Users\\HP\\OneDrive\\Documents\\GitHub\\ICTD Lab\\node_modules\\winston': 'C:\\Users\\HP\\OneDrive\\Documents\\GitHub\\ICTD Lab\\node_modules\\.winston-OuGokrWU',
221 silly reify   'C:\\Users\\HP\\OneDrive\\Documents\\GitHub\\ICTD Lab\\node_modules\\wmf': 'C:\\Users\\HP\\OneDrive\\Documents\\GitHub\\ICTD Lab\\node_modules\\.wmf-K955bjaS',
221 silly reify   'C:\\Users\\HP\\OneDrive\\Documents\\GitHub\\ICTD Lab\\node_modules\\word': 'C:\\Users\\HP\\OneDrive\\Documents\\GitHub\\ICTD Lab\\node_modules\\.word-hhfuEQ2R',
221 silly reify   'C:\\Users\\HP\\OneDrive\\Documents\\GitHub\\ICTD Lab\\node_modules\\xlsx': 'C:\\Users\\HP\\OneDrive\\Documents\\GitHub\\ICTD Lab\\node_modules\\.xlsx-fkCY7pRQ',
221 silly reify   'C:\\Users\\HP\\OneDrive\\Documents\\GitHub\\ICTD Lab\\node_modules\\zeptomatch': 'C:\\Users\\HP\\OneDrive\\Documents\\GitHub\\ICTD Lab\\node_modules\\.zeptomatch-e7RDJzGt',
221 silly reify   'C:\\Users\\HP\\OneDrive\\Documents\\GitHub\\ICTD Lab\\node_modules\\@aws\\lambda-invoke-store': 'C:\\Users\\HP\\OneDrive\\Documents\\GitHub\\ICTD Lab\\node_modules\\@aws\\.lambda-invoke-store-Q8xaWIie',
221 silly reify   'C:\\Users\\HP\\OneDrive\\Documents\\GitHub\\ICTD Lab\\node_modules\\@aws-sdk\\client-sesv2': 'C:\\Users\\HP\\OneDrive\\Documents\\GitHub\\ICTD Lab\\node_modules\\@aws-sdk\\.client-sesv2-QE07p443',
221 silly reify   'C:\\Users\\HP\\OneDrive\\Documents\\GitHub\\ICTD Lab\\node_modules\\@aws-sdk\\core': 'C:\\Users\\HP\\OneDrive\\Documents\\GitHub\\ICTD Lab\\node_modules\\@aws-sdk\\.core-osZ9uCVb',
221 silly reify   'C:\\Users\\HP\\OneDrive\\Documents\\GitHub\\ICTD Lab\\node_modules\\@aws-sdk\\client-sso': 'C:\\Users\\HP\\OneDrive\\Documents\\GitHub\\ICTD Lab\\node_modules\\@aws-sdk\\.client-sso-2PPB92R2',
221 silly reify   'C:\\Users\\HP\\OneDrive\\Documents\\GitHub\\ICTD Lab\\node_modules\\@aws-sdk\\credential-provider-env': 'C:\\Users\\HP\\OneDrive\\Documents\\GitHub\\ICTD Lab\\node_modules\\@aws-sdk\\.credential-provider-env-t0uw8Hkg',
221 silly reify   'C:\\Users\\HP\\OneDrive\\Documents\\GitHub\\ICTD Lab\\node_modules\\@aws-sdk\\credential-provider-http': 'C:\\Users\\HP\\OneDrive\\Documents\\GitHub\\ICTD Lab\\node_modules\\@aws-sdk\\.credential-provider-http-EfFTZ7DN',
221 silly reify   'C:\\Users\\HP\\OneDrive\\Documents\\GitHub\\ICTD Lab\\node_modules\\@aws-sdk\\credential-provider-ini': 'C:\\Users\\HP\\OneDrive\\Documents\\GitHub\\ICTD Lab\\node_modules\\@aws-sdk\\.credential-provider-ini-C9oNpPuf',
221 silly reify   'C:\\Users\\HP\\OneDrive\\Documents\\GitHub\\ICTD Lab\\node_modules\\@aws-sdk\\credential-provider-login': 'C:\\Users\\HP\\OneDrive\\Documents\\GitHub\\ICTD Lab\\node_modules\\@aws-sdk\\.credential-provider-login-QonwMS7H',
221 silly reify   'C:\\Users\\HP\\OneDrive\\Documents\\GitHub\\ICTD Lab\\node_modules\\@aws-sdk\\credential-provider-node': 'C:\\Users\\HP\\OneDrive\\Documents\\GitHub\\ICTD Lab\\node_modules\\@aws-sdk\\.credential-provider-node-9bqz1OtH',
221 silly reify   'C:\\Users\\HP\\OneDrive\\Documents\\GitHub\\ICTD Lab\\node_modules\\@aws-sdk\\credential-provider-process': 'C:\\Users\\HP\\OneDrive\\Documents\\GitHub\\ICTD Lab\\node_modules\\@aws-sdk\\.credential-provider-process-CYYBRwfT',
221 silly reify   'C:\\Users\\HP\\OneDrive\\Documents\\GitHub\\ICTD Lab\\node_modules\\@aws-sdk\\credential-provider-web-identity': 'C:\\Users\\HP\\OneDrive\\Documents\\GitHub\\ICTD Lab\\node_modules\\@aws-sdk\\.credential-provider-web-identity-rdNMqZ0M',
221 silly reify   'C:\\Users\\HP\\OneDrive\\Documents\\GitHub\\ICTD Lab\\node_modules\\@aws-sdk\\credential-provider-sso': 'C:\\Users\\HP\\OneDrive\\Documents\\GitHub\\ICTD Lab\\node_modules\\@aws-sdk\\.credential-provider-sso-ZVi0gogv',
221 silly reify   'C:\\Users\\HP\\OneDrive\\Documents\\GitHub\\ICTD Lab\\node_modules\\@aws-sdk\\middleware-logger': 'C:\\Users\\HP\\OneDrive\\Documents\\GitHub\\ICTD Lab\\node_modules\\@aws-sdk\\.middleware-logger-vxwhIPds',
221 silly reify   'C:\\Users\\HP\\OneDrive\\Documents\\GitHub\\ICTD Lab\\node_modules\\@aws-sdk\\middleware-host-header': 'C:\\Users\\HP\\OneDrive\\Documents\\GitHub\\ICTD Lab\\node_modules\\@aws-sdk\\.middleware-host-header-Jchyoqmj',
221 silly reify   'C:\\Users\\HP\\OneDrive\\Documents\\GitHub\\ICTD Lab\\node_modules\\@aws-sdk\\middleware-sdk-s3': 'C:\\Users\\HP\\OneDrive\\Documents\\GitHub\\ICTD Lab\\node_modules\\@aws-sdk\\.middleware-sdk-s3-9M0xkvTa',
221 silly reify   'C:\\Users\\HP\\OneDrive\\Documents\\GitHub\\ICTD Lab\\node_modules\\@aws-sdk\\middleware-recursion-detection': 'C:\\Users\\HP\\OneDrive\\Documents\\GitHub\\ICTD Lab\\node_modules\\@aws-sdk\\.middleware-recursion-detection-rZJzHjOL',
221 silly reify   'C:\\Users\\HP\\OneDrive\\Documents\\GitHub\\ICTD Lab\\node_modules\\@aws-sdk\\nested-clients': 'C:\\Users\\HP\\OneDrive\\Documents\\GitHub\\ICTD Lab\\node_modules\\@aws-sdk\\.nested-clients-zo44wojo',
221 silly reify   'C:\\Users\\HP\\OneDrive\\Documents\\GitHub\\ICTD Lab\\node_modules\\@aws-sdk\\middleware-user-agent': 'C:\\Users\\HP\\OneDrive\\Documents\\GitHub\\ICTD Lab\\node_modules\\@aws-sdk\\.middleware-user-agent-3f0z4Fso',
221 silly reify   'C:\\Users\\HP\\OneDrive\\Documents\\GitHub\\ICTD Lab\\node_modules\\@aws-sdk\\signature-v4-multi-region': 'C:\\Users\\HP\\OneDrive\\Documents\\GitHub\\ICTD Lab\\node_modules\\@aws-sdk\\.signature-v4-multi-region-TnA2Z2fH',
221 silly reify   'C:\\Users\\HP\\OneDrive\\Documents\\GitHub\\ICTD Lab\\node_modules\\@aws-sdk\\region-config-resolver': 'C:\\Users\\HP\\OneDrive\\Documents\\GitHub\\ICTD Lab\\node_modules\\@aws-sdk\\.region-config-resolver-yxb4m2v8',
221 silly reify   'C:\\Users\\HP\\OneDrive\\Documents\\GitHub\\ICTD Lab\\node_modules\\@aws-sdk\\token-providers': 'C:\\Users\\HP\\OneDrive\\Documents\\GitHub\\ICTD Lab\\node_modules\\@aws-sdk\\.token-providers-M0SjPRNX',
221 silly reify   'C:\\Users\\HP\\OneDrive\\Documents\\GitHub\\ICTD Lab\\node_modules\\@aws-sdk\\types': 'C:\\Users\\HP\\OneDrive\\Documents\\GitHub\\ICTD Lab\\node_modules\\@aws-sdk\\.types-I2Dw2RM1',
221 silly reify   'C:\\Users\\HP\\OneDrive\\Documents\\GitHub\\ICTD Lab\\node_modules\\@aws-sdk\\util-arn-parser': 'C:\\Users\\HP\\OneDrive\\Documents\\GitHub\\ICTD Lab\\node_modules\\@aws-sdk\\.util-arn-parser-eMs1nUum',
221 silly reify   'C:\\Users\\HP\\OneDrive\\Documents\\GitHub\\ICTD Lab\\node_modules\\@aws-sdk\\util-endpoints': 'C:\\Users\\HP\\OneDrive\\Documents\\GitHub\\ICTD Lab\\node_modules\\@aws-sdk\\.util-endpoints-vnLq7oKc',
221 silly reify   'C:\\Users\\HP\\OneDrive\\Documents\\GitHub\\ICTD Lab\\node_modules\\@aws-sdk\\util-user-agent-browser': 'C:\\Users\\HP\\OneDrive\\Documents\\GitHub\\ICTD Lab\\node_modules\\@aws-sdk\\.util-user-agent-browser-gbe4encS',
221 silly reify   'C:\\Users\\HP\\OneDrive\\Documents\\GitHub\\ICTD Lab\\node_modules\\@aws-sdk\\util-user-agent-node': 'C:\\Users\\HP\\OneDrive\\Documents\\GitHub\\ICTD Lab\\node_modules\\@aws-sdk\\.util-user-agent-node-72i6qm6h',
221 silly reify   'C:\\Users\\HP\\OneDrive\\Documents\\GitHub\\ICTD Lab\\node_modules\\@aws-sdk\\xml-builder': 'C:\\Users\\HP\\OneDrive\\Documents\\GitHub\\ICTD Lab\\node_modules\\@aws-sdk\\.xml-builder-VtRXIC5Z',
221 silly reify   'C:\\Users\\HP\\OneDrive\\Documents\\GitHub\\ICTD Lab\\node_modules\\@aws-sdk\\util-locate-window': 'C:\\Users\\HP\\OneDrive\\Documents\\GitHub\\ICTD Lab\\node_modules\\@aws-sdk\\.util-locate-window-G6cOUYd7',
221 silly reify   'C:\\Users\\HP\\OneDrive\\Documents\\GitHub\\ICTD Lab\\node_modules\\@chevrotain\\gast': 'C:\\Users\\HP\\OneDrive\\Documents\\GitHub\\ICTD Lab\\node_modules\\@chevrotain\\.gast-i94eJtrq',
221 silly reify   'C:\\Users\\HP\\OneDrive\\Documents\\GitHub\\ICTD Lab\\node_modules\\@chevrotain\\utils': 'C:\\Users\\HP\\OneDrive\\Documents\\GitHub\\ICTD Lab\\node_modules\\@chevrotain\\.utils-NLFz96iu',
221 silly reify   'C:\\Users\\HP\\OneDrive\\Documents\\GitHub\\ICTD Lab\\node_modules\\@chevrotain\\types': 'C:\\Users\\HP\\OneDrive\\Documents\\GitHub\\ICTD Lab\\node_modules\\@chevrotain\\.types-bmB6ZKT8',
221 silly reify   'C:\\Users\\HP\\OneDrive\\Documents\\GitHub\\ICTD Lab\\node_modules\\@chevrotain\\cst-dts-gen': 'C:\\Users\\HP\\OneDrive\\Documents\\GitHub\\ICTD Lab\\node_modules\\@chevrotain\\.cst-dts-gen-s0CSutAR',
221 silly reify   'C:\\Users\\HP\\OneDrive\\Documents\\GitHub\\ICTD Lab\\node_modules\\@electric-sql\\pglite': 'C:\\Users\\HP\\OneDrive\\Documents\\GitHub\\ICTD Lab\\node_modules\\@electric-sql\\.pglite-XOV11Aeq',
221 silly reify   'C:\\Users\\HP\\OneDrive\\Documents\\GitHub\\ICTD Lab\\node_modules\\@electric-sql\\pglite-socket': 'C:\\Users\\HP\\OneDrive\\Documents\\GitHub\\ICTD Lab\\node_modules\\@electric-sql\\.pglite-socket-nsL6ZR0O',
221 silly reify   'C:\\Users\\HP\\OneDrive\\Documents\\GitHub\\ICTD Lab\\node_modules\\@electric-sql\\pglite-tools': 'C:\\Users\\HP\\OneDrive\\Documents\\GitHub\\ICTD Lab\\node_modules\\@electric-sql\\.pglite-tools-mFzT3Vxh',
221 silly reify   'C:\\Users\\HP\\OneDrive\\Documents\\GitHub\\ICTD Lab\\node_modules\\@hono\\node-server': 'C:\\Users\\HP\\OneDrive\\Documents\\GitHub\\ICTD Lab\\node_modules\\@hono\\.node-server-uk2BEotg',
221 silly reify   'C:\\Users\\HP\\OneDrive\\Documents\\GitHub\\ICTD Lab\\node_modules\\@prisma\\adapter-pg': 'C:\\Users\\HP\\OneDrive\\Documents\\GitHub\\ICTD Lab\\node_modules\\@prisma\\.adapter-pg-KLhmYvup',
221 silly reify   'C:\\Users\\HP\\OneDrive\\Documents\\GitHub\\ICTD Lab\\node_modules\\@prisma\\client': 'C:\\Users\\HP\\OneDrive\\Documents\\GitHub\\ICTD Lab\\node_modules\\@prisma\\.client-Pl6cnhby',
221 silly reify   'C:\\Users\\HP\\OneDrive\\Documents\\GitHub\\ICTD Lab\\node_modules\\@prisma\\client-runtime-utils': 'C:\\Users\\HP\\OneDrive\\Documents\\GitHub\\ICTD Lab\\node_modules\\@prisma\\.client-runtime-utils-AijJ4HX4',
221 silly reify   'C:\\Users\\HP\\OneDrive\\Documents\\GitHub\\ICTD Lab\\node_modules\\@prisma\\config': 'C:\\Users\\HP\\OneDrive\\Documents\\GitHub\\ICTD Lab\\node_modules\\@prisma\\.config-WpEwSEDV',
221 silly reify   'C:\\Users\\HP\\OneDrive\\Documents\\GitHub\\ICTD Lab\\node_modules\\@prisma\\debug': 'C:\\Users\\HP\\OneDrive\\Documents\\GitHub\\ICTD Lab\\node_modules\\@prisma\\.debug-CS5nZDdo',
221 silly reify   'C:\\Users\\HP\\OneDrive\\Documents\\GitHub\\ICTD Lab\\node_modules\\@prisma\\dev': 'C:\\Users\\HP\\OneDrive\\Documents\\GitHub\\ICTD Lab\\node_modules\\@prisma\\.dev-GxeEm26V',
221 silly reify   'C:\\Users\\HP\\OneDrive\\Documents\\GitHub\\ICTD Lab\\node_modules\\@prisma\\driver-adapter-utils': 'C:\\Users\\HP\\OneDrive\\Documents\\GitHub\\ICTD Lab\\node_modules\\@prisma\\.driver-adapter-utils-IiB8l8gv',
221 silly reify   'C:\\Users\\HP\\OneDrive\\Documents\\GitHub\\ICTD Lab\\node_modules\\@prisma\\engines': 'C:\\Users\\HP\\OneDrive\\Documents\\GitHub\\ICTD Lab\\node_modules\\@prisma\\.engines-l1ThA0sC',
221 silly reify   'C:\\Users\\HP\\OneDrive\\Documents\\GitHub\\ICTD Lab\\node_modules\\@prisma\\engines-version': 'C:\\Users\\HP\\OneDrive\\Documents\\GitHub\\ICTD Lab\\node_modules\\@prisma\\.engines-version-ELm1KhqI',
221 silly reify   'C:\\Users\\HP\\OneDrive\\Documents\\GitHub\\ICTD Lab\\node_modules\\@prisma\\fetch-engine': 'C:\\Users\\HP\\OneDrive\\Documents\\GitHub\\ICTD Lab\\node_modules\\@prisma\\.fetch-engine-7SGWHjt5',
221 silly reify   'C:\\Users\\HP\\OneDrive\\Documents\\GitHub\\ICTD Lab\\node_modules\\@prisma\\get-platform': 'C:\\Users\\HP\\OneDrive\\Documents\\GitHub\\ICTD Lab\\node_modules\\@prisma\\.get-platform-N9LkRY0z',
221 silly reify   'C:\\Users\\HP\\OneDrive\\Documents\\GitHub\\ICTD Lab\\node_modules\\@prisma\\query-plan-executor': 'C:\\Users\\HP\\OneDrive\\Documents\\GitHub\\ICTD Lab\\node_modules\\@prisma\\.query-plan-executor-2fZu8yrG',
221 silly reify   'C:\\Users\\HP\\OneDrive\\Documents\\GitHub\\ICTD Lab\\node_modules\\@prisma\\studio-core': 'C:\\Users\\HP\\OneDrive\\Documents\\GitHub\\ICTD Lab\\node_modules\\@prisma\\.studio-core-aLiAc1xT',
221 silly reify   'C:\\Users\\HP\\OneDrive\\Documents\\GitHub\\ICTD Lab\\node_modules\\@mrleebo\\prisma-ast': 'C:\\Users\\HP\\OneDrive\\Documents\\GitHub\\ICTD Lab\\node_modules\\@mrleebo\\.prisma-ast-ZCB0lolj',
221 silly reify   'C:\\Users\\HP\\OneDrive\\Documents\\GitHub\\ICTD Lab\\node_modules\\@smithy\\abort-controller': 'C:\\Users\\HP\\OneDrive\\Documents\\GitHub\\ICTD Lab\\node_modules\\@smithy\\.abort-controller-CyApmrSC',
221 silly reify   'C:\\Users\\HP\\OneDrive\\Documents\\GitHub\\ICTD Lab\\node_modules\\@smithy\\config-resolver': 'C:\\Users\\HP\\OneDrive\\Documents\\GitHub\\ICTD Lab\\node_modules\\@smithy\\.config-resolver-QWG27Mh8',
221 silly reify   'C:\\Users\\HP\\OneDrive\\Documents\\GitHub\\ICTD Lab\\node_modules\\@smithy\\core': 'C:\\Users\\HP\\OneDrive\\Documents\\GitHub\\ICTD Lab\\node_modules\\@smithy\\.core-0ufVoN8i',
221 silly reify   'C:\\Users\\HP\\OneDrive\\Documents\\GitHub\\ICTD Lab\\node_modules\\@smithy\\credential-provider-imds': 'C:\\Users\\HP\\OneDrive\\Documents\\GitHub\\ICTD Lab\\node_modules\\@smithy\\.credential-provider-imds-uEN9sHsX',
221 silly reify   'C:\\Users\\HP\\OneDrive\\Documents\\GitHub\\ICTD Lab\\node_modules\\@smithy\\fetch-http-handler': 'C:\\Users\\HP\\OneDrive\\Documents\\GitHub\\ICTD Lab\\node_modules\\@smithy\\.fetch-http-handler-aD99NMvt',
221 silly reify   'C:\\Users\\HP\\OneDrive\\Documents\\GitHub\\ICTD Lab\\node_modules\\@smithy\\hash-node': 'C:\\Users\\HP\\OneDrive\\Documents\\GitHub\\ICTD Lab\\node_modules\\@smithy\\.hash-node-7nftgPjy',
221 silly reify   'C:\\Users\\HP\\OneDrive\\Documents\\GitHub\\ICTD Lab\\node_modules\\@smithy\\invalid-dependency': 'C:\\Users\\HP\\OneDrive\\Documents\\GitHub\\ICTD Lab\\node_modules\\@smithy\\.invalid-dependency-pTBQdV3V',
221 silly reify   'C:\\Users\\HP\\OneDrive\\Documents\\GitHub\\ICTD Lab\\node_modules\\@smithy\\middleware-content-length': 'C:\\Users\\HP\\OneDrive\\Documents\\GitHub\\ICTD Lab\\node_modules\\@smithy\\.middleware-content-length-aYOAWGiw',
221 silly reify   'C:\\Users\\HP\\OneDrive\\Documents\\GitHub\\ICTD Lab\\node_modules\\@smithy\\middleware-endpoint': 'C:\\Users\\HP\\OneDrive\\Documents\\GitHub\\ICTD Lab\\node_modules\\@smithy\\.middleware-endpoint-xwhQ3XII',
221 silly reify   'C:\\Users\\HP\\OneDrive\\Documents\\GitHub\\ICTD Lab\\node_modules\\@smithy\\middleware-retry': 'C:\\Users\\HP\\OneDrive\\Documents\\GitHub\\ICTD Lab\\node_modules\\@smithy\\.middleware-retry-rlEHqZXD',
221 silly reify   'C:\\Users\\HP\\OneDrive\\Documents\\GitHub\\ICTD Lab\\node_modules\\@smithy\\middleware-serde': 'C:\\Users\\HP\\OneDrive\\Documents\\GitHub\\ICTD Lab\\node_modules\\@smithy\\.middleware-serde-5Q2hASEw',
221 silly reify   'C:\\Users\\HP\\OneDrive\\Documents\\GitHub\\ICTD Lab\\node_modules\\@smithy\\middleware-stack': 'C:\\Users\\HP\\OneDrive\\Documents\\GitHub\\ICTD Lab\\node_modules\\@smithy\\.middleware-stack-xbTVOu2l',
221 silly reify   'C:\\Users\\HP\\OneDrive\\Documents\\GitHub\\ICTD Lab\\node_modules\\@smithy\\node-config-provider': 'C:\\Users\\HP\\OneDrive\\Documents\\GitHub\\ICTD Lab\\node_modules\\@smithy\\.node-config-provider-inz88fkh',
221 silly reify   'C:\\Users\\HP\\OneDrive\\Documents\\GitHub\\ICTD Lab\\node_modules\\@smithy\\node-http-handler': 'C:\\Users\\HP\\OneDrive\\Documents\\GitHub\\ICTD Lab\\node_modules\\@smithy\\.node-http-handler-r6vLiQv8',
221 silly reify   'C:\\Users\\HP\\OneDrive\\Documents\\GitHub\\ICTD Lab\\node_modules\\@smithy\\property-provider': 'C:\\Users\\HP\\OneDrive\\Documents\\GitHub\\ICTD Lab\\node_modules\\@smithy\\.property-provider-BtwwIvT0',
221 silly reify   'C:\\Users\\HP\\OneDrive\\Documents\\GitHub\\ICTD Lab\\node_modules\\@smithy\\protocol-http': 'C:\\Users\\HP\\OneDrive\\Documents\\GitHub\\ICTD Lab\\node_modules\\@smithy\\.protocol-http-6OeFtxM6',
221 silly reify   'C:\\Users\\HP\\OneDrive\\Documents\\GitHub\\ICTD Lab\\node_modules\\@smithy\\querystring-builder': 'C:\\Users\\HP\\OneDrive\\Documents\\GitHub\\ICTD Lab\\node_modules\\@smithy\\.querystring-builder-LxhPWT29',
221 silly reify   'C:\\Users\\HP\\OneDrive\\Documents\\GitHub\\ICTD Lab\\node_modules\\@smithy\\querystring-parser': 'C:\\Users\\HP\\OneDrive\\Documents\\GitHub\\ICTD Lab\\node_modules\\@smithy\\.querystring-parser-fs2ugul2',
221 silly reify   'C:\\Users\\HP\\OneDrive\\Documents\\GitHub\\ICTD Lab\\node_modules\\@smithy\\service-error-classification': 'C:\\Users\\HP\\OneDrive\\Documents\\GitHub\\ICTD Lab\\node_modules\\@smithy\\.service-error-classification-zmK0C2aE',
221 silly reify   'C:\\Users\\HP\\OneDrive\\Documents\\GitHub\\ICTD Lab\\node_modules\\@smithy\\shared-ini-file-loader': 'C:\\Users\\HP\\OneDrive\\Documents\\GitHub\\ICTD Lab\\node_modules\\@smithy\\.shared-ini-file-loader-PhRuX3wF',
221 silly reify   'C:\\Users\\HP\\OneDrive\\Documents\\GitHub\\ICTD Lab\\node_modules\\@smithy\\smithy-client': 'C:\\Users\\HP\\OneDrive\\Documents\\GitHub\\ICTD Lab\\node_modules\\@smithy\\.smithy-client-bIe9ZURJ',
221 silly reify   'C:\\Users\\HP\\OneDrive\\Documents\\GitHub\\ICTD Lab\\node_modules\\@smithy\\signature-v4': 'C:\\Users\\HP\\OneDrive\\Documents\\GitHub\\ICTD Lab\\node_modules\\@smithy\\.signature-v4-3XdiiNxL',
221 silly reify   'C:\\Users\\HP\\OneDrive\\Documents\\GitHub\\ICTD Lab\\node_modules\\@smithy\\types': 'C:\\Users\\HP\\OneDrive\\Documents\\GitHub\\ICTD Lab\\node_modules\\@smithy\\.types-WPbUDyBP',
221 silly reify   'C:\\Users\\HP\\OneDrive\\Documents\\GitHub\\ICTD Lab\\node_modules\\@smithy\\url-parser': 'C:\\Users\\HP\\OneDrive\\Documents\\GitHub\\ICTD Lab\\node_modules\\@smithy\\.url-parser-kbsUiV1t',
221 silly reify   'C:\\Users\\HP\\OneDrive\\Documents\\GitHub\\ICTD Lab\\node_modules\\@smithy\\util-defaults-mode-browser': 'C:\\Users\\HP\\OneDrive\\Documents\\GitHub\\ICTD Lab\\node_modules\\@smithy\\.util-defaults-mode-browser-drAF20sE',
221 silly reify   'C:\\Users\\HP\\OneDrive\\Documents\\GitHub\\ICTD Lab\\node_modules\\@smithy\\util-defaults-mode-node': 'C:\\Users\\HP\\OneDrive\\Documents\\GitHub\\ICTD Lab\\node_modules\\@smithy\\.util-defaults-mode-node-bcjuzhtV',
221 silly reify   'C:\\Users\\HP\\OneDrive\\Documents\\GitHub\\ICTD Lab\\node_modules\\@smithy\\util-endpoints': 'C:\\Users\\HP\\OneDrive\\Documents\\GitHub\\ICTD Lab\\node_modules\\@smithy\\.util-endpoints-0wUPMFKb',
221 silly reify   'C:\\Users\\HP\\OneDrive\\Documents\\GitHub\\ICTD Lab\\node_modules\\@smithy\\util-middleware': 'C:\\Users\\HP\\OneDrive\\Documents\\GitHub\\ICTD Lab\\node_modules\\@smithy\\.util-middleware-ckdh0QUm',
221 silly reify   'C:\\Users\\HP\\OneDrive\\Documents\\GitHub\\ICTD Lab\\node_modules\\@smithy\\util-retry': 'C:\\Users\\HP\\OneDrive\\Documents\\GitHub\\ICTD Lab\\node_modules\\@smithy\\.util-retry-FmEP6dG2',
221 silly reify   'C:\\Users\\HP\\OneDrive\\Documents\\GitHub\\ICTD Lab\\node_modules\\@smithy\\util-stream': 'C:\\Users\\HP\\OneDrive\\Documents\\GitHub\\ICTD Lab\\node_modules\\@smithy\\.util-stream-Loi6874Y',
221 silly reify   'C:\\Users\\HP\\OneDrive\\Documents\\GitHub\\ICTD Lab\\node_modules\\@types\\bcryptjs': 'C:\\Users\\HP\\OneDrive\\Documents\\GitHub\\ICTD Lab\\node_modules\\@types\\.bcryptjs-mC5gEmG8',
221 silly reify   'C:\\Users\\HP\\OneDrive\\Documents\\GitHub\\ICTD Lab\\node_modules\\@types\\cookie-parser': 'C:\\Users\\HP\\OneDrive\\Documents\\GitHub\\ICTD Lab\\node_modules\\@types\\.cookie-parser-0pDwhhnj',
221 silly reify   'C:\\Users\\HP\\OneDrive\\Documents\\GitHub\\ICTD Lab\\node_modules\\@types\\cors': 'C:\\Users\\HP\\OneDrive\\Documents\\GitHub\\ICTD Lab\\node_modules\\@types\\.cors-bwAZv2Kp',
221 silly reify   'C:\\Users\\HP\\OneDrive\\Documents\\GitHub\\ICTD Lab\\node_modules\\@types\\express-serve-static-core': 'C:\\Users\\HP\\OneDrive\\Documents\\GitHub\\ICTD Lab\\node_modules\\@types\\.express-serve-static-core-RiG59igO',
221 silly reify   'C:\\Users\\HP\\OneDrive\\Documents\\GitHub\\ICTD Lab\\node_modules\\@types\\multer': 'C:\\Users\\HP\\OneDrive\\Documents\\GitHub\\ICTD Lab\\node_modules\\@types\\.multer-0NzF9JOu',
221 silly reify   'C:\\Users\\HP\\OneDrive\\Documents\\GitHub\\ICTD Lab\\node_modules\\@types\\node': 'C:\\Users\\HP\\OneDrive\\Documents\\GitHub\\ICTD Lab\\node_modules\\@types\\.node-bbzhkSCi',
221 silly reify   'C:\\Users\\HP\\OneDrive\\Documents\\GitHub\\ICTD Lab\\node_modules\\@types\\nodemailer': 'C:\\Users\\HP\\OneDrive\\Documents\\GitHub\\ICTD Lab\\node_modules\\@types\\.nodemailer-yaghmLP3',
221 silly reify   'C:\\Users\\HP\\OneDrive\\Documents\\GitHub\\ICTD Lab\\node_modules\\@types\\pg': 'C:\\Users\\HP\\OneDrive\\Documents\\GitHub\\ICTD Lab\\node_modules\\@types\\.pg-4J6Qrfxe',
221 silly reify   'C:\\Users\\HP\\OneDrive\\Documents\\GitHub\\ICTD Lab\\node_modules\\@types\\strip-bom': 'C:\\Users\\HP\\OneDrive\\Documents\\GitHub\\ICTD Lab\\node_modules\\@types\\.strip-bom-vzuybpM5',
221 silly reify   'C:\\Users\\HP\\OneDrive\\Documents\\GitHub\\ICTD Lab\\node_modules\\@types\\strip-json-comments': 'C:\\Users\\HP\\OneDrive\\Documents\\GitHub\\ICTD Lab\\node_modules\\@types\\.strip-json-comments-5TSgCFL5',
221 silly reify   'C:\\Users\\HP\\OneDrive\\Documents\\GitHub\\ICTD Lab\\node_modules\\@types\\uuid': 'C:\\Users\\HP\\OneDrive\\Documents\\GitHub\\ICTD Lab\\node_modules\\@types\\.uuid-tajKleeL',
221 silly reify   'C:\\Users\\HP\\OneDrive\\Documents\\GitHub\\ICTD Lab\\node_modules\\@types\\winston': 'C:\\Users\\HP\\OneDrive\\Documents\\GitHub\\ICTD Lab\\node_modules\\@types\\.winston-Di9hjJTH',
221 silly reify   'C:\\Users\\HP\\OneDrive\\Documents\\GitHub\\ICTD Lab\\node_modules\\acorn': 'C:\\Users\\HP\\OneDrive\\Documents\\GitHub\\ICTD Lab\\node_modules\\.acorn-kHT0VVhl',
221 silly reify   'C:\\Users\\HP\\OneDrive\\Documents\\GitHub\\ICTD Lab\\node_modules\\.bin\\acorn': 'C:\\Users\\HP\\OneDrive\\Documents\\GitHub\\ICTD Lab\\node_modules\\.bin\\.acorn-Swd6Q4bE',
221 silly reify   'C:\\Users\\HP\\OneDrive\\Documents\\GitHub\\ICTD Lab\\node_modules\\.bin\\acorn.cmd': 'C:\\Users\\HP\\OneDrive\\Documents\\GitHub\\ICTD Lab\\node_modules\\.bin\\.acorn.cmd-CBmjbse8',
221 silly reify   'C:\\Users\\HP\\OneDrive\\Documents\\GitHub\\ICTD Lab\\node_modules\\.bin\\acorn.ps1': 'C:\\Users\\HP\\OneDrive\\Documents\\GitHub\\ICTD Lab\\node_modules\\.bin\\.acorn.ps1-qbDeBZ10',
221 silly reify   'C:\\Users\\HP\\OneDrive\\Documents\\GitHub\\ICTD Lab\\node_modules\\bcryptjs': 'C:\\Users\\HP\\OneDrive\\Documents\\GitHub\\ICTD Lab\\node_modules\\.bcryptjs-nAEMLgko',
221 silly reify   'C:\\Users\\HP\\OneDrive\\Documents\\GitHub\\ICTD Lab\\node_modules\\.bin\\bcrypt': 'C:\\Users\\HP\\OneDrive\\Documents\\GitHub\\ICTD Lab\\node_modules\\.bin\\.bcrypt-rSbxDS0W',
221 silly reify   'C:\\Users\\HP\\OneDrive\\Documents\\GitHub\\ICTD Lab\\node_modules\\.bin\\bcrypt.cmd': 'C:\\Users\\HP\\OneDrive\\Documents\\GitHub\\ICTD Lab\\node_modules\\.bin\\.bcrypt.cmd-RVrPfRFO',
221 silly reify   'C:\\Users\\HP\\OneDrive\\Documents\\GitHub\\ICTD Lab\\node_modules\\.bin\\bcrypt.ps1': 'C:\\Users\\HP\\OneDrive\\Documents\\GitHub\\ICTD Lab\\node_modules\\.bin\\.bcrypt.ps1-olIo3K3q',
221 silly reify   'C:\\Users\\HP\\OneDrive\\Documents\\GitHub\\ICTD Lab\\node_modules\\esbuild': 'C:\\Users\\HP\\OneDrive\\Documents\\GitHub\\ICTD Lab\\node_modules\\.esbuild-eDLank9X',
221 silly reify   'C:\\Users\\HP\\OneDrive\\Documents\\GitHub\\ICTD Lab\\node_modules\\.bin\\esbuild': 'C:\\Users\\HP\\OneDrive\\Documents\\GitHub\\ICTD Lab\\node_modules\\.bin\\.esbuild-t19nZNiJ',
221 silly reify   'C:\\Users\\HP\\OneDrive\\Documents\\GitHub\\ICTD Lab\\node_modules\\.bin\\esbuild.cmd': 'C:\\Users\\HP\\OneDrive\\Documents\\GitHub\\ICTD Lab\\node_modules\\.bin\\.esbuild.cmd-CV1YrInM',
221 silly reify   'C:\\Users\\HP\\OneDrive\\Documents\\GitHub\\ICTD Lab\\node_modules\\.bin\\esbuild.ps1': 'C:\\Users\\HP\\OneDrive\\Documents\\GitHub\\ICTD Lab\\node_modules\\.bin\\.esbuild.ps1-GcILmu1l',
221 silly reify   'C:\\Users\\HP\\OneDrive\\Documents\\GitHub\\ICTD Lab\\node_modules\\fast-xml-parser': 'C:\\Users\\HP\\OneDrive\\Documents\\GitHub\\ICTD Lab\\node_modules\\.fast-xml-parser-nhJ3cXoO',
221 silly reify   'C:\\Users\\HP\\OneDrive\\Documents\\GitHub\\ICTD Lab\\node_modules\\.bin\\fxparser': 'C:\\Users\\HP\\OneDrive\\Documents\\GitHub\\ICTD Lab\\node_modules\\.bin\\.fxparser-fjItOPGs',
221 silly reify   'C:\\Users\\HP\\OneDrive\\Documents\\GitHub\\ICTD Lab\\node_modules\\.bin\\fxparser.cmd': 'C:\\Users\\HP\\OneDrive\\Documents\\GitHub\\ICTD Lab\\node_modules\\.bin\\.fxparser.cmd-UY8e81VE',
221 silly reify   'C:\\Users\\HP\\OneDrive\\Documents\\GitHub\\ICTD Lab\\node_modules\\.bin\\fxparser.ps1': 'C:\\Users\\HP\\OneDrive\\Documents\\GitHub\\ICTD Lab\\node_modules\\.bin\\.fxparser.ps1-52U3QCMS',
221 silly reify   'C:\\Users\\HP\\OneDrive\\Documents\\GitHub\\ICTD Lab\\node_modules\\jiti': 'C:\\Users\\HP\\OneDrive\\Documents\\GitHub\\ICTD Lab\\node_modules\\.jiti-nxdTgbeq',
221 silly reify   'C:\\Users\\HP\\OneDrive\\Documents\\GitHub\\ICTD Lab\\node_modules\\.bin\\jiti': 'C:\\Users\\HP\\OneDrive\\Documents\\GitHub\\ICTD Lab\\node_modules\\.bin\\.jiti-U6qi9XXS',
221 silly reify   'C:\\Users\\HP\\OneDrive\\Documents\\GitHub\\ICTD Lab\\node_modules\\.bin\\jiti.cmd': 'C:\\Users\\HP\\OneDrive\\Documents\\GitHub\\ICTD Lab\\node_modules\\.bin\\.jiti.cmd-8DLA2zG0',
221 silly reify   'C:\\Users\\HP\\OneDrive\\Documents\\GitHub\\ICTD Lab\\node_modules\\.bin\\jiti.ps1': 'C:\\Users\\HP\\OneDrive\\Documents\\GitHub\\ICTD Lab\\node_modules\\.bin\\.jiti.ps1-IAszU2NA',
221 silly reify   'C:\\Users\\HP\\OneDrive\\Documents\\GitHub\\ICTD Lab\\node_modules\\mkdirp': 'C:\\Users\\HP\\OneDrive\\Documents\\GitHub\\ICTD Lab\\node_modules\\.mkdirp-b39Q2Xhe',
221 silly reify   'C:\\Users\\HP\\OneDrive\\Documents\\GitHub\\ICTD Lab\\node_modules\\.bin\\mkdirp': 'C:\\Users\\HP\\OneDrive\\Documents\\GitHub\\ICTD Lab\\node_modules\\.bin\\.mkdirp-ouVfU5nf',
221 silly reify   'C:\\Users\\HP\\OneDrive\\Documents\\GitHub\\ICTD Lab\\node_modules\\.bin\\mkdirp.cmd': 'C:\\Users\\HP\\OneDrive\\Documents\\GitHub\\ICTD Lab\\node_modules\\.bin\\.mkdirp.cmd-x3qAztos',
221 silly reify   'C:\\Users\\HP\\OneDrive\\Documents\\GitHub\\ICTD Lab\\node_modules\\.bin\\mkdirp.ps1': 'C:\\Users\\HP\\OneDrive\\Documents\\GitHub\\ICTD Lab\\node_modules\\.bin\\.mkdirp.ps1-k2UkZfgx',
221 silly reify   'C:\\Users\\HP\\OneDrive\\Documents\\GitHub\\ICTD Lab\\node_modules\\resolve': 'C:\\Users\\HP\\OneDrive\\Documents\\GitHub\\ICTD Lab\\node_modules\\.resolve-BXOASJ5B',
221 silly reify   'C:\\Users\\HP\\OneDrive\\Documents\\GitHub\\ICTD Lab\\node_modules\\.bin\\resolve': 'C:\\Users\\HP\\OneDrive\\Documents\\GitHub\\ICTD Lab\\node_modules\\.bin\\.resolve-KopxhSKz',
221 silly reify   'C:\\Users\\HP\\OneDrive\\Documents\\GitHub\\ICTD Lab\\node_modules\\.bin\\resolve.cmd': 'C:\\Users\\HP\\OneDrive\\Documents\\GitHub\\ICTD Lab\\node_modules\\.bin\\.resolve.cmd-fYeNfmPt',
221 silly reify   'C:\\Users\\HP\\OneDrive\\Documents\\GitHub\\ICTD Lab\\node_modules\\.bin\\resolve.ps1': 'C:\\Users\\HP\\OneDrive\\Documents\\GitHub\\ICTD Lab\\node_modules\\.bin\\.resolve.ps1-hs6lMHGE',
221 silly reify   'C:\\Users\\HP\\OneDrive\\Documents\\GitHub\\ICTD Lab\\node_modules\\rimraf': 'C:\\Users\\HP\\OneDrive\\Documents\\GitHub\\ICTD Lab\\node_modules\\.rimraf-V5yuF9Jx',
221 silly reify   'C:\\Users\\HP\\OneDrive\\Documents\\GitHub\\ICTD Lab\\node_modules\\.bin\\rimraf': 'C:\\Users\\HP\\OneDrive\\Documents\\GitHub\\ICTD Lab\\node_modules\\.bin\\.rimraf-9nxHSkYn',
221 silly reify   'C:\\Users\\HP\\OneDrive\\Documents\\GitHub\\ICTD Lab\\node_modules\\.bin\\rimraf.cmd': 'C:\\Users\\HP\\OneDrive\\Documents\\GitHub\\ICTD Lab\\node_modules\\.bin\\.rimraf.cmd-entHKx9z',
221 silly reify   'C:\\Users\\HP\\OneDrive\\Documents\\GitHub\\ICTD Lab\\node_modules\\.bin\\rimraf.ps1': 'C:\\Users\\HP\\OneDrive\\Documents\\GitHub\\ICTD Lab\\node_modules\\.bin\\.rimraf.ps1-6YbbNYqk',
221 silly reify   'C:\\Users\\HP\\OneDrive\\Documents\\GitHub\\ICTD Lab\\node_modules\\semver': 'C:\\Users\\HP\\OneDrive\\Documents\\GitHub\\ICTD Lab\\node_modules\\.semver-tuzzp3He',
221 silly reify   'C:\\Users\\HP\\OneDrive\\Documents\\GitHub\\ICTD Lab\\node_modules\\.bin\\semver': 'C:\\Users\\HP\\OneDrive\\Documents\\GitHub\\ICTD Lab\\node_modules\\.bin\\.semver-vEdL3YKp',
221 silly reify   'C:\\Users\\HP\\OneDrive\\Documents\\GitHub\\ICTD Lab\\node_modules\\.bin\\semver.cmd': 'C:\\Users\\HP\\OneDrive\\Documents\\GitHub\\ICTD Lab\\node_modules\\.bin\\.semver.cmd-Dr2MGGFC',
221 silly reify   'C:\\Users\\HP\\OneDrive\\Documents\\GitHub\\ICTD Lab\\node_modules\\.bin\\semver.ps1': 'C:\\Users\\HP\\OneDrive\\Documents\\GitHub\\ICTD Lab\\node_modules\\.bin\\.semver.ps1-74OV89md',
221 silly reify   'C:\\Users\\HP\\OneDrive\\Documents\\GitHub\\ICTD Lab\\node_modules\\tree-kill': 'C:\\Users\\HP\\OneDrive\\Documents\\GitHub\\ICTD Lab\\node_modules\\.tree-kill-j6dvXU0z',
221 silly reify   'C:\\Users\\HP\\OneDrive\\Documents\\GitHub\\ICTD Lab\\node_modules\\.bin\\tree-kill': 'C:\\Users\\HP\\OneDrive\\Documents\\GitHub\\ICTD Lab\\node_modules\\.bin\\.tree-kill-3HGvSupQ',
221 silly reify   'C:\\Users\\HP\\OneDrive\\Documents\\GitHub\\ICTD Lab\\node_modules\\.bin\\tree-kill.cmd': 'C:\\Users\\HP\\OneDrive\\Documents\\GitHub\\ICTD Lab\\node_modules\\.bin\\.tree-kill.cmd-kStyAZoY',
221 silly reify   'C:\\Users\\HP\\OneDrive\\Documents\\GitHub\\ICTD Lab\\node_modules\\.bin\\tree-kill.ps1': 'C:\\Users\\HP\\OneDrive\\Documents\\GitHub\\ICTD Lab\\node_modules\\.bin\\.tree-kill.ps1-6XJ09r3i',
221 silly reify   'C:\\Users\\HP\\OneDrive\\Documents\\GitHub\\ICTD Lab\\node_modules\\tsx': 'C:\\Users\\HP\\OneDrive\\Documents\\GitHub\\ICTD Lab\\node_modules\\.tsx-70c6l2W6',
221 silly reify   'C:\\Users\\HP\\OneDrive\\Documents\\GitHub\\ICTD Lab\\node_modules\\.bin\\tsx': 'C:\\Users\\HP\\OneDrive\\Documents\\GitHub\\ICTD Lab\\node_modules\\.bin\\.tsx-VqaFQ8wq',
221 silly reify   'C:\\Users\\HP\\OneDrive\\Documents\\GitHub\\ICTD Lab\\node_modules\\.bin\\tsx.cmd': 'C:\\Users\\HP\\OneDrive\\Documents\\GitHub\\ICTD Lab\\node_modules\\.bin\\.tsx.cmd-1kIvtZga',
221 silly reify   'C:\\Users\\HP\\OneDrive\\Documents\\GitHub\\ICTD Lab\\node_modules\\.bin\\tsx.ps1': 'C:\\Users\\HP\\OneDrive\\Documents\\GitHub\\ICTD Lab\\node_modules\\.bin\\.tsx.ps1-FVThfNZX',
221 silly reify   'C:\\Users\\HP\\OneDrive\\Documents\\GitHub\\ICTD Lab\\node_modules\\typescript': 'C:\\Users\\HP\\OneDrive\\Documents\\GitHub\\ICTD Lab\\node_modules\\.typescript-hzUmNj6D',
221 silly reify   'C:\\Users\\HP\\OneDrive\\Documents\\GitHub\\ICTD Lab\\node_modules\\.bin\\tsc': 'C:\\Users\\HP\\OneDrive\\Documents\\GitHub\\ICTD Lab\\node_modules\\.bin\\.tsc-wsGo2z2Z',
221 silly reify   'C:\\Users\\HP\\OneDrive\\Documents\\GitHub\\ICTD Lab\\node_modules\\.bin\\tsc.cmd': 'C:\\Users\\HP\\OneDrive\\Documents\\GitHub\\ICTD Lab\\node_modules\\.bin\\.tsc.cmd-Mo0cHhi3',
221 silly reify   'C:\\Users\\HP\\OneDrive\\Documents\\GitHub\\ICTD Lab\\node_modules\\.bin\\tsc.ps1': 'C:\\Users\\HP\\OneDrive\\Documents\\GitHub\\ICTD Lab\\node_modules\\.bin\\.tsc.ps1-WJGeHWM6',
221 silly reify   'C:\\Users\\HP\\OneDrive\\Documents\\GitHub\\ICTD Lab\\node_modules\\.bin\\tsserver': 'C:\\Users\\HP\\OneDrive\\Documents\\GitHub\\ICTD Lab\\node_modules\\.bin\\.tsserver-0OwyJdSy',
221 silly reify   'C:\\Users\\HP\\OneDrive\\Documents\\GitHub\\ICTD Lab\\node_modules\\.bin\\tsserver.cmd': 'C:\\Users\\HP\\OneDrive\\Documents\\GitHub\\ICTD Lab\\node_modules\\.bin\\.tsserver.cmd-bi4QhKSy',
221 silly reify   'C:\\Users\\HP\\OneDrive\\Documents\\GitHub\\ICTD Lab\\node_modules\\.bin\\tsserver.ps1': 'C:\\Users\\HP\\OneDrive\\Documents\\GitHub\\ICTD Lab\\node_modules\\.bin\\.tsserver.ps1-khEMo9Ff',
221 silly reify   'C:\\Users\\HP\\OneDrive\\Documents\\GitHub\\ICTD Lab\\node_modules\\which': 'C:\\Users\\HP\\OneDrive\\Documents\\GitHub\\ICTD Lab\\node_modules\\.which-RNiThT4V',
221 silly reify   'C:\\Users\\HP\\OneDrive\\Documents\\GitHub\\ICTD Lab\\node_modules\\.bin\\node-which': 'C:\\Users\\HP\\OneDrive\\Documents\\GitHub\\ICTD Lab\\node_modules\\.bin\\.node-which-tP6xgXo2',
221 silly reify   'C:\\Users\\HP\\OneDrive\\Documents\\GitHub\\ICTD Lab\\node_modules\\.bin\\node-which.cmd': 'C:\\Users\\HP\\OneDrive\\Documents\\GitHub\\ICTD Lab\\node_modules\\.bin\\.node-which.cmd-sYTGxh7P',
221 silly reify   'C:\\Users\\HP\\OneDrive\\Documents\\GitHub\\ICTD Lab\\node_modules\\.bin\\node-which.ps1': 'C:\\Users\\HP\\OneDrive\\Documents\\GitHub\\ICTD Lab\\node_modules\\.bin\\.node-which.ps1-07FnfEIr'
221 silly reify }
222 silly audit bulk request {
222 silly audit   '@aws-crypto/sha256-browser': [ '5.2.0' ],
222 silly audit   '@smithy/is-array-buffer': [ '2.2.0', '4.2.0' ],
222 silly audit   '@smithy/util-buffer-from': [ '2.2.0', '4.2.0' ],
222 silly audit   '@smithy/util-utf8': [ '2.3.0', '4.2.0' ],
222 silly audit   '@aws-crypto/sha256-js': [ '5.2.0' ],
222 silly audit   '@aws-crypto/supports-web-crypto': [ '5.2.0' ],
222 silly audit   '@aws-crypto/util': [ '5.2.0' ],
222 silly audit   '@aws-sdk/client-sesv2': [ '3.971.0' ],
222 silly audit   '@aws-sdk/client-sso': [ '3.971.0' ],
222 silly audit   '@aws-sdk/core': [ '3.970.0' ],
222 silly audit   '@aws-sdk/credential-provider-env': [ '3.970.0' ],
222 silly audit   '@aws-sdk/credential-provider-http': [ '3.970.0' ],
222 silly audit   '@aws-sdk/credential-provider-ini': [ '3.971.0' ],
222 silly audit   '@aws-sdk/credential-provider-login': [ '3.971.0' ],
222 silly audit   '@aws-sdk/credential-provider-node': [ '3.971.0' ],
222 silly audit   '@aws-sdk/credential-provider-process': [ '3.970.0' ],
222 silly audit   '@aws-sdk/credential-provider-sso': [ '3.971.0' ],
222 silly audit   '@aws-sdk/credential-provider-web-identity': [ '3.971.0' ],
222 silly audit   '@aws-sdk/middleware-host-header': [ '3.969.0' ],
222 silly audit   '@aws-sdk/middleware-logger': [ '3.969.0' ],
222 silly audit   '@aws-sdk/middleware-recursion-detection': [ '3.969.0' ],
222 silly audit   '@aws-sdk/middleware-sdk-s3': [ '3.970.0' ],
222 silly audit   '@aws-sdk/middleware-user-agent': [ '3.970.0' ],
222 silly audit   '@aws-sdk/nested-clients': [ '3.971.0' ],
222 silly audit   '@aws-sdk/region-config-resolver': [ '3.969.0' ],
222 silly audit   '@aws-sdk/signature-v4-multi-region': [ '3.970.0' ],
222 silly audit   '@aws-sdk/token-providers': [ '3.971.0' ],
222 silly audit   '@aws-sdk/types': [ '3.969.0' ],
222 silly audit   '@aws-sdk/util-arn-parser': [ '3.968.0' ],
222 silly audit   '@aws-sdk/util-endpoints': [ '3.970.0' ],
222 silly audit   '@aws-sdk/util-locate-window': [ '3.965.2' ],
222 silly audit   '@aws-sdk/util-user-agent-browser': [ '3.969.0' ],
222 silly audit   '@aws-sdk/util-user-agent-node': [ '3.971.0' ],
222 silly audit   '@aws-sdk/xml-builder': [ '3.969.0' ],
222 silly audit   '@aws/lambda-invoke-store': [ '0.2.3' ],
222 silly audit   '@chevrotain/cst-dts-gen': [ '10.5.0' ],
222 silly audit   '@chevrotain/gast': [ '10.5.0' ],
222 silly audit   '@chevrotain/types': [ '10.5.0' ],
222 silly audit   '@chevrotain/utils': [ '10.5.0' ],
222 silly audit   '@colors/colors': [ '1.6.0' ],
222 silly audit   '@cspotcode/source-map-support': [ '0.8.1' ],
222 silly audit   '@dabh/diagnostics': [ '2.0.8' ],
222 silly audit   '@electric-sql/pglite': [ '0.3.15' ],
222 silly audit   '@electric-sql/pglite-socket': [ '0.0.20' ],
222 silly audit   '@electric-sql/pglite-tools': [ '0.2.20' ],
222 silly audit   '@esbuild/aix-ppc64': [ '0.27.2' ],
222 silly audit   '@esbuild/android-arm': [ '0.27.2' ],
222 silly audit   '@esbuild/android-arm64': [ '0.27.2' ],
222 silly audit   '@esbuild/android-x64': [ '0.27.2' ],
222 silly audit   '@esbuild/darwin-arm64': [ '0.27.2' ],
222 silly audit   '@esbuild/darwin-x64': [ '0.27.2' ],
222 silly audit   '@esbuild/freebsd-arm64': [ '0.27.2' ],
222 silly audit   '@esbuild/freebsd-x64': [ '0.27.2' ],
222 silly audit   '@esbuild/linux-arm': [ '0.27.2' ],
222 silly audit   '@esbuild/linux-arm64': [ '0.27.2' ],
222 silly audit   '@esbuild/linux-ia32': [ '0.27.2' ],
222 silly audit   '@esbuild/linux-loong64': [ '0.27.2' ],
222 silly audit   '@esbuild/linux-mips64el': [ '0.27.2' ],
222 silly audit   '@esbuild/linux-ppc64': [ '0.27.2' ],
222 silly audit   '@esbuild/linux-riscv64': [ '0.27.2' ],
222 silly audit   '@esbuild/linux-s390x': [ '0.27.2' ],
222 silly audit   '@esbuild/linux-x64': [ '0.27.2' ],
222 silly audit   '@esbuild/netbsd-arm64': [ '0.27.2' ],
222 silly audit   '@esbuild/netbsd-x64': [ '0.27.2' ],
222 silly audit   '@esbuild/openbsd-arm64': [ '0.27.2' ],
222 silly audit   '@esbuild/openbsd-x64': [ '0.27.2' ],
222 silly audit   '@esbuild/openharmony-arm64': [ '0.27.2' ],
222 silly audit   '@esbuild/sunos-x64': [ '0.27.2' ],
222 silly audit   '@esbuild/win32-arm64': [ '0.27.2' ],
222 silly audit   '@esbuild/win32-ia32': [ '0.27.2' ],
222 silly audit   '@esbuild/win32-x64': [ '0.27.2' ],
222 silly audit   '@hono/node-server': [ '1.19.9' ],
222 silly audit   '@jridgewell/resolve-uri': [ '3.1.2' ],
222 silly audit   '@jridgewell/sourcemap-codec': [ '1.5.5' ],
222 silly audit   '@jridgewell/trace-mapping': [ '0.3.9' ],
222 silly audit   '@mrleebo/prisma-ast': [ '0.13.1' ],
222 silly audit   '@prisma/adapter-pg': [ '7.2.0' ],
222 silly audit   'postgres-array': [ '3.0.4', '2.0.0' ],
222 silly audit   '@prisma/client': [ '7.4.1' ],
222 silly audit   '@prisma/client-runtime-utils': [ '7.4.1' ],
222 silly audit   '@prisma/config': [ '7.4.1' ],
222 silly audit   '@prisma/debug': [ '7.2.0', '7.4.1' ],
222 silly audit   '@prisma/dev': [ '0.20.0' ],
222 silly audit   '@prisma/driver-adapter-utils': [ '7.2.0' ],
222 silly audit   '@prisma/engines': [ '7.4.1' ],
222 silly audit   '@prisma/engines-version': [ '7.5.0-4.55ae170b1ced7fc6ed07a15f110549408c501bb3' ],
222 silly audit   '@prisma/get-platform': [ '7.4.1', '7.2.0' ],
222 silly audit   '@prisma/fetch-engine': [ '7.4.1' ],
222 silly audit   '@prisma/query-plan-executor': [ '7.2.0' ],
222 silly audit   '@prisma/studio-core': [ '0.13.1' ],
222 silly audit   '@smithy/abort-controller': [ '4.2.8' ],
222 silly audit   '@smithy/config-resolver': [ '4.4.6' ],
222 silly audit   '@smithy/core': [ '3.20.7' ],
222 silly audit   '@smithy/credential-provider-imds': [ '4.2.8' ],
222 silly audit   '@smithy/fetch-http-handler': [ '5.3.9' ],
222 silly audit   '@smithy/hash-node': [ '4.2.8' ],
222 silly audit   '@smithy/invalid-dependency': [ '4.2.8' ],
222 silly audit   '@smithy/middleware-content-length': [ '4.2.8' ],
222 silly audit   '@smithy/middleware-endpoint': [ '4.4.8' ],
222 silly audit   '@smithy/middleware-retry': [ '4.4.24' ],
222 silly audit   '@smithy/middleware-serde': [ '4.2.9' ],
222 silly audit   '@smithy/middleware-stack': [ '4.2.8' ],
222 silly audit   '@smithy/node-config-provider': [ '4.3.8' ],
222 silly audit   '@smithy/node-http-handler': [ '4.4.8' ],
222 silly audit   '@smithy/property-provider': [ '4.2.8' ],
222 silly audit   '@smithy/protocol-http': [ '5.3.8' ],
222 silly audit   '@smithy/querystring-builder': [ '4.2.8' ],
222 silly audit   '@smithy/querystring-parser': [ '4.2.8' ],
222 silly audit   '@smithy/service-error-classification': [ '4.2.8' ],
222 silly audit   '@smithy/shared-ini-file-loader': [ '4.4.3' ],
222 silly audit   '@smithy/signature-v4': [ '5.3.8' ],
222 silly audit   '@smithy/smithy-client': [ '4.10.9' ],
222 silly audit   '@smithy/types': [ '4.12.0' ],
222 silly audit   '@smithy/url-parser': [ '4.2.8' ],
222 silly audit   '@smithy/util-base64': [ '4.3.0' ],
222 silly audit   '@smithy/util-body-length-browser': [ '4.2.0' ],
222 silly audit   '@smithy/util-body-length-node': [ '4.2.1' ],
222 silly audit   '@smithy/util-config-provider': [ '4.2.0' ],
222 silly audit   '@smithy/util-defaults-mode-browser': [ '4.3.23' ],
222 silly audit   '@smithy/util-defaults-mode-node': [ '4.2.26' ],
222 silly audit   '@smithy/util-endpoints': [ '3.2.8' ],
222 silly audit   '@smithy/util-hex-encoding': [ '4.2.0' ],
222 silly audit   '@smithy/util-middleware': [ '4.2.8' ],
222 silly audit   '@smithy/util-retry': [ '4.2.8' ],
222 silly audit   '@smithy/util-stream': [ '4.5.10' ],
222 silly audit   '@smithy/util-uri-escape': [ '4.2.0' ],
222 silly audit   '@smithy/uuid': [ '1.1.0' ],
222 silly audit   '@so-ric/colorspace': [ '1.1.6' ],
222 silly audit   '@standard-schema/spec': [ '1.1.0' ],
222 silly audit   '@tsconfig/node10': [ '1.0.12' ],
222 silly audit   '@tsconfig/node12': [ '1.0.11' ],
222 silly audit   '@tsconfig/node14': [ '1.0.3' ],
222 silly audit   '@tsconfig/node16': [ '1.0.4' ],
222 silly audit   '@types/bcryptjs': [ '2.4.6' ],
222 silly audit   '@types/body-parser': [ '1.19.6' ],
222 silly audit   '@types/connect': [ '3.4.38' ],
222 silly audit   '@types/cookie-parser': [ '1.4.10' ],
222 silly audit   '@types/cors': [ '2.8.19' ],
222 silly audit   '@types/express': [ '5.0.6' ],
222 silly audit   '@types/express-serve-static-core': [ '5.1.0' ],
222 silly audit   '@types/http-errors': [ '2.0.5' ],
222 silly audit   '@types/jsonwebtoken': [ '9.0.10' ],
222 silly audit   '@types/ms': [ '2.1.0' ],
222 silly audit   '@types/multer': [ '2.0.0' ],
222 silly audit   '@types/node': [ '25.0.5' ],
222 silly audit   '@types/nodemailer': [ '7.0.5' ],
222 silly audit   '@types/pg': [ '8.16.0' ],
222 silly audit   '@types/qs': [ '6.14.0' ],
222 silly audit   '@types/range-parser': [ '1.2.7' ],
222 silly audit   '@types/react': [ '19.2.14' ],
222 silly audit   '@types/send': [ '1.2.1' ],
222 silly audit   '@types/serve-static': [ '2.2.0' ],
222 silly audit   '@types/strip-bom': [ '3.0.0' ],
222 silly audit   '@types/strip-json-comments': [ '0.0.30' ],
222 silly audit   '@types/triple-beam': [ '1.3.5' ],
222 silly audit   '@types/uuid': [ '10.0.0' ],
222 silly audit   '@types/winston': [ '2.4.4' ],
222 silly audit   accepts: [ '2.0.0' ],
222 silly audit   acorn: [ '8.15.0' ],
222 silly audit   'acorn-walk': [ '8.3.4' ],
222 silly audit   'adler-32': [ '1.3.1' ],
222 silly audit   anymatch: [ '3.1.3' ],
222 silly audit   'append-field': [ '1.0.0' ],
222 silly audit   arg: [ '4.1.3' ],
222 silly audit   argparse: [ '2.0.1' ],
222 silly audit   async: [ '3.2.6' ],
222 silly audit   asynckit: [ '0.4.0' ],
222 silly audit   'aws-ssl-profiles': [ '1.1.2' ],
222 silly audit   axios: [ '1.13.6' ],
222 silly audit   'balanced-match': [ '1.0.2' ],
222 silly audit   bcryptjs: [ '3.0.3' ],
222 silly audit   'binary-extensions': [ '2.3.0' ],
222 silly audit   'body-parser': [ '2.2.2' ],
222 silly audit   bowser: [ '2.13.1' ],
222 silly audit   'brace-expansion': [ '1.1.12' ],
222 silly audit   braces: [ '3.0.3' ],
222 silly audit   'buffer-equal-constant-time': [ '1.0.1' ],
222 silly audit   'buffer-from': [ '1.1.2' ],
222 silly audit   busboy: [ '1.6.0' ],
222 silly audit   bytes: [ '3.1.2' ],
222 silly audit   c12: [ '3.1.0' ],
222 silly audit   dotenv: [ '16.6.1', '17.2.3' ],
222 silly audit   'call-bind-apply-helpers': [ '1.0.2' ],
222 silly audit   'call-bound': [ '1.0.4' ],
222 silly audit   cfb: [ '1.2.2' ],
222 silly audit   chevrotain: [ '10.5.0' ],
222 silly audit   chokidar: [ '4.0.3', '3.6.0' ],
222 silly audit   citty: [ '0.1.6', '0.2.1' ],
222 silly audit   cloudinary: [ '1.41.3' ],
222 silly audit   'cloudinary-core': [ '2.14.0' ],
222 silly audit   codepage: [ '1.15.0' ],
222 silly audit   color: [ '5.0.3' ],
222 silly audit   'color-convert': [ '3.1.3' ],
222 silly audit   'color-name': [ '2.1.0' ],
222 silly audit   'color-string': [ '2.1.4' ],
222 silly audit   'combined-stream': [ '1.0.8' ],
222 silly audit   commander: [ '2.20.3' ],
222 silly audit   'concat-map': [ '0.0.1' ],
222 silly audit   'concat-stream': [ '2.0.0' ],
222 silly audit   confbox: [ '0.2.4' ],
222 silly audit   consola: [ '3.4.2' ],
222 silly audit   'content-disposition': [ '1.0.1' ],
222 silly audit   'content-type': [ '1.0.5' ],
222 silly audit   cookie: [ '0.7.2' ],
222 silly audit   'cookie-parser': [ '1.4.7' ],
222 silly audit   'cookie-signature': [ '1.0.6', '1.2.2' ],
222 silly audit   'core-js': [ '3.48.0' ],
222 silly audit   cors: [ '2.8.5' ],
222 silly audit   'crc-32': [ '1.2.2' ],
222 silly audit   'create-require': [ '1.1.1' ],
222 silly audit   'cross-spawn': [ '7.0.6' ],
222 silly audit   csstype: [ '3.2.3' ],
222 silly audit   debug: [ '4.4.3' ],
222 silly audit   'deepmerge-ts': [ '7.1.5' ],
222 silly audit   defu: [ '6.1.4' ],
222 silly audit   'delayed-stream': [ '1.0.0' ],
222 silly audit   denque: [ '2.1.0' ],
222 silly audit   depd: [ '2.0.0' ],
222 silly audit   destr: [ '2.0.5' ],
222 silly audit   'detect-europe-js': [ '0.1.2' ],
222 silly audit   diff: [ '4.0.2' ],
222 silly audit   'discontinuous-range': [ '1.0.0' ],
222 silly audit   'dunder-proto': [ '1.0.1' ],
222 silly audit   'dynamic-dedupe': [ '0.3.0' ],
222 silly audit   'ecdsa-sig-formatter': [ '1.0.11' ],
222 silly audit   'ee-first': [ '1.1.1' ],
222 silly audit   effect: [ '3.18.4' ],
222 silly audit   empathic: [ '2.0.0' ],
222 silly audit   enabled: [ '2.0.0' ],
222 silly audit   encodeurl: [ '2.0.0' ],
222 silly audit   'es-define-property': [ '1.0.1' ],
222 silly audit   'es-errors': [ '1.3.0' ],
222 silly audit   'es-object-atoms': [ '1.1.1' ],
222 silly audit   'es-set-tostringtag': [ '2.1.0' ],
222 silly audit   esbuild: [ '0.27.2' ],
222 silly audit   'escape-html': [ '1.0.3' ],
222 silly audit   etag: [ '1.8.1' ],
222 silly audit   express: [ '5.2.1' ],
222 silly audit   exsolve: [ '1.0.8' ],
222 silly audit   'fast-check': [ '3.23.2' ],
222 silly audit   'fast-xml-parser': [ '5.2.5' ],
222 silly audit   fecha: [ '4.2.3' ],
222 silly audit   'fill-range': [ '7.1.1' ],
222 silly audit   finalhandler: [ '2.1.1' ],
222 silly audit   'fn.name': [ '1.1.0' ],
222 silly audit   'follow-redirects': [ '1.15.11' ],
222 silly audit   'foreground-child': [ '3.3.1' ],
222 silly audit   'form-data': [ '4.0.5' ],
222 silly audit   'mime-db': [ '1.52.0', '1.54.0' ],
222 silly audit   'mime-types': [ '2.1.35', '3.0.2' ],
222 silly audit   forwarded: [ '0.2.0' ],
222 silly audit   frac: [ '1.1.2' ],
222 silly audit   fresh: [ '2.0.0' ],
222 silly audit   'fs.realpath': [ '1.0.0' ],
222 silly audit   fsevents: [ '2.3.3' ],
222 silly audit   'function-bind': [ '1.1.2' ],
222 silly audit   'generate-function': [ '2.3.1' ],
222 silly audit   'get-intrinsic': [ '1.3.0' ],
222 silly audit   'get-port-please': [ '3.2.0' ],
222 silly audit   'get-proto': [ '1.0.1' ],
222 silly audit   'get-tsconfig': [ '4.13.0' ],
222 silly audit   giget: [ '2.0.0' ],
222 silly audit   glob: [ '7.2.3' ],
222 silly audit   'glob-parent': [ '5.1.2' ],
222 silly audit   gopd: [ '1.2.0' ],
222 silly audit   'graceful-fs': [ '4.2.11' ],
222 silly audit   grammex: [ '3.1.12' ],
222 silly audit   graphmatch: [ '1.1.1' ],
222 silly audit   'has-flag': [ '3.0.0' ],
222 silly audit   'has-symbols': [ '1.1.0' ],
222 silly audit   'has-tostringtag': [ '1.0.2' ],
222 silly audit   hasown: [ '2.0.2' ],
222 silly audit   hono: [ '4.11.4' ],
222 silly audit   'http-errors': [ '2.0.1' ],
222 silly audit   'http-status-codes': [ '2.3.0' ],
222 silly audit   'iconv-lite': [ '0.7.2' ],
222 silly audit   'ignore-by-default': [ '1.0.1' ],
222 silly audit   inflight: [ '1.0.6' ],
222 silly audit   inherits: [ '2.0.4' ],
222 silly audit   'ipaddr.js': [ '1.9.1' ],
222 silly audit   'is-binary-path': [ '2.1.0' ],
222 silly audit   'is-core-module': [ '2.16.1' ],
222 silly audit   'is-extglob': [ '2.1.1' ],
222 silly audit   'is-glob': [ '4.0.3' ],
222 silly audit   'is-number': [ '7.0.0' ],
222 silly audit   'is-promise': [ '4.0.0' ],
222 silly audit   'is-property': [ '1.0.2' ],
222 silly audit   'is-standalone-pwa': [ '0.1.1' ],
222 silly audit   'is-stream': [ '2.0.1' ],
222 silly audit   isexe: [ '2.0.0' ],
222 silly audit   jiti: [ '2.6.1' ],
222 silly audit   jsonwebtoken: [ '9.0.3' ],
222 silly audit   jwa: [ '2.0.1' ],
222 silly audit   jws: [ '4.0.1' ],
222 silly audit   kuler: [ '2.0.0' ],
222 silly audit   lilconfig: [ '2.1.0' ],
222 silly audit   lodash: [ '4.17.21' ],
222 silly audit   'lodash.includes': [ '4.3.0' ],
222 silly audit   'lodash.isboolean': [ '3.0.3' ],
222 silly audit   'lodash.isinteger': [ '4.0.4' ],
222 silly audit   'lodash.isnumber': [ '3.0.3' ],
222 silly audit   'lodash.isplainobject': [ '4.0.6' ],
222 silly audit   'lodash.isstring': [ '4.0.1' ],
222 silly audit   'lodash.once': [ '4.1.1' ],
222 silly audit   logform: [ '2.7.0' ],
222 silly audit   long: [ '5.3.2' ],
222 silly audit   'lru.min': [ '1.1.3' ],
222 silly audit   'make-error': [ '1.3.6' ],
222 silly audit   'math-intrinsics': [ '1.1.0' ],
222 silly audit   'media-typer': [ '1.1.0', '0.3.0' ],
222 silly audit   'merge-descriptors': [ '2.0.0' ],
222 silly audit   minimatch: [ '3.1.2' ],
222 silly audit   minimist: [ '1.2.8' ],
222 silly audit   mkdirp: [ '1.0.4', '0.5.6' ],
222 silly audit   moo: [ '0.5.2' ],
222 silly audit   ms: [ '2.1.3' ],
222 silly audit   multer: [ '2.0.2' ],
222 silly audit   'multer-storage-cloudinary': [ '4.0.0' ],
222 silly audit   'type-is': [ '1.6.18', '2.0.1' ],
222 silly audit   mysql2: [ '3.15.3' ],
222 silly audit   'named-placeholders': [ '1.1.6' ],
222 silly audit   nearley: [ '2.20.1' ],
222 silly audit   negotiator: [ '1.0.0' ],
222 silly audit   'node-fetch-native': [ '1.6.7' ],
222 silly audit   nodemailer: [ '7.0.12' ],
222 silly audit   nodemon: [ '3.1.11' ],
222 silly audit   readdirp: [ '3.6.0', '4.1.2' ],
222 silly audit   'normalize-path': [ '3.0.0' ],
222 silly audit   nypm: [ '0.6.5' ],
222 silly audit   'object-assign': [ '4.1.1' ],
222 silly audit   'object-inspect': [ '1.13.4' ],
222 silly audit   ohash: [ '2.0.11' ],
222 silly audit   'on-finished': [ '2.4.1' ],
222 silly audit   once: [ '1.4.0' ],
222 silly audit   'one-time': [ '1.0.0' ],
222 silly audit   parseurl: [ '1.3.3' ],
222 silly audit   'path-is-absolute': [ '1.0.1' ],
222 silly audit   'path-key': [ '3.1.1' ],
222 silly audit   'path-parse': [ '1.0.7' ],
222 silly audit   'path-to-regexp': [ '8.3.0' ],
222 silly audit   pathe: [ '2.0.3' ],
222 silly audit   'perfect-debounce': [ '1.0.0' ],
222 silly audit   pg: [ '8.16.3' ],
222 silly audit   'pg-cloudflare': [ '1.2.7' ],
222 silly audit   'pg-connection-string': [ '2.9.1' ],
222 silly audit   'pg-int8': [ '1.0.1' ],
222 silly audit   'pg-pool': [ '3.10.1' ],
222 silly audit   'pg-protocol': [ '1.10.3' ],
222 silly audit   'pg-types': [ '2.2.0' ],
222 silly audit   pgpass: [ '1.0.5' ],
222 silly audit   picomatch: [ '2.3.1' ],
222 silly audit   'pkg-types': [ '2.3.0' ],
222 silly audit   postgres: [ '3.4.7' ],
222 silly audit   'postgres-bytea': [ '1.0.1' ],
222 silly audit   'postgres-date': [ '1.0.7' ],
222 silly audit   'postgres-interval': [ '1.2.0' ],
222 silly audit   prisma: [ '7.4.1' ],
222 silly audit   'proper-lockfile': [ '4.1.2' ],
222 silly audit   'signal-exit': [ '3.0.7', '4.1.0' ],
222 silly audit   'proxy-addr': [ '2.0.7' ],
222 silly audit   'proxy-from-env': [ '1.1.0' ],
222 silly audit   'pstree.remy': [ '1.1.8' ],
222 silly audit   'pure-rand': [ '6.1.0' ],
222 silly audit   q: [ '1.5.1' ],
222 silly audit   qs: [ '6.14.1' ],
222 silly audit   'railroad-diagrams': [ '1.0.0' ],
222 silly audit   randexp: [ '0.4.6' ],
222 silly audit   'range-parser': [ '1.2.1' ],
222 silly audit   'raw-body': [ '3.0.2' ],
222 silly audit   rc9: [ '2.1.2' ],
222 silly audit   react: [ '19.2.4' ],
222 silly audit   'react-dom': [ '19.2.4' ],
222 silly audit   'readable-stream': [ '3.6.2' ],
222 silly audit   'regexp-to-ast': [ '0.5.0' ],
222 silly audit   remeda: [ '2.33.4' ],
222 silly audit   resolve: [ '1.22.11' ],
222 silly audit   'resolve-pkg-maps': [ '1.0.0' ],
222 silly audit   ret: [ '0.1.15' ],
222 silly audit   retry: [ '0.12.0' ],
222 silly audit   rimraf: [ '2.7.1' ],
222 silly audit   router: [ '2.2.0' ],
222 silly audit   'safe-buffer': [ '5.2.1' ],
222 silly audit   'safe-stable-stringify': [ '2.5.0' ],
222 silly audit   'safer-buffer': [ '2.1.2' ],
222 silly audit   scheduler: [ '0.27.0' ],
222 silly audit   semver: [ '7.7.3' ],
222 silly audit   send: [ '1.2.1' ],
222 silly audit   'seq-queue': [ '0.0.5' ],
222 silly audit   'serve-static': [ '2.2.1' ],
222 silly audit   setprototypeof: [ '1.2.0' ],
222 silly audit   'shebang-command': [ '2.0.0' ],
222 silly audit   'shebang-regex': [ '3.0.0' ],
222 silly audit   'side-channel': [ '1.1.0' ],
222 silly audit   'side-channel-list': [ '1.0.0' ],
222 silly audit   'side-channel-map': [ '1.0.1' ],
222 silly audit   'side-channel-weakmap': [ '1.0.2' ],
222 silly audit   'simple-update-notifier': [ '2.0.0' ],
222 silly audit   'source-map': [ '0.6.1' ],
222 silly audit   'source-map-support': [ '0.5.21' ],
222 silly audit   split2: [ '4.2.0' ],
222 silly audit   'sql-formatter': [ '15.6.12' ],
222 silly audit   sqlstring: [ '2.3.3' ],
222 silly audit   ssf: [ '0.11.2' ],
222 silly audit   'stack-trace': [ '0.0.10' ],
222 silly audit   statuses: [ '2.0.2' ],
222 silly audit   'std-env': [ '3.10.0' ],
222 silly audit   streamsearch: [ '1.1.0' ],
222 silly audit   string_decoder: [ '1.3.0' ],
222 silly audit   'strip-bom': [ '3.0.0' ],
222 silly audit   'strip-json-comments': [ '2.0.1' ],
222 silly audit   strnum: [ '2.1.2' ],
222 silly audit   'supports-color': [ '5.5.0' ],
222 silly audit   'supports-preserve-symlinks-flag': [ '1.0.0' ],
222 silly audit   'text-hex': [ '1.0.0' ],
222 silly audit   tinyexec: [ '1.0.2' ],
222 silly audit   'to-regex-range': [ '5.0.1' ],
222 silly audit   toidentifier: [ '1.0.1' ],
222 silly audit   touch: [ '3.1.1' ],
222 silly audit   'tree-kill': [ '1.2.2' ],
222 silly audit   'triple-beam': [ '1.4.1' ],
222 silly audit   'ts-node': [ '10.9.2' ],
222 silly audit   'ts-node-dev': [ '2.0.0' ],
222 silly audit   tsconfig: [ '7.0.0' ],
222 silly audit   tslib: [ '2.8.1' ],
222 silly audit   tsx: [ '4.21.0' ],
222 silly audit   typedarray: [ '0.0.6' ],
222 silly audit   typescript: [ '5.9.3' ],
222 silly audit   'ua-is-frozen': [ '0.1.2' ],
222 silly audit   'ua-parser-js': [ '2.0.7' ],
222 silly audit   undefsafe: [ '2.0.5' ],
222 silly audit   'undici-types': [ '7.16.0' ],
222 silly audit   unpipe: [ '1.0.0' ],
222 silly audit   'util-deprecate': [ '1.0.2' ],
222 silly audit   uuid: [ '13.0.0' ],
222 silly audit   'v8-compile-cache-lib': [ '3.0.1' ],
222 silly audit   valibot: [ '1.2.0' ],
222 silly audit   vary: [ '1.1.2' ],
222 silly audit   which: [ '2.0.2' ],
222 silly audit   winston: [ '3.19.0' ],
222 silly audit   'winston-transport': [ '4.9.0' ],
222 silly audit   wmf: [ '1.0.2' ],
222 silly audit   word: [ '0.3.0' ],
222 silly audit   wrappy: [ '1.0.2' ],
222 silly audit   xlsx: [ '0.18.5' ],
222 silly audit   xtend: [ '4.0.2' ],
222 silly audit   yn: [ '3.1.1' ],
222 silly audit   zeptomatch: [ '2.1.0' ]
222 silly audit }
223 verbose audit error FetchError: request to https://registry.npmjs.org/-/npm/v1/security/advisories/bulk failed, reason: 
223 verbose audit error     at ClientRequest.<anonymous> (C:\Program Files\nodejs\node_modules\npm\node_modules\minipass-fetch\lib\index.js:130:14)
223 verbose audit error     at ClientRequest.emit (node:events:508:28)
223 verbose audit error     at emitErrorEvent (node:_http_client:108:11)
223 verbose audit error     at _destroy (node:_http_client:962:9)
223 verbose audit error     at onSocketNT (node:_http_client:982:5)
223 verbose audit error     at process.processTicksAndRejections (node:internal/process/task_queues:90:21) {
223 verbose audit error   code: 'EACCES',
223 verbose audit error   errno: 'EACCES',
223 verbose audit error   type: 'system'
223 verbose audit error }
224 silly audit error undefined
225 silly audit report null
226 http cache which@https://registry.npmjs.org/which/-/which-2.0.2.tgz 2ms (cache hit)
227 http cache tsx@https://registry.npmjs.org/tsx/-/tsx-4.21.0.tgz 0ms (cache hit)
228 http cache typescript@https://registry.npmjs.org/typescript/-/typescript-5.9.3.tgz 0ms (cache hit)
229 http cache tree-kill@https://registry.npmjs.org/tree-kill/-/tree-kill-1.2.2.tgz 1ms (cache hit)
230 http cache semver@https://registry.npmjs.org/semver/-/semver-7.7.3.tgz 0ms (cache hit)
231 http cache mkdirp@https://registry.npmjs.org/mkdirp/-/mkdirp-1.0.4.tgz 0ms (cache hit)
232 http cache rimraf@https://registry.npmjs.org/rimraf/-/rimraf-2.7.1.tgz 0ms (cache hit)
233 http cache resolve@https://registry.npmjs.org/resolve/-/resolve-1.22.11.tgz 0ms (cache hit)
234 http cache jiti@https://registry.npmjs.org/jiti/-/jiti-2.6.1.tgz 0ms (cache hit)
235 http cache fast-xml-parser@https://registry.npmjs.org/fast-xml-parser/-/fast-xml-parser-5.2.5.tgz 0ms (cache hit)
236 http cache esbuild@https://registry.npmjs.org/esbuild/-/esbuild-0.27.2.tgz 0ms (cache hit)
237 http cache bcryptjs@https://registry.npmjs.org/bcryptjs/-/bcryptjs-3.0.3.tgz 0ms (cache hit)
238 http cache acorn@https://registry.npmjs.org/acorn/-/acorn-8.15.0.tgz 0ms (cache hit)
239 http cache @types/winston@https://registry.npmjs.org/@types/winston/-/winston-2.4.4.tgz 0ms (cache hit)
240 http cache @types/strip-bom@https://registry.npmjs.org/@types/strip-bom/-/strip-bom-3.0.0.tgz 0ms (cache hit)
241 http cache @types/pg@https://registry.npmjs.org/@types/pg/-/pg-8.16.0.tgz 0ms (cache hit)
242 http cache @types/strip-json-comments@https://registry.npmjs.org/@types/strip-json-comments/-/strip-json-comments-0.0.30.tgz 0ms (cache hit)
243 http cache @types/nodemailer@https://registry.npmjs.org/@types/nodemailer/-/nodemailer-7.0.5.tgz 0ms (cache hit)
244 http cache @types/node@https://registry.npmjs.org/@types/node/-/node-25.0.5.tgz 0ms (cache hit)
245 http cache @types/express-serve-static-core@https://registry.npmjs.org/@types/express-serve-static-core/-/express-serve-static-core-5.1.0.tgz 0ms (cache hit)
246 http cache @types/cookie-parser@https://registry.npmjs.org/@types/cookie-parser/-/cookie-parser-1.4.10.tgz 0ms (cache hit)
247 http cache @types/bcryptjs@https://registry.npmjs.org/@types/bcryptjs/-/bcryptjs-2.4.6.tgz 0ms (cache hit)
248 http cache @types/cors@https://registry.npmjs.org/@types/cors/-/cors-2.8.19.tgz 0ms (cache hit)
249 http cache @smithy/util-retry@https://registry.npmjs.org/@smithy/util-retry/-/util-retry-4.2.8.tgz 0ms (cache hit)
250 http cache @smithy/util-endpoints@https://registry.npmjs.org/@smithy/util-endpoints/-/util-endpoints-3.2.8.tgz 0ms (cache hit)
251 http cache @smithy/util-middleware@https://registry.npmjs.org/@smithy/util-middleware/-/util-middleware-4.2.8.tgz 0ms (cache hit)
252 http cache @smithy/util-defaults-mode-node@https://registry.npmjs.org/@smithy/util-defaults-mode-node/-/util-defaults-mode-node-4.2.26.tgz 0ms (cache hit)
253 http cache @types/multer@https://registry.npmjs.org/@types/multer/-/multer-2.0.0.tgz 0ms (cache hit)
254 http cache @smithy/util-defaults-mode-browser@https://registry.npmjs.org/@smithy/util-defaults-mode-browser/-/util-defaults-mode-browser-4.3.23.tgz 0ms (cache hit)
255 http cache @smithy/url-parser@https://registry.npmjs.org/@smithy/url-parser/-/url-parser-4.2.8.tgz 0ms (cache hit)
256 http cache @smithy/types@https://registry.npmjs.org/@smithy/types/-/types-4.12.0.tgz 0ms (cache hit)
257 http cache @smithy/smithy-client@https://registry.npmjs.org/@smithy/smithy-client/-/smithy-client-4.10.9.tgz 0ms (cache hit)
258 http cache @smithy/signature-v4@https://registry.npmjs.org/@smithy/signature-v4/-/signature-v4-5.3.8.tgz 0ms (cache hit)
259 http cache @smithy/shared-ini-file-loader@https://registry.npmjs.org/@smithy/shared-ini-file-loader/-/shared-ini-file-loader-4.4.3.tgz 0ms (cache hit)
260 http cache @smithy/util-stream@https://registry.npmjs.org/@smithy/util-stream/-/util-stream-4.5.10.tgz 0ms (cache hit)
261 http cache @smithy/service-error-classification@https://registry.npmjs.org/@smithy/service-error-classification/-/service-error-classification-4.2.8.tgz 0ms (cache hit)
262 http cache @smithy/querystring-parser@https://registry.npmjs.org/@smithy/querystring-parser/-/querystring-parser-4.2.8.tgz 0ms (cache hit)
263 http cache @smithy/querystring-builder@https://registry.npmjs.org/@smithy/querystring-builder/-/querystring-builder-4.2.8.tgz 0ms (cache hit)
264 http cache @smithy/protocol-http@https://registry.npmjs.org/@smithy/protocol-http/-/protocol-http-5.3.8.tgz 0ms (cache hit)
265 http cache @smithy/node-http-handler@https://registry.npmjs.org/@smithy/node-http-handler/-/node-http-handler-4.4.8.tgz 0ms (cache hit)
266 http cache @smithy/node-config-provider@https://registry.npmjs.org/@smithy/node-config-provider/-/node-config-provider-4.3.8.tgz 0ms (cache hit)
267 http cache @smithy/middleware-stack@https://registry.npmjs.org/@smithy/middleware-stack/-/middleware-stack-4.2.8.tgz 0ms (cache hit)
268 http cache @smithy/middleware-serde@https://registry.npmjs.org/@smithy/middleware-serde/-/middleware-serde-4.2.9.tgz 0ms (cache hit)
269 http cache @types/uuid@https://registry.npmjs.org/@types/uuid/-/uuid-10.0.0.tgz 0ms (cache hit)
270 http cache @smithy/middleware-content-length@https://registry.npmjs.org/@smithy/middleware-content-length/-/middleware-content-length-4.2.8.tgz 0ms (cache hit)
271 http cache @smithy/middleware-endpoint@https://registry.npmjs.org/@smithy/middleware-endpoint/-/middleware-endpoint-4.4.8.tgz 0ms (cache hit)
272 http cache @smithy/invalid-dependency@https://registry.npmjs.org/@smithy/invalid-dependency/-/invalid-dependency-4.2.8.tgz 0ms (cache hit)
273 http cache @smithy/hash-node@https://registry.npmjs.org/@smithy/hash-node/-/hash-node-4.2.8.tgz 0ms (cache hit)
274 http cache @smithy/fetch-http-handler@https://registry.npmjs.org/@smithy/fetch-http-handler/-/fetch-http-handler-5.3.9.tgz 0ms (cache hit)
275 http cache @smithy/credential-provider-imds@https://registry.npmjs.org/@smithy/credential-provider-imds/-/credential-provider-imds-4.2.8.tgz 0ms (cache hit)
276 http cache @smithy/core@https://registry.npmjs.org/@smithy/core/-/core-3.20.7.tgz 0ms (cache hit)
277 http cache @mrleebo/prisma-ast@https://registry.npmjs.org/@mrleebo/prisma-ast/-/prisma-ast-0.13.1.tgz 0ms (cache hit)
278 http cache @smithy/abort-controller@https://registry.npmjs.org/@smithy/abort-controller/-/abort-controller-4.2.8.tgz 0ms (cache hit)
279 http cache @smithy/config-resolver@https://registry.npmjs.org/@smithy/config-resolver/-/config-resolver-4.4.6.tgz 0ms (cache hit)
280 http cache @prisma/query-plan-executor@https://registry.npmjs.org/@prisma/query-plan-executor/-/query-plan-executor-7.2.0.tgz 0ms (cache hit)
281 http cache @prisma/get-platform@https://registry.npmjs.org/@prisma/get-platform/-/get-platform-7.2.0.tgz 0ms (cache hit)
282 http cache @smithy/middleware-retry@https://registry.npmjs.org/@smithy/middleware-retry/-/middleware-retry-4.4.24.tgz 0ms (cache hit)
283 http cache @prisma/fetch-engine@https://registry.npmjs.org/@prisma/fetch-engine/-/fetch-engine-7.4.1.tgz 0ms (cache hit)
284 http cache @prisma/studio-core@https://registry.npmjs.org/@prisma/studio-core/-/studio-core-0.13.1.tgz 0ms (cache hit)
285 http cache @prisma/driver-adapter-utils@https://registry.npmjs.org/@prisma/driver-adapter-utils/-/driver-adapter-utils-7.2.0.tgz 0ms (cache hit)
286 http cache @prisma/engines-version@https://registry.npmjs.org/@prisma/engines-version/-/engines-version-7.5.0-4.55ae170b1ced7fc6ed07a15f110549408c501bb3.tgz 0ms (cache hit)
287 http cache @prisma/engines@https://registry.npmjs.org/@prisma/engines/-/engines-7.4.1.tgz 0ms (cache hit)
288 http cache @smithy/property-provider@https://registry.npmjs.org/@smithy/property-provider/-/property-provider-4.2.8.tgz 0ms (cache hit)
289 http cache @prisma/debug@https://registry.npmjs.org/@prisma/debug/-/debug-7.2.0.tgz 0ms (cache hit)
290 http cache @prisma/dev@https://registry.npmjs.org/@prisma/dev/-/dev-0.20.0.tgz 0ms (cache hit)
291 http cache @prisma/config@https://registry.npmjs.org/@prisma/config/-/config-7.4.1.tgz 0ms (cache hit)
292 http cache @prisma/client-runtime-utils@https://registry.npmjs.org/@prisma/client-runtime-utils/-/client-runtime-utils-7.4.1.tgz 0ms (cache hit)
293 http cache @prisma/client@https://registry.npmjs.org/@prisma/client/-/client-7.4.1.tgz 0ms (cache hit)
294 http cache @prisma/adapter-pg@https://registry.npmjs.org/@prisma/adapter-pg/-/adapter-pg-7.2.0.tgz 0ms (cache hit)
295 http cache @hono/node-server@https://registry.npmjs.org/@hono/node-server/-/node-server-1.19.9.tgz 0ms (cache hit)
296 http cache @chevrotain/cst-dts-gen@https://registry.npmjs.org/@chevrotain/cst-dts-gen/-/cst-dts-gen-10.5.0.tgz 0ms (cache hit)
297 http cache @electric-sql/pglite-socket@https://registry.npmjs.org/@electric-sql/pglite-socket/-/pglite-socket-0.0.20.tgz 0ms (cache hit)
298 http cache @electric-sql/pglite-tools@https://registry.npmjs.org/@electric-sql/pglite-tools/-/pglite-tools-0.2.20.tgz 0ms (cache hit)
299 http cache @electric-sql/pglite@https://registry.npmjs.org/@electric-sql/pglite/-/pglite-0.3.15.tgz 0ms (cache hit)
300 http cache @aws-sdk/util-locate-window@https://registry.npmjs.org/@aws-sdk/util-locate-window/-/util-locate-window-3.965.2.tgz 0ms (cache hit)
301 http cache @aws-sdk/util-user-agent-node@https://registry.npmjs.org/@aws-sdk/util-user-agent-node/-/util-user-agent-node-3.971.0.tgz 0ms (cache hit)
302 http cache @chevrotain/types@https://registry.npmjs.org/@chevrotain/types/-/types-10.5.0.tgz 0ms (cache hit)
303 http cache @chevrotain/utils@https://registry.npmjs.org/@chevrotain/utils/-/utils-10.5.0.tgz 0ms (cache hit)
304 http cache @aws-sdk/xml-builder@https://registry.npmjs.org/@aws-sdk/xml-builder/-/xml-builder-3.969.0.tgz 0ms (cache hit)
305 http cache @chevrotain/gast@https://registry.npmjs.org/@chevrotain/gast/-/gast-10.5.0.tgz 0ms (cache hit)
306 http cache @aws-sdk/types@https://registry.npmjs.org/@aws-sdk/types/-/types-3.969.0.tgz 0ms (cache hit)
307 http cache @aws-sdk/util-user-agent-browser@https://registry.npmjs.org/@aws-sdk/util-user-agent-browser/-/util-user-agent-browser-3.969.0.tgz 0ms (cache hit)
308 http cache @aws-sdk/util-arn-parser@https://registry.npmjs.org/@aws-sdk/util-arn-parser/-/util-arn-parser-3.968.0.tgz 0ms (cache hit)
309 http cache @aws-sdk/token-providers@https://registry.npmjs.org/@aws-sdk/token-providers/-/token-providers-3.971.0.tgz 0ms (cache hit)
310 http cache @aws-sdk/util-endpoints@https://registry.npmjs.org/@aws-sdk/util-endpoints/-/util-endpoints-3.970.0.tgz 0ms (cache hit)
311 http cache @aws-sdk/region-config-resolver@https://registry.npmjs.org/@aws-sdk/region-config-resolver/-/region-config-resolver-3.969.0.tgz 0ms (cache hit)
312 http cache @aws-sdk/signature-v4-multi-region@https://registry.npmjs.org/@aws-sdk/signature-v4-multi-region/-/signature-v4-multi-region-3.970.0.tgz 0ms (cache hit)
313 http cache @aws-sdk/nested-clients@https://registry.npmjs.org/@aws-sdk/nested-clients/-/nested-clients-3.971.0.tgz 0ms (cache hit)
314 http cache @aws-sdk/middleware-user-agent@https://registry.npmjs.org/@aws-sdk/middleware-user-agent/-/middleware-user-agent-3.970.0.tgz 0ms (cache hit)
315 http cache @aws-sdk/middleware-recursion-detection@https://registry.npmjs.org/@aws-sdk/middleware-recursion-detection/-/middleware-recursion-detection-3.969.0.tgz 0ms (cache hit)
316 http cache @aws-sdk/middleware-sdk-s3@https://registry.npmjs.org/@aws-sdk/middleware-sdk-s3/-/middleware-sdk-s3-3.970.0.tgz 0ms (cache hit)
317 http cache @aws-sdk/credential-provider-sso@https://registry.npmjs.org/@aws-sdk/credential-provider-sso/-/credential-provider-sso-3.971.0.tgz 0ms (cache hit)
318 http cache @aws-sdk/middleware-host-header@https://registry.npmjs.org/@aws-sdk/middleware-host-header/-/middleware-host-header-3.969.0.tgz 0ms (cache hit)
319 http cache @aws-sdk/credential-provider-web-identity@https://registry.npmjs.org/@aws-sdk/credential-provider-web-identity/-/credential-provider-web-identity-3.971.0.tgz 0ms (cache hit)
320 http cache @aws-sdk/credential-provider-process@https://registry.npmjs.org/@aws-sdk/credential-provider-process/-/credential-provider-process-3.970.0.tgz 0ms (cache hit)
321 http cache @aws-sdk/credential-provider-node@https://registry.npmjs.org/@aws-sdk/credential-provider-node/-/credential-provider-node-3.971.0.tgz 0ms (cache hit)
322 http cache @aws-sdk/credential-provider-ini@https://registry.npmjs.org/@aws-sdk/credential-provider-ini/-/credential-provider-ini-3.971.0.tgz 0ms (cache hit)
323 http cache @aws-sdk/credential-provider-login@https://registry.npmjs.org/@aws-sdk/credential-provider-login/-/credential-provider-login-3.971.0.tgz 0ms (cache hit)
324 http cache @aws-sdk/credential-provider-http@https://registry.npmjs.org/@aws-sdk/credential-provider-http/-/credential-provider-http-3.970.0.tgz 0ms (cache hit)
325 http cache @aws-sdk/credential-provider-env@https://registry.npmjs.org/@aws-sdk/credential-provider-env/-/credential-provider-env-3.970.0.tgz 0ms (cache hit)
326 http cache @aws-sdk/client-sso@https://registry.npmjs.org/@aws-sdk/client-sso/-/client-sso-3.971.0.tgz 0ms (cache hit)
327 http cache @aws-sdk/core@https://registry.npmjs.org/@aws-sdk/core/-/core-3.970.0.tgz 0ms (cache hit)
328 http cache @aws/lambda-invoke-store@https://registry.npmjs.org/@aws/lambda-invoke-store/-/lambda-invoke-store-0.2.3.tgz 0ms (cache hit)
329 http cache @aws-sdk/client-sesv2@https://registry.npmjs.org/@aws-sdk/client-sesv2/-/client-sesv2-3.971.0.tgz 0ms (cache hit)
330 http cache word@https://registry.npmjs.org/word/-/word-0.3.0.tgz 0ms (cache hit)
331 http cache zeptomatch@https://registry.npmjs.org/zeptomatch/-/zeptomatch-2.1.0.tgz 0ms (cache hit)
332 http cache xlsx@https://registry.npmjs.org/xlsx/-/xlsx-0.18.5.tgz 0ms (cache hit)
333 http cache wmf@https://registry.npmjs.org/wmf/-/wmf-1.0.2.tgz 0ms (cache hit)
334 http cache winston@https://registry.npmjs.org/winston/-/winston-3.19.0.tgz 0ms (cache hit)
335 http cache uuid@https://registry.npmjs.org/uuid/-/uuid-13.0.0.tgz 0ms (cache hit)
336 http cache valibot@https://registry.npmjs.org/valibot/-/valibot-1.2.0.tgz 0ms (cache hit)
337 http cache undefsafe@https://registry.npmjs.org/undefsafe/-/undefsafe-2.0.5.tgz 0ms (cache hit)
338 http cache ua-parser-js@https://registry.npmjs.org/ua-parser-js/-/ua-parser-js-2.0.7.tgz 0ms (cache hit)
339 http cache typedarray@https://registry.npmjs.org/typedarray/-/typedarray-0.0.6.tgz 0ms (cache hit)
340 http cache ua-is-frozen@https://registry.npmjs.org/ua-is-frozen/-/ua-is-frozen-0.1.2.tgz 0ms (cache hit)
341 http cache type-is@https://registry.npmjs.org/type-is/-/type-is-2.0.1.tgz 0ms (cache hit)
342 http cache tsconfig@https://registry.npmjs.org/tsconfig/-/tsconfig-7.0.0.tgz 0ms (cache hit)
343 http cache ts-node-dev@https://registry.npmjs.org/ts-node-dev/-/ts-node-dev-2.0.0.tgz 0ms (cache hit)
344 http cache ts-node@https://registry.npmjs.org/ts-node/-/ts-node-10.9.2.tgz 0ms (cache hit)
345 http cache touch@https://registry.npmjs.org/touch/-/touch-3.1.1.tgz 0ms (cache hit)
346 http cache strnum@https://registry.npmjs.org/strnum/-/strnum-2.1.2.tgz 0ms (cache hit)
347 http cache std-env@https://registry.npmjs.org/std-env/-/std-env-3.10.0.tgz 1ms (cache hit)
348 http cache strip-json-comments@https://registry.npmjs.org/strip-json-comments/-/strip-json-comments-2.0.1.tgz 0ms (cache hit)
349 http cache ssf@https://registry.npmjs.org/ssf/-/ssf-0.11.2.tgz 1ms (cache hit)
350 http cache tinyexec@https://registry.npmjs.org/tinyexec/-/tinyexec-1.0.2.tgz 0ms (cache hit)
351 http cache sql-formatter@https://registry.npmjs.org/sql-formatter/-/sql-formatter-15.6.12.tgz 0ms (cache hit)
352 http cache sqlstring@https://registry.npmjs.org/sqlstring/-/sqlstring-2.3.3.tgz 0ms (cache hit)
353 http cache split2@https://registry.npmjs.org/split2/-/split2-4.2.0.tgz 0ms (cache hit)
354 http cache seq-queue@https://registry.npmjs.org/seq-queue/-/seq-queue-0.0.5.tgz 0ms (cache hit)
355 http cache retry@https://registry.npmjs.org/retry/-/retry-0.12.0.tgz 0ms (cache hit)
356 http cache @aws-sdk/middleware-logger@https://registry.npmjs.org/@aws-sdk/middleware-logger/-/middleware-logger-3.969.0.tgz 0ms (cache hit)
357 http cache ret@https://registry.npmjs.org/ret/-/ret-0.1.15.tgz 0ms (cache hit)
358 http cache remeda@https://registry.npmjs.org/remeda/-/remeda-2.33.4.tgz 0ms (cache hit)
359 http cache regexp-to-ast@https://registry.npmjs.org/regexp-to-ast/-/regexp-to-ast-0.5.0.tgz 0ms (cache hit)
360 http cache rc9@https://registry.npmjs.org/rc9/-/rc9-2.1.2.tgz 0ms (cache hit)
361 http cache railroad-diagrams@https://registry.npmjs.org/railroad-diagrams/-/railroad-diagrams-1.0.0.tgz 0ms (cache hit)
362 http cache randexp@https://registry.npmjs.org/randexp/-/randexp-0.4.6.tgz 0ms (cache hit)
363 http cache pstree.remy@https://registry.npmjs.org/pstree.remy/-/pstree.remy-1.1.8.tgz 0ms (cache hit)
364 http cache proper-lockfile@https://registry.npmjs.org/proper-lockfile/-/proper-lockfile-4.1.2.tgz 0ms (cache hit)
365 http cache prisma@https://registry.npmjs.org/prisma/-/prisma-7.4.1.tgz 0ms (cache hit)
366 http cache pkg-types@https://registry.npmjs.org/pkg-types/-/pkg-types-2.3.0.tgz 0ms (cache hit)
367 http cache postgres@https://registry.npmjs.org/postgres/-/postgres-3.4.7.tgz 0ms (cache hit)
368 http cache pg-pool@https://registry.npmjs.org/pg-pool/-/pg-pool-3.10.1.tgz 0ms (cache hit)
369 http cache pg-connection-string@https://registry.npmjs.org/pg-connection-string/-/pg-connection-string-2.9.1.tgz 0ms (cache hit)
370 http cache pure-rand@https://registry.npmjs.org/pure-rand/-/pure-rand-6.1.0.tgz 0ms (cache hit)
371 http cache pg-cloudflare@https://registry.npmjs.org/pg-cloudflare/-/pg-cloudflare-1.2.7.tgz 0ms (cache hit)
372 http cache pg@https://registry.npmjs.org/pg/-/pg-8.16.3.tgz 0ms (cache hit)
373 http cache perfect-debounce@https://registry.npmjs.org/perfect-debounce/-/perfect-debounce-1.0.0.tgz 0ms (cache hit)
374 http cache pathe@https://registry.npmjs.org/pathe/-/pathe-2.0.3.tgz 0ms (cache hit)
375 http cache ohash@https://registry.npmjs.org/ohash/-/ohash-2.0.11.tgz 0ms (cache hit)
376 http cache simple-update-notifier@https://registry.npmjs.org/simple-update-notifier/-/simple-update-notifier-2.0.0.tgz 0ms (cache hit)
377 http cache multer-storage-cloudinary@https://registry.npmjs.org/multer-storage-cloudinary/-/multer-storage-cloudinary-4.0.0.tgz 0ms (cache hit)
378 http cache node-fetch-native@https://registry.npmjs.org/node-fetch-native/-/node-fetch-native-1.6.7.tgz 0ms (cache hit)
379 http cache nypm@https://registry.npmjs.org/nypm/-/nypm-0.6.5.tgz 0ms (cache hit)
380 http cache nodemon@https://registry.npmjs.org/nodemon/-/nodemon-3.1.11.tgz 0ms (cache hit)
381 http cache mysql2@https://registry.npmjs.org/mysql2/-/mysql2-3.15.3.tgz 0ms (cache hit)
382 http cache pgpass@https://registry.npmjs.org/pgpass/-/pgpass-1.0.5.tgz 0ms (cache hit)
383 http cache nodemailer@https://registry.npmjs.org/nodemailer/-/nodemailer-7.0.12.tgz 0ms (cache hit)
384 http cache named-placeholders@https://registry.npmjs.org/named-placeholders/-/named-placeholders-1.1.6.tgz 0ms (cache hit)
385 http cache multer@https://registry.npmjs.org/multer/-/multer-2.0.2.tgz 0ms (cache hit)
386 http cache is-standalone-pwa@https://registry.npmjs.org/is-standalone-pwa/-/is-standalone-pwa-0.1.1.tgz 0ms (cache hit)
387 http cache is-property@https://registry.npmjs.org/is-property/-/is-property-1.0.2.tgz 0ms (cache hit)
388 http cache nearley@https://registry.npmjs.org/nearley/-/nearley-2.20.1.tgz 0ms (cache hit)
389 http cache ignore-by-default@https://registry.npmjs.org/ignore-by-default/-/ignore-by-default-1.0.1.tgz 0ms (cache hit)
390 http cache graphmatch@https://registry.npmjs.org/graphmatch/-/graphmatch-1.1.1.tgz 0ms (cache hit)
391 http cache hono@https://registry.npmjs.org/hono/-/hono-4.11.4.tgz 0ms (cache hit)
392 http cache http-status-codes@https://registry.npmjs.org/http-status-codes/-/http-status-codes-2.3.0.tgz 0ms (cache hit)
393 http cache grammex@https://registry.npmjs.org/grammex/-/grammex-3.1.12.tgz 0ms (cache hit)
394 http cache lru.min@https://registry.npmjs.org/lru.min/-/lru.min-1.1.3.tgz 0ms (cache hit)
395 http cache get-port-please@https://registry.npmjs.org/get-port-please/-/get-port-please-3.2.0.tgz 0ms (cache hit)
396 http cache frac@https://registry.npmjs.org/frac/-/frac-1.1.2.tgz 0ms (cache hit)
397 http cache moo@https://registry.npmjs.org/moo/-/moo-0.5.2.tgz 0ms (cache hit)
398 http cache fast-check@https://registry.npmjs.org/fast-check/-/fast-check-3.23.2.tgz 0ms (cache hit)
399 http cache exsolve@https://registry.npmjs.org/exsolve/-/exsolve-1.0.8.tgz 0ms (cache hit)
400 http cache giget@https://registry.npmjs.org/giget/-/giget-2.0.0.tgz 1ms (cache hit)
401 http cache empathic@https://registry.npmjs.org/empathic/-/empathic-2.0.0.tgz 0ms (cache hit)
402 http cache effect@https://registry.npmjs.org/effect/-/effect-3.18.4.tgz 0ms (cache hit)
403 http cache dynamic-dedupe@https://registry.npmjs.org/dynamic-dedupe/-/dynamic-dedupe-0.3.0.tgz 0ms (cache hit)
404 http cache dotenv@https://registry.npmjs.org/dotenv/-/dotenv-17.2.3.tgz 0ms (cache hit)
405 http cache destr@https://registry.npmjs.org/destr/-/destr-2.0.5.tgz 0ms (cache hit)
406 http cache denque@https://registry.npmjs.org/denque/-/denque-2.1.0.tgz 0ms (cache hit)
407 http cache diff@https://registry.npmjs.org/diff/-/diff-4.0.2.tgz 0ms (cache hit)
408 http cache detect-europe-js@https://registry.npmjs.org/detect-europe-js/-/detect-europe-js-0.1.2.tgz 0ms (cache hit)
409 http cache defu@https://registry.npmjs.org/defu/-/defu-6.1.4.tgz 0ms (cache hit)
410 http cache deepmerge-ts@https://registry.npmjs.org/deepmerge-ts/-/deepmerge-ts-7.1.5.tgz 0ms (cache hit)
411 http cache core-js@https://registry.npmjs.org/core-js/-/core-js-3.48.0.tgz 0ms (cache hit)
412 http cache crc-32@https://registry.npmjs.org/crc-32/-/crc-32-1.2.2.tgz 0ms (cache hit)
413 http cache cookie-parser@https://registry.npmjs.org/cookie-parser/-/cookie-parser-1.4.7.tgz 0ms (cache hit)
414 http cache discontinuous-range@https://registry.npmjs.org/discontinuous-range/-/discontinuous-range-1.0.0.tgz 0ms (cache hit)
415 http cache content-disposition@https://registry.npmjs.org/content-disposition/-/content-disposition-1.0.1.tgz 0ms (cache hit)
416 http cache generate-function@https://registry.npmjs.org/generate-function/-/generate-function-2.3.1.tgz 0ms (cache hit)
417 http cache concat-stream@https://registry.npmjs.org/concat-stream/-/concat-stream-2.0.0.tgz 0ms (cache hit)
418 http cache codepage@https://registry.npmjs.org/codepage/-/codepage-1.15.0.tgz 0ms (cache hit)
419 http cache cloudinary-core@https://registry.npmjs.org/cloudinary-core/-/cloudinary-core-2.14.0.tgz 0ms (cache hit)
420 http cache chevrotain@https://registry.npmjs.org/chevrotain/-/chevrotain-10.5.0.tgz 0ms (cache hit)
421 http cache cloudinary@https://registry.npmjs.org/cloudinary/-/cloudinary-1.41.3.tgz 0ms (cache hit)
422 http cache cfb@https://registry.npmjs.org/cfb/-/cfb-1.2.2.tgz 0ms (cache hit)
423 http cache c12@https://registry.npmjs.org/c12/-/c12-3.1.0.tgz 0ms (cache hit)
424 http cache axios@https://registry.npmjs.org/axios/-/axios-1.13.6.tgz 0ms (cache hit)
425 http cache aws-ssl-profiles@https://registry.npmjs.org/aws-ssl-profiles/-/aws-ssl-profiles-1.1.2.tgz 0ms (cache hit)
426 http cache arg@https://registry.npmjs.org/arg/-/arg-4.1.3.tgz 0ms (cache hit)
427 http cache citty@https://registry.npmjs.org/citty/-/citty-0.1.6.tgz 0ms (cache hit)
428 http cache acorn-walk@https://registry.npmjs.org/acorn-walk/-/acorn-walk-8.3.4.tgz 0ms (cache hit)
429 http cache adler-32@https://registry.npmjs.org/adler-32/-/adler-32-1.3.1.tgz 0ms (cache hit)
430 http cache @prisma/debug@https://registry.npmjs.org/@prisma/debug/-/debug-7.4.1.tgz 0ms (cache hit)
431 http cache append-field@https://registry.npmjs.org/append-field/-/append-field-1.0.0.tgz 0ms (cache hit)
432 http cache @prisma/get-platform@https://registry.npmjs.org/@prisma/get-platform/-/get-platform-7.4.1.tgz 0ms (cache hit)
433 http cache confbox@https://registry.npmjs.org/confbox/-/confbox-0.2.4.tgz 0ms (cache hit)
434 http cache @prisma/debug@https://registry.npmjs.org/@prisma/debug/-/debug-7.4.1.tgz 0ms (cache hit)
435 http cache mkdirp@https://registry.npmjs.org/mkdirp/-/mkdirp-0.5.6.tgz 0ms (cache hit)
436 http cache @prisma/get-platform@https://registry.npmjs.org/@prisma/get-platform/-/get-platform-7.4.1.tgz 0ms (cache hit)
437 http cache citty@https://registry.npmjs.org/citty/-/citty-0.2.1.tgz 0ms (cache hit)
438 http cache postgres-array@https://registry.npmjs.org/postgres-array/-/postgres-array-3.0.4.tgz 0ms (cache hit)
439 silly tarball no local data for which@https://registry.npmjs.org/which/-/which-2.0.2.tgz. Extracting by manifest.
440 silly tarball no local data for tsx@https://registry.npmjs.org/tsx/-/tsx-4.21.0.tgz. Extracting by manifest.
441 silly tarball no local data for typescript@https://registry.npmjs.org/typescript/-/typescript-5.9.3.tgz. Extracting by manifest.
442 silly tarball no local data for tree-kill@https://registry.npmjs.org/tree-kill/-/tree-kill-1.2.2.tgz. Extracting by manifest.
443 silly tarball no local data for semver@https://registry.npmjs.org/semver/-/semver-7.7.3.tgz. Extracting by manifest.
444 silly tarball no local data for mkdirp@https://registry.npmjs.org/mkdirp/-/mkdirp-1.0.4.tgz. Extracting by manifest.
445 silly tarball no local data for rimraf@https://registry.npmjs.org/rimraf/-/rimraf-2.7.1.tgz. Extracting by manifest.
446 silly tarball no local data for resolve@https://registry.npmjs.org/resolve/-/resolve-1.22.11.tgz. Extracting by manifest.
447 silly tarball no local data for jiti@https://registry.npmjs.org/jiti/-/jiti-2.6.1.tgz. Extracting by manifest.
448 silly tarball no local data for fast-xml-parser@https://registry.npmjs.org/fast-xml-parser/-/fast-xml-parser-5.2.5.tgz. Extracting by manifest.
449 silly tarball no local data for esbuild@https://registry.npmjs.org/esbuild/-/esbuild-0.27.2.tgz. Extracting by manifest.
450 silly tarball no local data for bcryptjs@https://registry.npmjs.org/bcryptjs/-/bcryptjs-3.0.3.tgz. Extracting by manifest.
451 silly tarball no local data for acorn@https://registry.npmjs.org/acorn/-/acorn-8.15.0.tgz. Extracting by manifest.
452 http cache dotenv@https://registry.npmjs.org/dotenv/-/dotenv-16.6.1.tgz 0ms (cache hit)
453 silly tarball no local data for @types/winston@https://registry.npmjs.org/@types/winston/-/winston-2.4.4.tgz. Extracting by manifest.
454 http cache cookie-signature@https://registry.npmjs.org/cookie-signature/-/cookie-signature-1.0.6.tgz 0ms (cache hit)
455 silly tarball no local data for @types/strip-bom@https://registry.npmjs.org/@types/strip-bom/-/strip-bom-3.0.0.tgz. Extracting by manifest.
456 silly tarball no local data for @types/pg@https://registry.npmjs.org/@types/pg/-/pg-8.16.0.tgz. Extracting by manifest.
457 silly tarball no local data for @types/strip-json-comments@https://registry.npmjs.org/@types/strip-json-comments/-/strip-json-comments-0.0.30.tgz. Extracting by manifest.
458 silly tarball no local data for @types/nodemailer@https://registry.npmjs.org/@types/nodemailer/-/nodemailer-7.0.5.tgz. Extracting by manifest.
459 silly tarball no local data for @types/node@https://registry.npmjs.org/@types/node/-/node-25.0.5.tgz. Extracting by manifest.
460 silly tarball no local data for @types/express-serve-static-core@https://registry.npmjs.org/@types/express-serve-static-core/-/express-serve-static-core-5.1.0.tgz. Extracting by manifest.
461 silly tarball no local data for @types/cookie-parser@https://registry.npmjs.org/@types/cookie-parser/-/cookie-parser-1.4.10.tgz. Extracting by manifest.
462 silly tarball no local data for @types/bcryptjs@https://registry.npmjs.org/@types/bcryptjs/-/bcryptjs-2.4.6.tgz. Extracting by manifest.
463 silly tarball no local data for @types/cors@https://registry.npmjs.org/@types/cors/-/cors-2.8.19.tgz. Extracting by manifest.
464 silly tarball no local data for @smithy/util-retry@https://registry.npmjs.org/@smithy/util-retry/-/util-retry-4.2.8.tgz. Extracting by manifest.
465 silly tarball no local data for @smithy/util-endpoints@https://registry.npmjs.org/@smithy/util-endpoints/-/util-endpoints-3.2.8.tgz. Extracting by manifest.
466 silly tarball no local data for @smithy/util-middleware@https://registry.npmjs.org/@smithy/util-middleware/-/util-middleware-4.2.8.tgz. Extracting by manifest.
467 silly tarball no local data for @smithy/util-defaults-mode-node@https://registry.npmjs.org/@smithy/util-defaults-mode-node/-/util-defaults-mode-node-4.2.26.tgz. Extracting by manifest.
468 silly tarball no local data for @types/multer@https://registry.npmjs.org/@types/multer/-/multer-2.0.0.tgz. Extracting by manifest.
469 silly tarball no local data for @smithy/util-defaults-mode-browser@https://registry.npmjs.org/@smithy/util-defaults-mode-browser/-/util-defaults-mode-browser-4.3.23.tgz. Extracting by manifest.
470 silly tarball no local data for @smithy/url-parser@https://registry.npmjs.org/@smithy/url-parser/-/url-parser-4.2.8.tgz. Extracting by manifest.
471 silly tarball no local data for @smithy/types@https://registry.npmjs.org/@smithy/types/-/types-4.12.0.tgz. Extracting by manifest.
472 silly tarball no local data for @smithy/smithy-client@https://registry.npmjs.org/@smithy/smithy-client/-/smithy-client-4.10.9.tgz. Extracting by manifest.
473 silly tarball no local data for @smithy/signature-v4@https://registry.npmjs.org/@smithy/signature-v4/-/signature-v4-5.3.8.tgz. Extracting by manifest.
474 silly tarball no local data for @smithy/shared-ini-file-loader@https://registry.npmjs.org/@smithy/shared-ini-file-loader/-/shared-ini-file-loader-4.4.3.tgz. Extracting by manifest.
475 silly tarball no local data for @smithy/util-stream@https://registry.npmjs.org/@smithy/util-stream/-/util-stream-4.5.10.tgz. Extracting by manifest.
476 silly tarball no local data for @smithy/service-error-classification@https://registry.npmjs.org/@smithy/service-error-classification/-/service-error-classification-4.2.8.tgz. Extracting by manifest.
477 silly tarball no local data for @smithy/querystring-parser@https://registry.npmjs.org/@smithy/querystring-parser/-/querystring-parser-4.2.8.tgz. Extracting by manifest.
478 silly tarball no local data for @smithy/querystring-builder@https://registry.npmjs.org/@smithy/querystring-builder/-/querystring-builder-4.2.8.tgz. Extracting by manifest.
479 silly tarball no local data for @smithy/protocol-http@https://registry.npmjs.org/@smithy/protocol-http/-/protocol-http-5.3.8.tgz. Extracting by manifest.
480 silly tarball no local data for @smithy/node-http-handler@https://registry.npmjs.org/@smithy/node-http-handler/-/node-http-handler-4.4.8.tgz. Extracting by manifest.
481 silly tarball no local data for @smithy/node-config-provider@https://registry.npmjs.org/@smithy/node-config-provider/-/node-config-provider-4.3.8.tgz. Extracting by manifest.
482 silly tarball no local data for @smithy/middleware-stack@https://registry.npmjs.org/@smithy/middleware-stack/-/middleware-stack-4.2.8.tgz. Extracting by manifest.
483 silly tarball no local data for @smithy/middleware-serde@https://registry.npmjs.org/@smithy/middleware-serde/-/middleware-serde-4.2.9.tgz. Extracting by manifest.
484 silly tarball no local data for @types/uuid@https://registry.npmjs.org/@types/uuid/-/uuid-10.0.0.tgz. Extracting by manifest.
485 silly tarball no local data for @smithy/middleware-content-length@https://registry.npmjs.org/@smithy/middleware-content-length/-/middleware-content-length-4.2.8.tgz. Extracting by manifest.
486 silly tarball no local data for @smithy/middleware-endpoint@https://registry.npmjs.org/@smithy/middleware-endpoint/-/middleware-endpoint-4.4.8.tgz. Extracting by manifest.
487 silly tarball no local data for @smithy/invalid-dependency@https://registry.npmjs.org/@smithy/invalid-dependency/-/invalid-dependency-4.2.8.tgz. Extracting by manifest.
488 silly tarball no local data for @smithy/hash-node@https://registry.npmjs.org/@smithy/hash-node/-/hash-node-4.2.8.tgz. Extracting by manifest.
489 silly tarball no local data for @smithy/fetch-http-handler@https://registry.npmjs.org/@smithy/fetch-http-handler/-/fetch-http-handler-5.3.9.tgz. Extracting by manifest.
490 silly tarball no local data for @smithy/credential-provider-imds@https://registry.npmjs.org/@smithy/credential-provider-imds/-/credential-provider-imds-4.2.8.tgz. Extracting by manifest.
491 silly tarball no local data for @smithy/core@https://registry.npmjs.org/@smithy/core/-/core-3.20.7.tgz. Extracting by manifest.
492 silly tarball no local data for @mrleebo/prisma-ast@https://registry.npmjs.org/@mrleebo/prisma-ast/-/prisma-ast-0.13.1.tgz. Extracting by manifest.
493 silly tarball no local data for @smithy/abort-controller@https://registry.npmjs.org/@smithy/abort-controller/-/abort-controller-4.2.8.tgz. Extracting by manifest.
494 silly tarball no local data for @smithy/config-resolver@https://registry.npmjs.org/@smithy/config-resolver/-/config-resolver-4.4.6.tgz. Extracting by manifest.
495 silly tarball no local data for @prisma/query-plan-executor@https://registry.npmjs.org/@prisma/query-plan-executor/-/query-plan-executor-7.2.0.tgz. Extracting by manifest.
496 silly tarball no local data for @prisma/get-platform@https://registry.npmjs.org/@prisma/get-platform/-/get-platform-7.2.0.tgz. Extracting by manifest.
497 silly tarball no local data for @smithy/middleware-retry@https://registry.npmjs.org/@smithy/middleware-retry/-/middleware-retry-4.4.24.tgz. Extracting by manifest.
498 silly tarball no local data for @prisma/studio-core@https://registry.npmjs.org/@prisma/studio-core/-/studio-core-0.13.1.tgz. Extracting by manifest.
499 silly tarball no local data for @prisma/fetch-engine@https://registry.npmjs.org/@prisma/fetch-engine/-/fetch-engine-7.4.1.tgz. Extracting by manifest.
500 silly tarball no local data for @prisma/driver-adapter-utils@https://registry.npmjs.org/@prisma/driver-adapter-utils/-/driver-adapter-utils-7.2.0.tgz. Extracting by manifest.
501 silly tarball no local data for @prisma/engines-version@https://registry.npmjs.org/@prisma/engines-version/-/engines-version-7.5.0-4.55ae170b1ced7fc6ed07a15f110549408c501bb3.tgz. Extracting by manifest.
502 silly tarball no local data for @prisma/engines@https://registry.npmjs.org/@prisma/engines/-/engines-7.4.1.tgz. Extracting by manifest.
503 silly tarball no local data for @smithy/property-provider@https://registry.npmjs.org/@smithy/property-provider/-/property-provider-4.2.8.tgz. Extracting by manifest.
504 silly tarball no local data for @prisma/debug@https://registry.npmjs.org/@prisma/debug/-/debug-7.2.0.tgz. Extracting by manifest.
505 silly tarball no local data for @prisma/dev@https://registry.npmjs.org/@prisma/dev/-/dev-0.20.0.tgz. Extracting by manifest.
506 silly tarball no local data for @prisma/config@https://registry.npmjs.org/@prisma/config/-/config-7.4.1.tgz. Extracting by manifest.
507 silly tarball no local data for @prisma/client-runtime-utils@https://registry.npmjs.org/@prisma/client-runtime-utils/-/client-runtime-utils-7.4.1.tgz. Extracting by manifest.
508 silly tarball no local data for @prisma/client@https://registry.npmjs.org/@prisma/client/-/client-7.4.1.tgz. Extracting by manifest.
509 silly tarball no local data for @prisma/adapter-pg@https://registry.npmjs.org/@prisma/adapter-pg/-/adapter-pg-7.2.0.tgz. Extracting by manifest.
510 silly tarball no local data for @hono/node-server@https://registry.npmjs.org/@hono/node-server/-/node-server-1.19.9.tgz. Extracting by manifest.
511 silly tarball no local data for @chevrotain/cst-dts-gen@https://registry.npmjs.org/@chevrotain/cst-dts-gen/-/cst-dts-gen-10.5.0.tgz. Extracting by manifest.
512 silly tarball no local data for @electric-sql/pglite-socket@https://registry.npmjs.org/@electric-sql/pglite-socket/-/pglite-socket-0.0.20.tgz. Extracting by manifest.
513 silly tarball no local data for @electric-sql/pglite-tools@https://registry.npmjs.org/@electric-sql/pglite-tools/-/pglite-tools-0.2.20.tgz. Extracting by manifest.
514 silly tarball no local data for @electric-sql/pglite@https://registry.npmjs.org/@electric-sql/pglite/-/pglite-0.3.15.tgz. Extracting by manifest.
515 silly tarball no local data for @aws-sdk/util-locate-window@https://registry.npmjs.org/@aws-sdk/util-locate-window/-/util-locate-window-3.965.2.tgz. Extracting by manifest.
516 silly tarball no local data for @aws-sdk/util-user-agent-node@https://registry.npmjs.org/@aws-sdk/util-user-agent-node/-/util-user-agent-node-3.971.0.tgz. Extracting by manifest.
517 silly tarball no local data for @chevrotain/types@https://registry.npmjs.org/@chevrotain/types/-/types-10.5.0.tgz. Extracting by manifest.
518 silly tarball no local data for @chevrotain/utils@https://registry.npmjs.org/@chevrotain/utils/-/utils-10.5.0.tgz. Extracting by manifest.
519 silly tarball no local data for @aws-sdk/xml-builder@https://registry.npmjs.org/@aws-sdk/xml-builder/-/xml-builder-3.969.0.tgz. Extracting by manifest.
520 silly tarball no local data for @chevrotain/gast@https://registry.npmjs.org/@chevrotain/gast/-/gast-10.5.0.tgz. Extracting by manifest.
521 silly tarball no local data for @aws-sdk/types@https://registry.npmjs.org/@aws-sdk/types/-/types-3.969.0.tgz. Extracting by manifest.
522 silly tarball no local data for @aws-sdk/util-user-agent-browser@https://registry.npmjs.org/@aws-sdk/util-user-agent-browser/-/util-user-agent-browser-3.969.0.tgz. Extracting by manifest.
523 silly tarball no local data for @aws-sdk/util-arn-parser@https://registry.npmjs.org/@aws-sdk/util-arn-parser/-/util-arn-parser-3.968.0.tgz. Extracting by manifest.
524 silly tarball no local data for @aws-sdk/token-providers@https://registry.npmjs.org/@aws-sdk/token-providers/-/token-providers-3.971.0.tgz. Extracting by manifest.
525 silly tarball no local data for @aws-sdk/util-endpoints@https://registry.npmjs.org/@aws-sdk/util-endpoints/-/util-endpoints-3.970.0.tgz. Extracting by manifest.
526 silly tarball no local data for @aws-sdk/region-config-resolver@https://registry.npmjs.org/@aws-sdk/region-config-resolver/-/region-config-resolver-3.969.0.tgz. Extracting by manifest.
527 silly tarball no local data for @aws-sdk/signature-v4-multi-region@https://registry.npmjs.org/@aws-sdk/signature-v4-multi-region/-/signature-v4-multi-region-3.970.0.tgz. Extracting by manifest.
528 silly tarball no local data for @aws-sdk/nested-clients@https://registry.npmjs.org/@aws-sdk/nested-clients/-/nested-clients-3.971.0.tgz. Extracting by manifest.
529 silly tarball no local data for @aws-sdk/middleware-user-agent@https://registry.npmjs.org/@aws-sdk/middleware-user-agent/-/middleware-user-agent-3.970.0.tgz. Extracting by manifest.
530 silly tarball no local data for @aws-sdk/middleware-recursion-detection@https://registry.npmjs.org/@aws-sdk/middleware-recursion-detection/-/middleware-recursion-detection-3.969.0.tgz. Extracting by manifest.
531 silly tarball no local data for @aws-sdk/middleware-sdk-s3@https://registry.npmjs.org/@aws-sdk/middleware-sdk-s3/-/middleware-sdk-s3-3.970.0.tgz. Extracting by manifest.
532 silly tarball no local data for @aws-sdk/credential-provider-sso@https://registry.npmjs.org/@aws-sdk/credential-provider-sso/-/credential-provider-sso-3.971.0.tgz. Extracting by manifest.
533 silly tarball no local data for @aws-sdk/middleware-host-header@https://registry.npmjs.org/@aws-sdk/middleware-host-header/-/middleware-host-header-3.969.0.tgz. Extracting by manifest.
534 silly tarball no local data for @aws-sdk/credential-provider-web-identity@https://registry.npmjs.org/@aws-sdk/credential-provider-web-identity/-/credential-provider-web-identity-3.971.0.tgz. Extracting by manifest.
535 silly tarball no local data for @aws-sdk/credential-provider-process@https://registry.npmjs.org/@aws-sdk/credential-provider-process/-/credential-provider-process-3.970.0.tgz. Extracting by manifest.
536 silly tarball no local data for @aws-sdk/credential-provider-node@https://registry.npmjs.org/@aws-sdk/credential-provider-node/-/credential-provider-node-3.971.0.tgz. Extracting by manifest.
537 silly tarball no local data for @aws-sdk/credential-provider-ini@https://registry.npmjs.org/@aws-sdk/credential-provider-ini/-/credential-provider-ini-3.971.0.tgz. Extracting by manifest.
538 silly tarball no local data for @aws-sdk/credential-provider-login@https://registry.npmjs.org/@aws-sdk/credential-provider-login/-/credential-provider-login-3.971.0.tgz. Extracting by manifest.
539 silly tarball no local data for @aws-sdk/credential-provider-http@https://registry.npmjs.org/@aws-sdk/credential-provider-http/-/credential-provider-http-3.970.0.tgz. Extracting by manifest.
540 silly tarball no local data for @aws-sdk/credential-provider-env@https://registry.npmjs.org/@aws-sdk/credential-provider-env/-/credential-provider-env-3.970.0.tgz. Extracting by manifest.
541 silly tarball no local data for @aws-sdk/client-sso@https://registry.npmjs.org/@aws-sdk/client-sso/-/client-sso-3.971.0.tgz. Extracting by manifest.
542 silly tarball no local data for @aws-sdk/core@https://registry.npmjs.org/@aws-sdk/core/-/core-3.970.0.tgz. Extracting by manifest.
543 silly tarball no local data for @aws/lambda-invoke-store@https://registry.npmjs.org/@aws/lambda-invoke-store/-/lambda-invoke-store-0.2.3.tgz. Extracting by manifest.
544 silly tarball no local data for @aws-sdk/client-sesv2@https://registry.npmjs.org/@aws-sdk/client-sesv2/-/client-sesv2-3.971.0.tgz. Extracting by manifest.
545 silly tarball no local data for word@https://registry.npmjs.org/word/-/word-0.3.0.tgz. Extracting by manifest.
546 silly tarball no local data for zeptomatch@https://registry.npmjs.org/zeptomatch/-/zeptomatch-2.1.0.tgz. Extracting by manifest.
547 silly tarball no local data for xlsx@https://registry.npmjs.org/xlsx/-/xlsx-0.18.5.tgz. Extracting by manifest.
548 silly tarball no local data for wmf@https://registry.npmjs.org/wmf/-/wmf-1.0.2.tgz. Extracting by manifest.
549 silly tarball no local data for winston@https://registry.npmjs.org/winston/-/winston-3.19.0.tgz. Extracting by manifest.
550 silly tarball no local data for uuid@https://registry.npmjs.org/uuid/-/uuid-13.0.0.tgz. Extracting by manifest.
551 silly tarball no local data for valibot@https://registry.npmjs.org/valibot/-/valibot-1.2.0.tgz. Extracting by manifest.
552 silly tarball no local data for undefsafe@https://registry.npmjs.org/undefsafe/-/undefsafe-2.0.5.tgz. Extracting by manifest.
553 silly tarball no local data for ua-parser-js@https://registry.npmjs.org/ua-parser-js/-/ua-parser-js-2.0.7.tgz. Extracting by manifest.
554 silly tarball no local data for typedarray@https://registry.npmjs.org/typedarray/-/typedarray-0.0.6.tgz. Extracting by manifest.
555 silly tarball no local data for ua-is-frozen@https://registry.npmjs.org/ua-is-frozen/-/ua-is-frozen-0.1.2.tgz. Extracting by manifest.
556 silly tarball no local data for type-is@https://registry.npmjs.org/type-is/-/type-is-2.0.1.tgz. Extracting by manifest.
557 silly tarball no local data for tsconfig@https://registry.npmjs.org/tsconfig/-/tsconfig-7.0.0.tgz. Extracting by manifest.
558 silly tarball no local data for ts-node-dev@https://registry.npmjs.org/ts-node-dev/-/ts-node-dev-2.0.0.tgz. Extracting by manifest.
559 silly tarball no local data for ts-node@https://registry.npmjs.org/ts-node/-/ts-node-10.9.2.tgz. Extracting by manifest.
560 silly tarball no local data for touch@https://registry.npmjs.org/touch/-/touch-3.1.1.tgz. Extracting by manifest.
561 silly tarball no local data for strnum@https://registry.npmjs.org/strnum/-/strnum-2.1.2.tgz. Extracting by manifest.
562 silly tarball no local data for std-env@https://registry.npmjs.org/std-env/-/std-env-3.10.0.tgz. Extracting by manifest.
563 silly tarball no local data for strip-json-comments@https://registry.npmjs.org/strip-json-comments/-/strip-json-comments-2.0.1.tgz. Extracting by manifest.
564 silly tarball no local data for ssf@https://registry.npmjs.org/ssf/-/ssf-0.11.2.tgz. Extracting by manifest.
565 silly tarball no local data for tinyexec@https://registry.npmjs.org/tinyexec/-/tinyexec-1.0.2.tgz. Extracting by manifest.
566 silly tarball no local data for sql-formatter@https://registry.npmjs.org/sql-formatter/-/sql-formatter-15.6.12.tgz. Extracting by manifest.
567 silly tarball no local data for sqlstring@https://registry.npmjs.org/sqlstring/-/sqlstring-2.3.3.tgz. Extracting by manifest.
568 silly tarball no local data for split2@https://registry.npmjs.org/split2/-/split2-4.2.0.tgz. Extracting by manifest.
569 silly tarball no local data for seq-queue@https://registry.npmjs.org/seq-queue/-/seq-queue-0.0.5.tgz. Extracting by manifest.
570 silly tarball no local data for retry@https://registry.npmjs.org/retry/-/retry-0.12.0.tgz. Extracting by manifest.
571 silly tarball no local data for @aws-sdk/middleware-logger@https://registry.npmjs.org/@aws-sdk/middleware-logger/-/middleware-logger-3.969.0.tgz. Extracting by manifest.
572 silly tarball no local data for ret@https://registry.npmjs.org/ret/-/ret-0.1.15.tgz. Extracting by manifest.
573 silly tarball no local data for remeda@https://registry.npmjs.org/remeda/-/remeda-2.33.4.tgz. Extracting by manifest.
574 silly tarball no local data for regexp-to-ast@https://registry.npmjs.org/regexp-to-ast/-/regexp-to-ast-0.5.0.tgz. Extracting by manifest.
575 silly tarball no local data for rc9@https://registry.npmjs.org/rc9/-/rc9-2.1.2.tgz. Extracting by manifest.
576 silly tarball no local data for railroad-diagrams@https://registry.npmjs.org/railroad-diagrams/-/railroad-diagrams-1.0.0.tgz. Extracting by manifest.
577 silly tarball no local data for randexp@https://registry.npmjs.org/randexp/-/randexp-0.4.6.tgz. Extracting by manifest.
578 silly tarball no local data for pstree.remy@https://registry.npmjs.org/pstree.remy/-/pstree.remy-1.1.8.tgz. Extracting by manifest.
579 silly tarball no local data for proper-lockfile@https://registry.npmjs.org/proper-lockfile/-/proper-lockfile-4.1.2.tgz. Extracting by manifest.
580 silly tarball no local data for prisma@https://registry.npmjs.org/prisma/-/prisma-7.4.1.tgz. Extracting by manifest.
581 silly tarball no local data for pkg-types@https://registry.npmjs.org/pkg-types/-/pkg-types-2.3.0.tgz. Extracting by manifest.
582 silly tarball no local data for postgres@https://registry.npmjs.org/postgres/-/postgres-3.4.7.tgz. Extracting by manifest.
583 silly tarball no local data for pg-pool@https://registry.npmjs.org/pg-pool/-/pg-pool-3.10.1.tgz. Extracting by manifest.
584 silly tarball no local data for pg-connection-string@https://registry.npmjs.org/pg-connection-string/-/pg-connection-string-2.9.1.tgz. Extracting by manifest.
585 silly tarball no local data for pure-rand@https://registry.npmjs.org/pure-rand/-/pure-rand-6.1.0.tgz. Extracting by manifest.
586 silly tarball no local data for pg-cloudflare@https://registry.npmjs.org/pg-cloudflare/-/pg-cloudflare-1.2.7.tgz. Extracting by manifest.
587 silly tarball no local data for pg@https://registry.npmjs.org/pg/-/pg-8.16.3.tgz. Extracting by manifest.
588 silly tarball no local data for perfect-debounce@https://registry.npmjs.org/perfect-debounce/-/perfect-debounce-1.0.0.tgz. Extracting by manifest.
589 silly tarball no local data for pathe@https://registry.npmjs.org/pathe/-/pathe-2.0.3.tgz. Extracting by manifest.
590 silly tarball no local data for ohash@https://registry.npmjs.org/ohash/-/ohash-2.0.11.tgz. Extracting by manifest.
591 silly tarball no local data for simple-update-notifier@https://registry.npmjs.org/simple-update-notifier/-/simple-update-notifier-2.0.0.tgz. Extracting by manifest.
592 silly tarball no local data for multer-storage-cloudinary@https://registry.npmjs.org/multer-storage-cloudinary/-/multer-storage-cloudinary-4.0.0.tgz. Extracting by manifest.
593 silly tarball no local data for node-fetch-native@https://registry.npmjs.org/node-fetch-native/-/node-fetch-native-1.6.7.tgz. Extracting by manifest.
594 silly tarball no local data for nypm@https://registry.npmjs.org/nypm/-/nypm-0.6.5.tgz. Extracting by manifest.
595 silly tarball no local data for nodemon@https://registry.npmjs.org/nodemon/-/nodemon-3.1.11.tgz. Extracting by manifest.
596 silly tarball no local data for mysql2@https://registry.npmjs.org/mysql2/-/mysql2-3.15.3.tgz. Extracting by manifest.
597 silly tarball no local data for pgpass@https://registry.npmjs.org/pgpass/-/pgpass-1.0.5.tgz. Extracting by manifest.
598 silly tarball no local data for nodemailer@https://registry.npmjs.org/nodemailer/-/nodemailer-7.0.12.tgz. Extracting by manifest.
599 silly tarball no local data for named-placeholders@https://registry.npmjs.org/named-placeholders/-/named-placeholders-1.1.6.tgz. Extracting by manifest.
600 silly tarball no local data for multer@https://registry.npmjs.org/multer/-/multer-2.0.2.tgz. Extracting by manifest.
601 silly tarball no local data for is-standalone-pwa@https://registry.npmjs.org/is-standalone-pwa/-/is-standalone-pwa-0.1.1.tgz. Extracting by manifest.
602 silly tarball no local data for is-property@https://registry.npmjs.org/is-property/-/is-property-1.0.2.tgz. Extracting by manifest.
603 silly tarball no local data for nearley@https://registry.npmjs.org/nearley/-/nearley-2.20.1.tgz. Extracting by manifest.
604 silly tarball no local data for ignore-by-default@https://registry.npmjs.org/ignore-by-default/-/ignore-by-default-1.0.1.tgz. Extracting by manifest.
605 silly tarball no local data for graphmatch@https://registry.npmjs.org/graphmatch/-/graphmatch-1.1.1.tgz. Extracting by manifest.
606 silly tarball no local data for hono@https://registry.npmjs.org/hono/-/hono-4.11.4.tgz. Extracting by manifest.
607 silly tarball no local data for http-status-codes@https://registry.npmjs.org/http-status-codes/-/http-status-codes-2.3.0.tgz. Extracting by manifest.
608 silly tarball no local data for grammex@https://registry.npmjs.org/grammex/-/grammex-3.1.12.tgz. Extracting by manifest.
609 silly tarball no local data for lru.min@https://registry.npmjs.org/lru.min/-/lru.min-1.1.3.tgz. Extracting by manifest.
610 silly tarball no local data for get-port-please@https://registry.npmjs.org/get-port-please/-/get-port-please-3.2.0.tgz. Extracting by manifest.
611 silly tarball no local data for frac@https://registry.npmjs.org/frac/-/frac-1.1.2.tgz. Extracting by manifest.
612 silly tarball no local data for moo@https://registry.npmjs.org/moo/-/moo-0.5.2.tgz. Extracting by manifest.
613 silly tarball no local data for fast-check@https://registry.npmjs.org/fast-check/-/fast-check-3.23.2.tgz. Extracting by manifest.
614 silly tarball no local data for exsolve@https://registry.npmjs.org/exsolve/-/exsolve-1.0.8.tgz. Extracting by manifest.
615 silly tarball no local data for giget@https://registry.npmjs.org/giget/-/giget-2.0.0.tgz. Extracting by manifest.
616 silly tarball no local data for empathic@https://registry.npmjs.org/empathic/-/empathic-2.0.0.tgz. Extracting by manifest.
617 silly tarball no local data for effect@https://registry.npmjs.org/effect/-/effect-3.18.4.tgz. Extracting by manifest.
618 silly tarball no local data for dynamic-dedupe@https://registry.npmjs.org/dynamic-dedupe/-/dynamic-dedupe-0.3.0.tgz. Extracting by manifest.
619 silly tarball no local data for dotenv@https://registry.npmjs.org/dotenv/-/dotenv-17.2.3.tgz. Extracting by manifest.
620 silly tarball no local data for destr@https://registry.npmjs.org/destr/-/destr-2.0.5.tgz. Extracting by manifest.
621 silly tarball no local data for denque@https://registry.npmjs.org/denque/-/denque-2.1.0.tgz. Extracting by manifest.
622 silly tarball no local data for diff@https://registry.npmjs.org/diff/-/diff-4.0.2.tgz. Extracting by manifest.
623 silly tarball no local data for detect-europe-js@https://registry.npmjs.org/detect-europe-js/-/detect-europe-js-0.1.2.tgz. Extracting by manifest.
624 silly tarball no local data for defu@https://registry.npmjs.org/defu/-/defu-6.1.4.tgz. Extracting by manifest.
625 silly tarball no local data for deepmerge-ts@https://registry.npmjs.org/deepmerge-ts/-/deepmerge-ts-7.1.5.tgz. Extracting by manifest.
626 silly tarball no local data for core-js@https://registry.npmjs.org/core-js/-/core-js-3.48.0.tgz. Extracting by manifest.
627 silly tarball no local data for crc-32@https://registry.npmjs.org/crc-32/-/crc-32-1.2.2.tgz. Extracting by manifest.
628 silly tarball no local data for cookie-parser@https://registry.npmjs.org/cookie-parser/-/cookie-parser-1.4.7.tgz. Extracting by manifest.
629 silly tarball no local data for discontinuous-range@https://registry.npmjs.org/discontinuous-range/-/discontinuous-range-1.0.0.tgz. Extracting by manifest.
630 silly tarball no local data for content-disposition@https://registry.npmjs.org/content-disposition/-/content-disposition-1.0.1.tgz. Extracting by manifest.
631 silly tarball no local data for generate-function@https://registry.npmjs.org/generate-function/-/generate-function-2.3.1.tgz. Extracting by manifest.
632 silly tarball no local data for concat-stream@https://registry.npmjs.org/concat-stream/-/concat-stream-2.0.0.tgz. Extracting by manifest.
633 silly tarball no local data for codepage@https://registry.npmjs.org/codepage/-/codepage-1.15.0.tgz. Extracting by manifest.
634 silly tarball no local data for cloudinary-core@https://registry.npmjs.org/cloudinary-core/-/cloudinary-core-2.14.0.tgz. Extracting by manifest.
635 silly tarball no local data for chevrotain@https://registry.npmjs.org/chevrotain/-/chevrotain-10.5.0.tgz. Extracting by manifest.
636 silly tarball no local data for cloudinary@https://registry.npmjs.org/cloudinary/-/cloudinary-1.41.3.tgz. Extracting by manifest.
637 silly tarball no local data for cfb@https://registry.npmjs.org/cfb/-/cfb-1.2.2.tgz. Extracting by manifest.
638 silly tarball no local data for c12@https://registry.npmjs.org/c12/-/c12-3.1.0.tgz. Extracting by manifest.
639 silly tarball no local data for axios@https://registry.npmjs.org/axios/-/axios-1.13.6.tgz. Extracting by manifest.
640 silly tarball no local data for aws-ssl-profiles@https://registry.npmjs.org/aws-ssl-profiles/-/aws-ssl-profiles-1.1.2.tgz. Extracting by manifest.
641 silly tarball no local data for arg@https://registry.npmjs.org/arg/-/arg-4.1.3.tgz. Extracting by manifest.
642 silly tarball no local data for citty@https://registry.npmjs.org/citty/-/citty-0.1.6.tgz. Extracting by manifest.
643 silly tarball no local data for acorn-walk@https://registry.npmjs.org/acorn-walk/-/acorn-walk-8.3.4.tgz. Extracting by manifest.
644 silly tarball no local data for adler-32@https://registry.npmjs.org/adler-32/-/adler-32-1.3.1.tgz. Extracting by manifest.
645 silly tarball no local data for @prisma/debug@https://registry.npmjs.org/@prisma/debug/-/debug-7.4.1.tgz. Extracting by manifest.
646 silly tarball no local data for append-field@https://registry.npmjs.org/append-field/-/append-field-1.0.0.tgz. Extracting by manifest.
647 silly tarball no local data for @prisma/get-platform@https://registry.npmjs.org/@prisma/get-platform/-/get-platform-7.4.1.tgz. Extracting by manifest.
648 silly tarball no local data for confbox@https://registry.npmjs.org/confbox/-/confbox-0.2.4.tgz. Extracting by manifest.
649 silly tarball no local data for @prisma/debug@https://registry.npmjs.org/@prisma/debug/-/debug-7.4.1.tgz. Extracting by manifest.
650 silly tarball no local data for mkdirp@https://registry.npmjs.org/mkdirp/-/mkdirp-0.5.6.tgz. Extracting by manifest.
651 silly tarball no local data for @prisma/get-platform@https://registry.npmjs.org/@prisma/get-platform/-/get-platform-7.4.1.tgz. Extracting by manifest.
652 silly tarball no local data for citty@https://registry.npmjs.org/citty/-/citty-0.2.1.tgz. Extracting by manifest.
653 silly tarball no local data for postgres-array@https://registry.npmjs.org/postgres-array/-/postgres-array-3.0.4.tgz. Extracting by manifest.
654 silly tarball no local data for dotenv@https://registry.npmjs.org/dotenv/-/dotenv-16.6.1.tgz. Extracting by manifest.
655 silly tarball no local data for cookie-signature@https://registry.npmjs.org/cookie-signature/-/cookie-signature-1.0.6.tgz. Extracting by manifest.
656 http fetch GET https://registry.npmjs.org/which/-/which-2.0.2.tgz attempt 1 failed with EACCES
657 http fetch GET https://registry.npmjs.org/tsx/-/tsx-4.21.0.tgz attempt 1 failed with EACCES
658 http fetch GET https://registry.npmjs.org/typescript/-/typescript-5.9.3.tgz attempt 1 failed with EACCES
659 http fetch GET https://registry.npmjs.org/tree-kill/-/tree-kill-1.2.2.tgz attempt 1 failed with EACCES
660 http fetch GET https://registry.npmjs.org/semver/-/semver-7.7.3.tgz attempt 1 failed with EACCES
661 http fetch GET https://registry.npmjs.org/mkdirp/-/mkdirp-1.0.4.tgz attempt 1 failed with EACCES
662 http fetch GET https://registry.npmjs.org/rimraf/-/rimraf-2.7.1.tgz attempt 1 failed with EACCES
663 http fetch GET https://registry.npmjs.org/resolve/-/resolve-1.22.11.tgz attempt 1 failed with EACCES
664 http fetch GET https://registry.npmjs.org/jiti/-/jiti-2.6.1.tgz attempt 1 failed with EACCES
665 http fetch GET https://registry.npmjs.org/fast-xml-parser/-/fast-xml-parser-5.2.5.tgz attempt 1 failed with EACCES
666 http fetch GET https://registry.npmjs.org/esbuild/-/esbuild-0.27.2.tgz attempt 1 failed with EACCES
667 http fetch GET https://registry.npmjs.org/bcryptjs/-/bcryptjs-3.0.3.tgz attempt 1 failed with EACCES
668 http fetch GET https://registry.npmjs.org/acorn/-/acorn-8.15.0.tgz attempt 1 failed with EACCES
669 http fetch GET https://registry.npmjs.org/@types/winston/-/winston-2.4.4.tgz attempt 1 failed with EACCES
670 http fetch GET https://registry.npmjs.org/@types/strip-bom/-/strip-bom-3.0.0.tgz attempt 1 failed with EACCES
671 http fetch GET https://registry.npmjs.org/npm attempt 2 failed with EACCES
672 http fetch GET https://registry.npmjs.org/which/-/which-2.0.2.tgz attempt 2 failed with EACCES
673 http fetch GET https://registry.npmjs.org/tsx/-/tsx-4.21.0.tgz attempt 2 failed with EACCES
674 http fetch GET https://registry.npmjs.org/typescript/-/typescript-5.9.3.tgz attempt 2 failed with EACCES
675 http fetch GET https://registry.npmjs.org/tree-kill/-/tree-kill-1.2.2.tgz attempt 2 failed with EACCES
676 http fetch GET https://registry.npmjs.org/semver/-/semver-7.7.3.tgz attempt 2 failed with EACCES
677 http fetch GET https://registry.npmjs.org/mkdirp/-/mkdirp-1.0.4.tgz attempt 2 failed with EACCES
678 http fetch GET https://registry.npmjs.org/rimraf/-/rimraf-2.7.1.tgz attempt 2 failed with EACCES
679 http fetch GET https://registry.npmjs.org/resolve/-/resolve-1.22.11.tgz attempt 2 failed with EACCES
680 http fetch GET https://registry.npmjs.org/jiti/-/jiti-2.6.1.tgz attempt 2 failed with EACCES
681 http fetch GET https://registry.npmjs.org/fast-xml-parser/-/fast-xml-parser-5.2.5.tgz attempt 2 failed with EACCES
682 http fetch GET https://registry.npmjs.org/esbuild/-/esbuild-0.27.2.tgz attempt 2 failed with EACCES
683 http fetch GET https://registry.npmjs.org/bcryptjs/-/bcryptjs-3.0.3.tgz attempt 2 failed with EACCES
684 http fetch GET https://registry.npmjs.org/acorn/-/acorn-8.15.0.tgz attempt 2 failed with EACCES
685 http fetch GET https://registry.npmjs.org/@types/winston/-/winston-2.4.4.tgz attempt 2 failed with EACCES
686 http fetch GET https://registry.npmjs.org/@types/strip-bom/-/strip-bom-3.0.0.tgz attempt 2 failed with EACCES
687 http fetch GET https://registry.npmjs.org/npm attempt 3 failed with EACCES
688 http fetch GET https://registry.npmjs.org/which/-/which-2.0.2.tgz attempt 3 failed with EACCES
689 http fetch GET https://registry.npmjs.org/tsx/-/tsx-4.21.0.tgz attempt 3 failed with EACCES
690 http fetch GET https://registry.npmjs.org/typescript/-/typescript-5.9.3.tgz attempt 3 failed with EACCES
691 http fetch GET https://registry.npmjs.org/tree-kill/-/tree-kill-1.2.2.tgz attempt 3 failed with EACCES
692 http fetch GET https://registry.npmjs.org/semver/-/semver-7.7.3.tgz attempt 3 failed with EACCES
693 http fetch GET https://registry.npmjs.org/mkdirp/-/mkdirp-1.0.4.tgz attempt 3 failed with EACCES
694 http fetch GET https://registry.npmjs.org/rimraf/-/rimraf-2.7.1.tgz attempt 3 failed with EACCES
695 http fetch GET https://registry.npmjs.org/resolve/-/resolve-1.22.11.tgz attempt 3 failed with EACCES
696 http fetch GET https://registry.npmjs.org/jiti/-/jiti-2.6.1.tgz attempt 3 failed with EACCES
697 http fetch GET https://registry.npmjs.org/fast-xml-parser/-/fast-xml-parser-5.2.5.tgz attempt 3 failed with EACCES
698 http fetch GET https://registry.npmjs.org/esbuild/-/esbuild-0.27.2.tgz attempt 3 failed with EACCES
699 http fetch GET https://registry.npmjs.org/bcryptjs/-/bcryptjs-3.0.3.tgz attempt 3 failed with EACCES
700 http fetch GET https://registry.npmjs.org/acorn/-/acorn-8.15.0.tgz attempt 3 failed with EACCES
701 http fetch GET https://registry.npmjs.org/@types/winston/-/winston-2.4.4.tgz attempt 3 failed with EACCES
702 http fetch GET https://registry.npmjs.org/@types/strip-bom/-/strip-bom-3.0.0.tgz attempt 3 failed with EACCES
703 verbose cwd C:\Users\HP\OneDrive\Documents\GitHub\ICTD Lab
704 verbose os Windows_NT 10.0.26200
705 verbose node v24.11.1
706 verbose npm  v11.6.2
707 error Exit handler never called!
708 error This is an error with npm itself. Please report this error at:
709 error   <https://github.com/npm/cli/issues>
710 verbose exit 1
711 verbose code 1
712 error A complete log of this run can be found in: C:\Users\HP\OneDrive\Documents\GitHub\ICTD Lab\.npm-cache\_logs\2026-05-29T07_59_24_144Z-debug-0.log
